idx,t_ms,ts,mpu_ok,dht_ok,gps_fix,ax_g,ay_g,az_g,gx_dps,gy_dps,gz_dps,mpuTempC,pitch_deg,roll_deg,dhtTempC,dhtHum,lat,lon,v_mps,a_mps2,yellow_light_decision,tracker_id,frame_index
34449,1763939,20251210_140821,True,False,True,0.0046,-1.9299,-0.3879,-4.3817,-13.7939,3.5496,28.39,-0.14,-101.37,,,25.062834,121.54409,11.008,-0.01,0,yellow_go_001,34449
34450,1763989,20251210_140821,True,False,True,-0.2124,-2.0,-0.3774,-1.1298,5.8626,2.2748,28.39,5.96,-100.69,,,25.062834,121.54409,11.008,-0.01,0,yellow_go_001,34450
34451,1764040,20251210_140821,True,True,True,-0.0305,-2.0,-0.2158,3.9237,-1.8473,3.0916,28.34,0.87,-96.16,25.3,44.0,25.062834,121.54409,11.008,-0.01,0,yellow_go_001,34451
34452,1764111,20251210_140821,True,False,True,-0.0806,-2.0,-0.2158,-4.542,-15.3282,1.8015,28.39,2.29,-96.16,,,25.062834,121.54409,11.008,-0.01,0,yellow_go_001,34452
34453,1764161,20251210_140821,True,False,True,-0.2017,-2.0,-0.1912,-1.2443,-12.4198,3.145,28.39,5.73,-95.46,,,25.062834,121.54409,11.008,-0.01,0,yellow_go_001,34453
34454,1764211,20251210_140821,True,False,True,-0.1064,-1.9927,-0.29,-6.5954,-0.9695,-2.0763,28.44,3.03,-98.28,,,25.062834,121.54409,11.008,-0.01,0,yellow_go_001,34454
34455,1764260,20251210_140821,True,False,True,-0.0212,-2.0,-0.3276,-9.0611,-2.5038,-1.6412,28.25,0.6,-99.3,,,25.062834,121.54409,11.008,-0.01,0,yellow_go_001,34455
34456,1764311,20251210_140821,True,False,True,-0.1709,-2.0,-0.3257,-7.3664,-1.7634,-0.0076,28.34,4.82,-99.25,,,25.062834,121.54409,11.008,-0.01,0,yellow_go_001,34456
34457,1764361,20251210_140821,True,False,True,-0.001,-1.9287,-0.3628,-7.2977,-4.7023,-0.9313,28.39,0.03,-100.65,,,25.062834,121.54409,11.008,-0.01,0,yellow_go_001,34457
34458,1764410,20251210_140821,True,False,True,-0.1216,-2.0,-0.3625,-2.4885,-0.3359,0.7252,28.39,3.42,-100.27,,,25.062834,121.54409,11.008,-0.01,0,yellow_go_001,34458
34459,1764463,20251210_140821,True,False,True,-0.0046,-2.0,-0.3396,1.2519,-0.7634,1.2672,28.29,0.13,-99.64,,,25.062834,121.54409,11.008,-0.01,0,yellow_go_001,34459
34460,1764513,20251210_140821,True,False,True,-0.1758,-2.0,-0.2974,-1.2901,-0.9313,0.2595,28.25,4.97,-98.46,,,25.062834,121.54409,11.008,-0.01,0,yellow_go_001,34460
34461,1764562,20251210_140821,True,False,True,-0.0803,-2.0,-0.2649,-4.5802,-7.1298,-1.3282,28.34,2.28,-97.54,,,25.062834,121.54409,11.008,-0.01,0,yellow_go_001,34461
34462,1764612,20251210_140821,True,False,True,-0.0496,-2.0,-0.3149,-2.6947,1.3282,-0.8397,28.34,1.4,-98.95,,,25.062834,121.54409,11.008,-0.01,0,yellow_go_001,34462
34463,1764662,20251210_140821,True,False,True,-0.1577,-2.0,-0.2512,-2.626,-4.0611,1.4427,28.39,4.47,-97.16,,,25.062834,121.54409,11.008,-0.01,0,yellow_go_001,34463
34464,1764711,20251210_140821,True,False,True,-0.0581,-2.0,-0.2737,-3.5573,-3.7099,-1.145,28.39,1.65,-97.79,,,25.062834,121.54409,11.008,-0.01,0,yellow_go_001,34464
34465,1764762,20251210_140821,True,False,True,-0.178,-2.0,-0.2937,-5.1069,-1.7786,-1.6336,28.34,5.03,-98.35,,,25.062834,121.54409,11.008,-0.01,0,yellow_go_001,34465
34466,1764812,20251210_140821,True,False,True,-0.0308,-2.0,-0.3291,-1.6565,-0.6107,-2.0763,28.25,0.87,-99.34,,,25.062834,121.54409,11.008,-0.01,0,yellow_go_001,34466
34467,1764861,20251210_140821,True,False,True,-0.0452,-2.0,-0.2004,-4.4122,-3.9771,-0.9924,28.34,1.29,-95.72,,,25.062834,121.54409,11.008,-0.01,0,yellow_go_001,34467
34468,1764911,20251210_140821,True,False,True,-0.1357,-2.0,-0.2207,-4.9008,-7.4351,0.5802,28.34,3.86,-96.3,,,25.062834,121.54409,11.008,-0.01,0,yellow_go_001,34468
34469,1764962,20251210_140822,True,False,True,-0.103,-1.959,-0.2207,-7.8931,-1.7939,-1.6641,28.29,2.99,-96.43,,,25.062737,121.544121,10.815,-0.188,0,yellow_go_001,34469
34470,1765011,20251210_140822,True,False,True,-0.0701,-2.0,-0.2441,-8.5954,-0.1221,-2.7863,28.29,1.99,-96.96,,,25.062737,121.544121,10.815,-0.188,0,yellow_go_001,34470
34471,1765061,20251210_140822,True,True,True,-0.0762,-2.0,-0.2441,-6.4733,-0.8473,-2.0992,28.25,2.17,-96.96,25.3,44.0,25.062737,121.544121,10.815,-0.188,0,yellow_go_001,34471
34472,1765112,20251210_140822,True,False,True,-0.0823,-1.9648,-0.2202,-7.6489,-6.2824,-1.9008,28.34,2.38,-96.39,,,25.062737,121.544121,10.815,-0.188,0,yellow_go_001,34472
34473,1765161,20251210_140822,True,False,True,-0.0046,-2.0,-0.1772,-2.6794,-5.7939,0.084,28.39,0.13,-95.06,,,25.062737,121.544121,10.815,-0.188,0,yellow_go_001,34473
34474,1765211,20251210_140822,True,False,True,-0.0352,-2.0,-0.2124,-3.084,-4.4275,0.6031,28.34,1.0,-96.06,,,25.062737,121.544121,10.815,-0.188,0,yellow_go_001,34474
34475,1765261,20251210_140822,True,False,True,-0.1528,-2.0,-0.2151,-7.4733,-3.9008,0.2214,28.34,4.34,-96.14,,,25.062737,121.544121,10.815,-0.188,0,yellow_go_001,34475
34476,1765310,20251210_140822,True,False,True,0.043,-2.0,-0.2874,-6.3282,1.5115,-0.7405,28.34,-1.22,-98.18,,,25.062737,121.544121,10.815,-0.188,0,yellow_go_001,34476
34477,1765360,20251210_140822,True,False,True,-0.2183,-1.969,-0.199,-6.145,-4.9389,2.3053,28.39,6.29,-95.77,,,25.062737,121.544121,10.815,-0.188,0,yellow_go_001,34477
34478,1765410,20251210_140822,True,False,True,0.0703,-2.0,-0.2134,-4.3588,1.4885,0.6641,28.29,-2.0,-96.09,,,25.062737,121.544121,10.815,-0.188,0,yellow_go_001,34478
34479,1765459,20251210_140822,True,False,True,-0.075,-2.0,-0.2148,-7.1374,-6.6641,2.3435,28.39,2.13,-96.13,,,25.062737,121.544121,10.815,-0.188,0,yellow_go_001,34479
34480,1765509,20251210_140822,True,False,True,-0.1277,-1.9783,-0.1624,-11.4885,0.3664,0.1527,28.34,3.68,-94.69,,,25.062737,121.544121,10.815,-0.188,0,yellow_go_001,34480
34481,1765562,20251210_140822,True,False,True,0.0579,-2.0,-0.2747,-3.1527,-7.9313,2.2137,28.34,-1.64,-97.82,,,25.062737,121.544121,10.815,-0.188,0,yellow_go_001,34481
34482,1765611,20251210_140822,True,False,True,-0.0776,-1.9836,-0.2087,-5.0076,-1.9618,2.9389,27.49,2.23,-96.01,,,25.062737,121.544121,10.815,-0.188,0,yellow_go_001,34482
34483,1765661,20251210_140822,True,False,True,-0.0337,-2.0,-0.1809,-5.8855,-4.6489,4.7557,28.95,0.96,-95.17,,,25.062737,121.544121,10.815,-0.188,0,yellow_go_001,34483
34484,1765711,20251210_140822,True,False,True,-0.2456,-2.0,-0.2161,-6.9237,-2.3817,5.7939,28.29,6.96,-96.17,,,25.062737,121.544121,10.815,-0.188,0,yellow_go_001,34484
34485,1765761,20251210_140822,True,False,True,-0.0378,-2.0,-0.2698,-7.084,0.9695,1.7023,28.29,1.07,-97.68,,,25.062737,121.544121,10.815,-0.188,0,yellow_go_001,34485
34486,1765811,20251210_140822,True,False,True,-0.0549,-1.9065,-0.2346,-6.2595,-3.9771,0.5878,28.34,1.64,-97.02,,,25.062737,121.544121,10.815,-0.188,0,yellow_go_001,34486
34487,1765861,20251210_140822,True,False,True,-0.0684,-2.0,-0.1653,-5.1679,-0.6336,1.626,28.34,1.95,-94.72,,,25.062737,121.544121,10.815,-0.188,0,yellow_go_001,34487
34488,1765910,20251210_140822,True,False,True,-0.1021,-2.0,-0.1536,-1.6947,-3.916,4.7405,28.25,2.91,-94.39,,,25.062737,121.544121,10.815,-0.188,0,yellow_go_001,34488
34489,1765960,20251210_140823,True,False,True,-0.1492,-2.0,-0.1536,-5.1527,-3.4427,2.0153,28.29,4.25,-94.39,,,25.062643,121.544159,10.782,-0.033,0,yellow_go_001,34489
34490,1766010,20251210_140823,True,False,True,-0.1047,-2.0,-0.2322,-7.5115,-6.458,1.4809,28.34,2.98,-96.62,,,25.062643,121.544159,10.782,-0.033,0,yellow_go_001,34490
34491,1766059,20251210_140823,True,False,True,-0.2278,-2.0,-0.2322,-7.5115,-3.0229,1.7863,28.34,6.45,-96.62,,,25.062643,121.544159,10.782,-0.033,0,yellow_go_001,34491
34492,1766109,20251210_140823,True,True,True,-0.0554,-2.0,-0.3572,-7.8092,10.3893,-3.4046,28.29,1.56,-100.13,25.3,44.0,25.062643,121.544159,10.782,-0.033,0,yellow_go_001,34492
34493,1766181,20251210_140823,True,False,True,0.0806,-1.9038,-0.27,-7.0305,-2.9771,-3.1145,28.29,-2.4,-98.07,,,25.062643,121.544159,10.782,-0.033,0,yellow_go_001,34493
34494,1766231,20251210_140823,True,False,True,0.0166,-2.0,-0.3286,-9.5496,-11.2061,2.9237,28.39,-0.47,-99.33,,,25.062643,121.544159,10.782,-0.033,0,yellow_go_001,34494
34495,1766281,20251210_140823,True,False,True,-0.2461,-2.0,-0.3406,0.5802,11.0534,3.8397,28.25,6.92,-99.66,,,25.062643,121.544159,10.782,-0.033,0,yellow_go_001,34495
34496,1766331,20251210_140823,True,False,True,-0.2195,-2.0,-0.041,-1.7481,2.3817,-1.1908,28.34,6.26,-91.17,,,25.062643,121.544159,10.782,-0.033,0,yellow_go_001,34496
34497,1766379,20251210_140823,True,False,True,-0.0264,-2.0,-0.1609,-4.4122,-18.8015,2.1756,28.29,0.75,-94.6,,,25.062643,121.544159,10.782,-0.033,0,yellow_go_001,34497
34498,1766429,20251210_140823,True,False,True,0.019,-2.0,-0.2192,-8.1603,-1.6412,-3.0305,27.54,-0.54,-96.26,,,25.062643,121.544159,10.782,-0.033,0,yellow_go_001,34498
34499,1766478,20251210_140823,True,False,True,-0.1033,-2.0,-0.2268,-9.5115,-8.5115,2.4656,28.2,2.94,-96.47,,,25.062643,121.544159,10.782,-0.033,0,yellow_go_001,34499
34500,1766544,20251210_140823,True,False,True,-0.082,-2.0,-0.2803,-1.9618,7.2137,1.1756,28.29,2.33,-97.98,,,25.062643,121.544159,10.782,-0.033,0,yellow_go_001,34500
34501,1766594,20251210_140823,True,False,True,0.0867,-1.8357,-0.3042,-6.0687,-14.229,4.0382,28.25,-2.67,-99.41,,,25.062643,121.544159,10.782,-0.033,0,yellow_go_001,34501
34502,1766644,20251210_140823,True,False,True,-0.0857,-2.0,-0.3684,-6.0687,-14.229,4.0382,28.25,2.41,-100.44,,,25.062643,121.544159,10.782,-0.033,0,yellow_go_001,34502
34503,1766694,20251210_140823,True,False,True,-0.1355,-2.0,-0.2363,1.5573,10.9618,3.7176,27.49,3.85,-96.74,,,25.062643,121.544159,10.782,-0.033,0,yellow_go_001,34503
34504,1766744,20251210_140823,True,False,True,-0.0657,-1.9883,-0.2998,-3.771,-7.8397,1.1298,28.2,1.87,-98.57,,,25.062643,121.544159,10.782,-0.033,0,yellow_go_001,34504
34505,1766793,20251210_140823,True,False,True,-0.0845,-2.0,-0.2634,-3.4733,1.5267,-1.771,28.29,2.4,-97.5,,,25.062643,121.544159,10.782,-0.033,0,yellow_go_001,34505
34506,1766843,20251210_140823,True,False,True,-0.0557,-2.0,-0.2285,-5.6641,-7.4809,0.9389,28.25,1.58,-96.52,,,25.062643,121.544159,10.782,-0.033,0,yellow_go_001,34506
34507,1766894,20251210_140823,True,False,True,-0.0933,-2.0,-0.2605,-7.6183,-2.3511,-0.7863,28.34,2.65,-97.42,,,25.062643,121.544159,10.782,-0.033,0,yellow_go_001,34507
34508,1766943,20251210_140824,True,False,True,-0.0308,-2.0,-0.2605,-7.855,-4.6947,1.7023,28.34,0.87,-97.42,,,25.06255,121.544189,11.135,0.358,0,yellow_go_001,34508
34509,1766994,20251210_140824,True,False,True,-0.0881,-1.9087,-0.2913,-3.8855,0.5267,0.1679,28.29,2.61,-98.68,,,25.06255,121.544189,11.135,0.358,0,yellow_go_001,34509
34510,1767045,20251210_140824,True,False,True,-0.1147,-2.0,-0.2698,-3.8855,0.5267,0.1679,28.29,3.25,-97.68,,,25.06255,121.544189,11.135,0.358,0,yellow_go_001,34510
34511,1767094,20251210_140824,True,False,True,-0.0576,-1.9363,-0.2073,-0.6412,-3.0992,-1.1527,28.34,1.69,-96.11,,,25.06255,121.544189,11.135,0.358,0,yellow_go_001,34511
34512,1767144,20251210_140824,True,True,True,-0.0986,-2.0,-0.2932,-3.3588,-2.4504,-0.145,28.29,2.79,-98.34,25.3,44.0,25.06255,121.544189,11.135,0.358,0,yellow_go_001,34512
34513,1767195,20251210_140824,True,False,True,0.0002,-2.0,-0.498,-6.9771,-0.5878,2.0382,28.25,-0.01,-103.98,,,25.06255,121.544189,11.135,0.358,0,yellow_go_001,34513
34514,1767244,20251210_140824,True,False,True,-0.1367,-1.8855,-0.3806,-14.5496,-1.0305,-2.4275,28.39,4.07,-101.41,,,25.06255,121.544189,11.135,0.358,0,yellow_go_001,34514
34515,1767295,20251210_140824,True,False,True,-0.1814,-2.0,-0.1702,-3.8855,6.5878,-1.9695,28.29,5.16,-94.86,,,25.06255,121.544189,11.135,0.358,0,yellow_go_001,34515
34516,1767345,20251210_140824,True,False,True,-0.24,-2.0,-0.197,-1.6947,-7.9847,1.1374,28.29,6.81,-95.63,,,25.06255,121.544189,11.135,0.358,0,yellow_go_001,34516
34517,1767400,20251210_140824,True,False,True,-0.2139,-2.0,-0.1958,-8.7786,0.4809,-5.0763,28.39,6.07,-95.59,,,25.06255,121.544189,11.135,0.358,0,yellow_go_001,34517
34518,1767450,20251210_140824,True,False,True,-0.1145,-2.0,-0.3035,-9.5191,-5.8931,-4.374,28.29,3.24,-98.63,,,25.06255,121.544189,11.135,0.358,0,yellow_go_001,34518
34519,1767500,20251210_140824,True,False,True,-0.0823,-1.824,-0.3706,-14.6183,-2.6489,-6.5267,28.29,2.53,-101.49,,,25.06255,121.544189,11.135,0.358,0,yellow_go_001,34519
34520,1767549,20251210_140824,True,False,True,0.0754,-2.0,-0.2607,0.0534,-2.458,0.6107,28.34,-2.14,-97.43,,,25.06255,121.544189,11.135,0.358,0,yellow_go_001,34520
34521,1767599,20251210_140824,True,False,True,-0.1763,-2.0,-0.1694,3.8015,-2.8397,0.1145,28.34,5.02,-94.84,,,25.06255,121.544189,11.135,0.358,0,yellow_go_001,34521
34522,1767649,20251210_140824,True,False,True,-0.0139,-2.0,-0.229,-1.0992,-5.1985,-2.0305,28.44,0.4,-96.53,,,25.06255,121.544189,11.135,0.358,0,yellow_go_001,34522
34523,1767698,20251210_140824,True,False,True,-0.071,-2.0,-0.1855,-6.1832,-0.4046,-0.8015,28.29,2.03,-95.3,,,25.06255,121.544189,11.135,0.358,0,yellow_go_001,34523
34524,1767748,20251210_140824,True,False,True,-0.0991,-1.9163,-0.2556,-10.145,-2.9237,-1.8321,28.29,2.94,-97.6,,,25.06255,121.544189,11.135,0.358,0,yellow_go_001,34524
34525,1767799,20251210_140824,True,False,True,-0.2036,-2.0,-0.1934,-11.2443,2.4275,-1.7023,28.39,5.79,-95.52,,,25.06255,121.544189,11.135,0.358,0,yellow_go_001,34525
34526,1767847,20251210_140824,True,False,True,0.0505,-2.0,-0.2305,-4.5649,-2.2443,-5.8092,28.25,-1.44,-96.57,,,25.06255,121.544189,11.135,0.358,0,yellow_go_001,34526
34527,1767897,20251210_140824,True,False,True,-0.1311,-1.9658,-0.2214,-10.542,-12.6565,-2.7023,28.25,3.79,-96.43,,,25.06255,121.544189,11.135,0.358,0,yellow_go_001,34527
34528,1767947,20251210_140825,True,False,True,0.03,-2.0,-0.2214,-2.5191,-0.8321,-1.9618,28.34,-0.85,-96.32,,,25.06246,121.54422,10.93,-0.203,0,yellow_go_001,34528
34529,1767996,20251210_140825,True,False,True,-0.301,-1.9619,-0.2219,-1.4046,1.687,-1.3206,28.29,8.67,-96.45,,,25.06246,121.54422,10.93,-0.203,0,yellow_go_001,34529
34530,1768047,20251210_140825,True,False,True,-0.0371,-1.9849,-0.2219,-1.5573,-0.4656,-2.8168,28.29,1.06,-96.38,,,25.06246,121.54422,10.93,-0.203,0,yellow_go_001,34530
34531,1768102,20251210_140825,True,False,True,0.0161,-1.9094,-0.0725,5.6183,-8.5267,2.1145,28.34,-0.48,-92.17,,,25.06246,121.54422,10.93,-0.203,0,yellow_go_001,34531
34532,1768151,20251210_140825,True,True,True,0.1025,-1.8794,-0.1348,-3.4427,-0.3817,-0.6031,28.34,-3.11,-94.1,25.4,44.0,25.06246,121.54422,10.93,-0.203,0,yellow_go_001,34532
34533,1768224,20251210_140825,True,False,True,-0.1174,-2.0,-0.2297,-3.4427,-5.2748,1.7099,28.34,3.34,-96.55,,,25.06246,121.54422,10.93,-0.203,0,yellow_go_001,34533
34534,1768274,20251210_140825,True,False,True,-0.0005,-2.0,-0.1758,-7.9847,-5.0534,-1.5115,28.29,0.01,-95.02,,,25.06246,121.54422,10.93,-0.203,0,yellow_go_001,34534
34535,1768324,20251210_140825,True,False,True,-0.0427,-1.9543,-0.2251,-8.3282,-2.4733,-0.3969,28.29,1.24,-96.57,,,25.06246,121.54422,10.93,-0.203,0,yellow_go_001,34535
34536,1768374,20251210_140825,True,False,True,0.0269,-1.9739,-0.2405,-2.9313,-3.771,2.2824,28.2,-0.77,-96.95,,,25.06246,121.54422,10.93,-0.203,0,yellow_go_001,34536
34537,1768424,20251210_140825,True,False,True,-0.0818,-2.0,-0.1919,-1.687,-2.0534,3.0382,28.29,2.33,-95.48,,,25.06246,121.54422,10.93,-0.203,0,yellow_go_001,34537
34538,1768498,20251210_140825,True,False,True,-0.1042,-2.0,-0.1311,-1.5573,-2.9542,2.1603,28.39,2.98,-93.75,,,25.06246,121.54422,10.93,-0.203,0,yellow_go_001,34538
34539,1768548,20251210_140825,True,False,True,-0.0928,-2.0,-0.1326,-4.9695,0.9084,-0.1985,28.25,2.65,-93.79,,,25.06246,121.54422,10.93,-0.203,0,yellow_go_001,34539
34540,1768598,20251210_140825,True,False,True,-0.0859,-2.0,-0.188,-5.1756,-4.3817,0.9618,28.34,2.45,-95.37,,,25.06246,121.54422,10.93,-0.203,0,yellow_go_001,34540
34541,1768646,20251210_140825,True,False,True,-0.0164,-2.0,-0.1594,-4.7634,0.4275,-0.0229,28.34,0.47,-94.56,,,25.06246,121.54422,10.93,-0.203,0,yellow_go_001,34541
34542,1768696,20251210_140825,True,False,True,-0.1472,-2.0,-0.1892,-6.3817,-6.8244,2.1145,28.29,4.19,-95.4,,,25.06246,121.54422,10.93,-0.203,0,yellow_go_001,34542
34543,1768746,20251210_140825,True,False,True,-0.0195,-2.0,-0.1565,-3.2977,4.0382,-0.7023,28.29,0.56,-94.47,,,25.06246,121.54422,10.93,-0.203,0,yellow_go_001,34543
34544,1768796,20251210_140825,True,False,True,-0.0481,-1.9919,-0.165,-5.0076,-6.1374,0.084,28.39,1.38,-94.74,,,25.06246,121.54422,10.93,-0.203,0,yellow_go_001,34544
34545,1768846,20251210_140825,True,False,True,-0.0442,-2.0,-0.2197,-6.3511,0.1679,0.1374,28.25,1.26,-96.27,,,25.06246,121.54422,10.93,-0.203,0,yellow_go_001,34545
34546,1768896,20251210_140825,True,False,True,-0.0825,-2.0,-0.2021,-8.4198,-3.0992,-1.1298,28.44,2.35,-95.77,,,25.06246,121.54422,10.93,-0.203,0,yellow_go_001,34546
34547,1768944,20251210_140826,True,False,True,-0.0459,-2.0,-0.2021,-5.1374,-3.2214,-0.1908,28.34,1.31,-95.77,,,25.062357,121.544235,11.002,0.072,0,yellow_go_001,34547
34548,1768994,20251210_140826,True,False,True,-0.0471,-2.0,-0.2471,-10.1832,-0.9771,-2.0229,28.34,1.34,-97.04,,,25.062357,121.544235,11.002,0.072,0,yellow_go_001,34548
34549,1769044,20251210_140826,True,False,True,-0.0769,-2.0,-0.2471,-7.7786,-4.1145,-1.4733,28.39,2.19,-97.04,,,25.062357,121.544235,11.002,0.072,0,yellow_go_001,34549
34550,1769093,20251210_140826,True,False,True,-0.042,-2.0,-0.1689,-4.5649,-1.0534,-1.0229,28.25,1.2,-94.83,,,25.062357,121.544235,11.002,0.072,0,yellow_go_001,34550
34551,1769143,20251210_140826,True,False,True,-0.03,-1.9829,-0.0879,-0.5115,-3.9466,-0.3053,28.39,0.87,-92.54,,,25.062357,121.544235,11.002,0.072,0,yellow_go_001,34551
34552,1769195,20251210_140826,True,True,True,-0.0598,-2.0,-0.1848,-1.8931,-3.8244,1.6565,28.29,1.71,-95.28,25.4,44.0,25.062357,121.544235,11.002,0.072,0,yellow_go_001,34552
34553,1769245,20251210_140826,True,False,True,-0.0374,-2.0,-0.1284,-3.1527,5.626,-0.1985,28.34,1.07,-93.67,,,25.062357,121.544235,11.002,0.072,0,yellow_go_001,34553
34554,1769295,20251210_140826,True,False,True,0.0217,-1.9277,-0.0669,-3.1832,-14.4962,2.2214,28.34,-0.65,-91.99,,,25.062357,121.544235,11.002,0.072,0,yellow_go_001,34554
34555,1769343,20251210_140826,True,False,True,-0.1013,-1.9661,-0.1602,-3.1374,3.2748,1.3206,28.25,2.94,-94.66,,,25.062357,121.544235,11.002,0.072,0,yellow_go_001,34555
34556,1769394,20251210_140826,True,False,True,-0.0229,-2.0,-0.0964,-6.0687,0.4427,2.0305,28.25,0.66,-92.76,,,25.062357,121.544235,11.002,0.072,0,yellow_go_001,34556
34557,1769444,20251210_140826,True,False,True,-0.104,-1.978,-0.2451,-12.1069,-2.6336,-1.2901,28.29,2.99,-97.06,,,25.062357,121.544235,11.002,0.072,0,yellow_go_001,34557
34558,1769493,20251210_140826,True,False,True,0.1416,-2.0,-0.3333,-12.4504,1.4733,-0.4656,28.2,-3.99,-99.46,,,25.062357,121.544235,11.002,0.072,0,yellow_go_001,34558
34559,1769554,20251210_140826,True,False,True,-0.1135,-2.0,-0.3491,-9.6947,0.1603,3.5954,28.34,3.2,-99.9,,,25.062357,121.544235,11.002,0.072,0,yellow_go_001,34559
34560,1769604,20251210_140826,True,False,True,-0.0061,-2.0,-0.3557,-8.7099,-5.8244,-0.6947,28.34,0.17,-100.08,,,25.062357,121.544235,11.002,0.072,0,yellow_go_001,34560
34561,1769653,20251210_140826,True,False,True,-0.0388,-2.0,-0.1895,-1.2901,-1.2366,0.7176,28.44,1.11,-95.41,,,25.062357,121.544235,11.002,0.072,0,yellow_go_001,34561
34562,1769703,20251210_140826,True,False,True,-0.0833,-2.0,-0.1003,6.9771,-4.8473,3.5573,28.34,2.38,-92.87,,,25.062357,121.544235,11.002,0.072,0,yellow_go_001,34562
34563,1769753,20251210_140826,True,False,True,-0.0793,-1.9824,-0.0762,0.4885,-1.8168,0.7863,28.34,2.29,-92.2,,,25.062357,121.544235,11.002,0.072,0,yellow_go_001,34563
34564,1769801,20251210_140826,True,False,True,-0.0408,-2.0,-0.0522,-0.855,-1.6718,0.6489,28.29,1.17,-91.5,,,25.062357,121.544235,11.002,0.072,0,yellow_go_001,34564
34565,1769851,20251210_140826,True,False,True,-0.0522,-2.0,-0.1096,-3.855,-2.3282,1.2824,28.29,1.49,-93.14,,,25.062357,121.544235,11.002,0.072,0,yellow_go_001,34565
34566,1769901,20251210_140826,True,False,True,-0.052,-1.9697,-0.134,-8.916,2.6107,-0.7099,28.29,1.51,-93.89,,,25.062357,121.544235,11.002,0.072,0,yellow_go_001,34566
34567,1769952,20251210_140827,True,False,True,-0.0076,-2.0,-0.2434,-8.916,-6.916,1.6794,28.34,0.22,-96.94,,,25.06226,121.544205,11.116,0.113,0,yellow_go_001,34567
34568,1770002,20251210_140827,True,False,True,-0.0081,-2.0,-0.2295,-7.3588,2.2824,1.1679,28.34,0.23,-96.55,,,25.06226,121.544205,11.116,0.113,0,yellow_go_001,34568
34569,1770052,20251210_140827,True,False,True,-0.0718,-2.0,-0.2295,-8.145,-4.2137,1.7099,28.29,2.04,-96.55,,,25.06226,121.544205,11.116,0.113,0,yellow_go_001,34569
34570,1770101,20251210_140827,True,False,True,-0.0659,-2.0,-0.2322,-5.3435,-0.4351,1.5802,28.34,1.88,-96.62,,,25.06226,121.544205,11.116,0.113,0,yellow_go_001,34570
34571,1770151,20251210_140827,True,False,True,-0.0566,-2.0,-0.2073,-5.6641,-5.4046,3.0382,28.29,1.61,-95.92,,,25.06226,121.544205,11.116,0.113,0,yellow_go_001,34571
34572,1770201,20251210_140827,True,True,True,-0.02,-2.0,-0.1812,-4.2061,-0.145,1.4733,28.39,0.57,-95.18,25.4,44.0,25.06226,121.544205,11.116,0.113,0,yellow_go_001,34572
34573,1770272,20251210_140827,True,False,True,-0.145,-2.0,-0.1956,-4.6336,-7.771,2.855,28.34,4.13,-95.58,,,25.06226,121.544205,11.116,0.113,0,yellow_go_001,34573
34574,1770322,20251210_140827,True,False,True,-0.0259,-2.0,-0.2112,-4.6336,-1.1374,1.1069,28.34,0.74,-96.03,,,25.06226,121.544205,11.116,0.113,0,yellow_go_001,34574
34575,1770372,20251210_140827,True,False,True,-0.095,-2.0,-0.2268,-5.1985,-5.1908,1.8931,28.29,2.7,-96.47,,,25.06226,121.544205,11.116,0.113,0,yellow_go_001,34575
34576,1770420,20251210_140827,True,False,True,0.0151,-2.0,-0.231,-5.145,-0.5878,1.3817,28.34,-0.43,-96.59,,,25.06226,121.544205,11.116,0.113,0,yellow_go_001,34576
34577,1770472,20251210_140827,True,False,True,-0.1509,-2.0,-0.2668,-7.8092,-5.5878,2.687,28.29,4.28,-97.6,,,25.06226,121.544205,11.116,0.113,0,yellow_go_001,34577
34578,1770525,20251210_140827,True,False,True,-0.1021,-2.0,-0.314,-6.0076,-2.9466,1.145,28.95,2.89,-98.92,,,25.06226,121.544205,11.116,0.113,0,yellow_go_001,34578
34579,1770573,20251210_140827,True,False,True,-0.0488,-2.0,-0.3037,-3.7328,-2.3969,-0.0305,28.29,1.38,-98.63,,,25.06226,121.544205,11.116,0.113,0,yellow_go_001,34579
34580,1770623,20251210_140827,True,False,True,-0.0273,-1.9927,-0.2668,-5.855,-2.1756,-0.0611,28.25,0.78,-97.63,,,25.06226,121.544205,11.116,0.113,0,yellow_go_001,34580
34581,1770673,20251210_140827,True,False,True,-0.1609,-2.0,-0.2351,-4.374,-4.7481,1.6718,28.34,4.57,-96.7,,,25.06226,121.544205,11.116,0.113,0,yellow_go_001,34581
34582,1770721,20251210_140827,True,False,True,-0.0381,-2.0,-0.251,-1.9695,0.2519,0.7557,28.34,1.08,-97.15,,,25.06226,121.544205,11.116,0.113,0,yellow_go_001,34582
34583,1770771,20251210_140827,True,False,True,-0.0583,-2.0,-0.3003,-6.626,-1.2137,-1.3588,28.29,1.65,-98.54,,,25.06226,121.544205,11.116,0.113,0,yellow_go_001,34583
34584,1770821,20251210_140827,True,False,True,-0.0291,-2.0,-0.3491,-5.6336,-1.6794,-0.9542,28.29,0.82,-99.9,,,25.06226,121.544205,11.116,0.113,0,yellow_go_001,34584
34585,1770872,20251210_140827,True,False,True,-0.0007,-2.0,-0.3235,-4.6794,-3.5878,0.5496,28.44,0.02,-99.19,,,25.06226,121.544205,11.116,0.113,0,yellow_go_001,34585
34586,1770922,20251210_140827,True,False,True,-0.0164,-2.0,-0.3628,-3.5649,0.7786,0.6718,28.34,0.46,-100.28,,,25.06226,121.544205,11.116,0.113,0,yellow_go_001,34586
34587,1770972,20251210_140828,True,False,True,0.0835,-1.9143,-0.3628,-6.3969,-2.9695,-0.9924,28.34,-2.45,-100.73,,,25.062151,121.544189,11.428,0.306,0,yellow_go_001,34587
34588,1771021,20251210_140828,True,False,True,-0.2329,-1.8301,-0.1028,-9.3206,-7.3282,1.3359,28.34,7.24,-93.21,,,25.062151,121.544189,11.428,0.306,0,yellow_go_001,34588
34589,1771072,20251210_140828,True,False,True,0.0237,-2.0,-0.1028,-4.8244,-1.9389,0.5649,28.29,-0.68,-92.94,,,25.062151,121.544189,11.428,0.306,0,yellow_go_001,34589
34590,1771122,20251210_140828,True,False,True,-0.0896,-1.9854,-0.2378,-8.5954,-0.0305,-0.2595,28.29,2.57,-96.83,,,25.062151,121.544189,11.428,0.306,0,yellow_go_001,34590
34591,1771171,20251210_140828,True,False,True,0.0557,-1.9641,-0.5212,-11.4733,-5.916,-0.1221,28.34,-1.57,-104.86,,,25.062151,121.544189,11.428,0.306,0,yellow_go_001,34591
34592,1771221,20251210_140828,True,True,True,-0.2156,-2.0,-0.3765,-8.7939,-0.8473,0.8244,28.34,6.05,-100.66,25.4,44.0,25.062151,121.544189,11.428,0.306,0,yellow_go_001,34592
34593,1771271,20251210_140828,True,False,True,-0.0408,-2.0,-0.3437,0.0992,-5.0,1.7176,28.25,1.15,-99.75,,,25.062151,121.544189,11.428,0.306,0,yellow_go_001,34593
34594,1771320,20251210_140828,True,False,True,-0.0342,-2.0,-0.3623,0.7099,4.7328,-0.5649,28.39,0.96,-100.27,,,25.062151,121.544189,11.428,0.306,0,yellow_go_001,34594
34595,1771370,20251210_140828,True,False,True,0.145,-2.0,-0.3591,2.2443,-11.4351,0.6718,28.2,-4.08,-100.18,,,25.062151,121.544189,11.428,0.306,0,yellow_go_001,34595
34596,1771448,20251210_140828,True,False,True,-0.1443,-2.0,-0.2224,-9.1221,-7.6336,0.0687,28.29,4.1,-96.35,,,25.062151,121.544189,11.428,0.306,0,yellow_go_001,34596
34597,1771498,20251210_140828,True,False,True,-0.2002,-1.929,-0.2844,-10.7099,-8.5802,-1.2977,28.34,5.86,-98.39,,,25.062151,121.544189,11.428,0.306,0,yellow_go_001,34597
34598,1771548,20251210_140828,True,False,True,0.0872,-1.9121,-0.2764,-6.4122,0.4122,-1.7863,28.39,-2.58,-98.22,,,25.062151,121.544189,11.428,0.306,0,yellow_go_001,34598
34599,1771597,20251210_140828,True,False,True,0.011,-2.0,-0.2258,5.9084,-7.5573,6.8702,28.39,-0.31,-96.44,,,25.062151,121.544189,11.428,0.306,0,yellow_go_001,34599
34600,1771647,20251210_140828,True,False,True,-0.1287,-2.0,-0.3779,-12.1832,2.6565,0.2595,28.2,3.62,-100.7,,,25.062151,121.544189,11.428,0.306,0,yellow_go_001,34600
34601,1771697,20251210_140828,True,False,True,0.0898,-2.0,-0.313,-14.2366,-9.6336,-0.4733,28.34,-2.54,-98.89,,,25.062151,121.544189,11.428,0.306,0,yellow_go_001,34601
34602,1771746,20251210_140828,True,False,True,-0.165,-2.0,-0.394,-7.9924,-8.3817,5.5496,28.34,4.63,-101.15,,,25.062151,121.544189,11.428,0.306,0,yellow_go_001,34602
34603,1771796,20251210_140828,True,False,True,-0.3408,-1.8411,-0.1689,-8.855,1.7481,2.4275,28.29,10.45,-95.24,,,25.062151,121.544189,11.428,0.306,0,yellow_go_001,34603
34604,1771846,20251210_140828,True,False,True,-0.1309,-2.0,-0.1614,4.5573,-12.2824,7.2595,28.29,3.73,-94.61,,,25.062151,121.544189,11.428,0.306,0,yellow_go_001,34604
34605,1771894,20251210_140828,True,False,True,0.0266,-1.8364,-0.1125,-5.8473,0.3053,-2.458,28.29,-0.83,-93.51,,,25.062151,121.544189,11.428,0.306,0,yellow_go_001,34605
34606,1771944,20251210_140829,True,False,True,0.0156,-2.0,-0.1125,-14.1908,-10.8855,0.7023,28.34,-0.45,-93.22,,,25.062033,121.544189,11.904,0.49,0,yellow_go_001,34606
34607,1771995,20251210_140829,True,False,True,-0.2661,-1.9849,-0.1387,-13.5038,0.2519,1.3511,28.25,7.62,-94.0,,,25.062033,121.544189,11.904,0.49,0,yellow_go_001,34607
34608,1772043,20251210_140829,True,False,True,-0.0742,-2.0,-0.3564,-11.6489,-13.3206,0.6183,28.34,2.09,-100.11,,,25.062033,121.544189,11.904,0.49,0,yellow_go_001,34608
34609,1772093,20251210_140829,True,False,True,-0.1021,-2.0,-0.3564,-10.3282,2.2595,-6.8321,28.29,2.88,-100.11,,,25.062033,121.544189,11.904,0.49,0,yellow_go_001,34609
34610,1772143,20251210_140829,True,False,True,-0.0725,-2.0,-0.2524,-1.9924,2.6794,-1.626,28.39,2.06,-97.19,,,25.062033,121.544189,11.904,0.49,0,yellow_go_001,34610
34611,1772191,20251210_140829,True,False,True,0.0315,-2.0,-0.3267,1.916,-20.4886,4.2748,28.44,-0.89,-99.28,,,25.062033,121.544189,11.904,0.49,0,yellow_go_001,34611
34612,1772241,20251210_140829,True,True,True,-0.0352,-2.0,-0.2144,-0.855,11.6718,-4.8092,28.29,1.0,-96.12,25.3,44.0,25.062033,121.544189,11.904,0.49,0,yellow_go_001,34612
34613,1772314,20251210_140829,True,False,True,-0.2148,-2.0,-0.3467,-2.2901,-8.2901,2.5802,28.25,6.04,-99.83,,,25.062033,121.544189,11.904,0.49,0,yellow_go_001,34613
34614,1772362,20251210_140829,True,False,True,0.0693,-2.0,-0.1992,-0.374,23.5496,-1.9542,28.39,-1.98,-95.69,,,25.062033,121.544189,11.904,0.49,0,yellow_go_001,34614
34615,1772439,20251210_140829,True,False,True,-0.053,-1.9143,-0.2349,-4.9237,-32.2366,6.0687,28.39,1.57,-96.99,,,25.062033,121.544189,11.904,0.49,0,yellow_go_001,34615
34616,1772489,20251210_140829,True,False,True,0.0146,-2.0,-0.4277,-10.3206,-21.0305,9.8473,28.34,-0.41,-102.07,,,25.062033,121.544189,11.904,0.49,0,yellow_go_001,34616
34617,1772538,20251210_140829,True,False,True,-0.2791,-2.0,-0.1851,-4.2748,24.458,2.9771,28.44,7.91,-95.29,,,25.062033,121.544189,11.904,0.49,0,yellow_go_001,34617
34618,1772588,20251210_140829,True,False,True,0.0625,-2.0,-0.332,-8.9313,10.4809,-0.8473,28.29,-1.77,-99.43,,,25.062033,121.544189,11.904,0.49,0,yellow_go_001,34618
34619,1772639,20251210_140829,True,False,True,0.0376,-2.0,-0.3281,-8.9313,10.4809,-0.8473,28.29,-1.06,-99.32,,,25.062033,121.544189,11.904,0.49,0,yellow_go_001,34619
34620,1772688,20251210_140829,True,False,True,-0.1584,-1.9893,-0.365,-13.8855,-22.9389,3.5038,28.29,4.48,-100.4,,,25.062033,121.544189,11.904,0.49,0,yellow_go_001,34620
34621,1772738,20251210_140829,True,False,True,-0.0479,-2.0,-0.28,-0.9008,21.0382,0.1985,28.29,1.36,-97.97,,,25.062033,121.544189,11.904,0.49,0,yellow_go_001,34621
34622,1772790,20251210_140829,True,False,True,-0.0244,-2.0,-0.2739,0.458,-20.2366,3.145,28.25,0.69,-97.8,,,25.062033,121.544189,11.904,0.49,0,yellow_go_001,34622
34623,1772838,20251210_140829,True,False,True,-0.0405,-2.0,-0.2881,-6.6336,5.7863,-3.6412,28.34,1.15,-98.2,,,25.062033,121.544189,11.904,0.49,0,yellow_go_001,34623
34624,1772888,20251210_140829,True,False,True,-0.1104,-1.9026,-0.2427,-15.9847,-11.9084,-3.2748,28.34,3.29,-97.27,,,25.062033,121.544189,11.904,0.49,0,yellow_go_001,34624
34625,1772938,20251210_140830,True,False,True,-0.0588,-2.0,-0.2427,-4.5191,4.4198,-1.2519,28.39,1.67,-96.92,,,25.061907,121.54422,12.619,0.719,0,yellow_go_001,34625
34626,1772986,20251210_140830,True,False,True,0.0178,-2.0,-0.2769,-1.5954,-7.1603,1.3969,28.44,-0.51,-97.88,,,25.061907,121.54422,12.619,0.719,0,yellow_go_001,34626
34627,1773036,20251210_140830,True,False,True,-0.1482,-2.0,-0.2947,-4.4427,1.6565,-0.6794,28.29,4.19,-98.38,,,25.061907,121.54422,12.619,0.719,0,yellow_go_001,34627
34628,1773086,20251210_140830,True,False,True,0.0149,-2.0,-0.2947,-2.3435,1.1145,0.6794,28.25,-0.42,-98.38,,,25.061907,121.54422,12.619,0.719,0,yellow_go_001,34628
34629,1773134,20251210_140830,True,False,True,-0.1631,-2.0,-0.27,-4.4809,-2.8473,0.8015,28.29,4.62,-97.69,,,25.061907,121.54422,12.619,0.719,0,yellow_go_001,34629
34630,1773184,20251210_140830,True,False,True,0.0532,-2.0,-0.313,-8.0992,-3.2137,-1.1527,28.34,-1.51,-98.89,,,25.061907,121.54422,12.619,0.719,0,yellow_go_001,34630
34631,1773234,20251210_140830,True,False,True,-0.1023,-2.0,-0.313,-7.5878,1.7939,-0.084,28.34,2.89,-98.89,,,25.061907,121.54422,12.619,0.719,0,yellow_go_001,34631
34632,1773283,20251210_140830,True,True,True,0.0076,-2.0,-0.3081,-6.3206,-4.4504,-0.3282,28.39,-0.21,-98.76,25.3,44.0,25.061907,121.54422,12.619,0.719,0,yellow_go_001,34632
34633,1773333,20251210_140830,True,False,True,-0.0784,-2.0,-0.3467,-8.2137,-1.1069,-0.4122,28.39,2.21,-99.83,,,25.061907,121.54422,12.619,0.719,0,yellow_go_001,34633
34634,1773383,20251210_140830,True,False,True,-0.0552,-2.0,-0.2715,-3.4351,-0.8473,0.626,28.34,1.57,-97.73,,,25.061907,121.54422,12.619,0.719,0,yellow_go_001,34634
34635,1773432,20251210_140830,True,False,True,-0.041,-1.9788,-0.2397,-2.1298,-2.8015,0.9466,28.34,1.18,-96.91,,,25.061907,121.54422,12.619,0.719,0,yellow_go_001,34635
34636,1773482,20251210_140830,True,False,True,-0.1255,-2.0,-0.262,-5.1985,-5.3282,-0.0534,28.44,3.56,-97.46,,,25.061907,121.54422,12.619,0.719,0,yellow_go_001,34636
34637,1773535,20251210_140830,True,False,True,0.062,-2.0,-0.2563,-3.0763,-2.8015,-0.7939,28.34,-1.76,-97.3,,,25.061907,121.54422,12.619,0.719,0,yellow_go_001,34637
34638,1773584,20251210_140830,True,False,True,-0.2246,-2.0,-0.2998,-7.1603,-0.4809,1.3664,28.29,6.34,-98.53,,,25.061907,121.54422,12.619,0.719,0,yellow_go_001,34638
34639,1773634,20251210_140830,True,False,True,-0.0103,-2.0,-0.3323,-7.6031,-1.626,-0.7786,28.29,0.29,-99.43,,,25.061907,121.54422,12.619,0.719,0,yellow_go_001,34639
34640,1773684,20251210_140830,True,False,True,-0.0591,-2.0,-0.3013,-6.8855,-3.8931,-0.3817,28.29,1.67,-98.57,,,25.061907,121.54422,12.619,0.719,0,yellow_go_001,34640
34641,1773733,20251210_140830,True,False,True,0.0376,-2.0,-0.3318,-11.084,0.8397,-0.4427,28.34,-1.06,-99.42,,,25.061907,121.54422,12.619,0.719,0,yellow_go_001,34641
34642,1773785,20251210_140830,True,False,True,-0.2073,-2.0,-0.2666,-5.5954,-6.9847,2.3053,28.25,5.87,-97.59,,,25.061907,121.54422,12.619,0.719,0,yellow_go_001,34642
34643,1773834,20251210_140830,True,False,True,-0.0139,-2.0,-0.3357,-6.2748,-3.0916,0.4275,28.34,0.39,-99.53,,,25.061907,121.54422,12.619,0.719,0,yellow_go_001,34643
34644,1773884,20251210_140830,True,False,True,-0.0332,-2.0,-0.2991,-4.0458,-2.3588,0.1374,28.39,0.94,-98.5,,,25.061907,121.54422,12.619,0.719,0,yellow_go_001,34644
34645,1773934,20251210_140831,True,False,True,-0.0569,-1.9951,-0.2991,-5.626,-2.0382,1.7939,28.29,1.62,-98.53,,,25.061768,121.54422,13.227,0.61,0,yellow_go_001,34645
34646,1773983,20251210_140831,True,False,True,-0.1802,-2.0,-0.2708,-6.6031,-6.7405,1.2595,28.29,5.1,-97.71,,,25.061768,121.54422,13.227,0.61,0,yellow_go_001,34646
34647,1774033,20251210_140831,True,False,True,0.0784,-2.0,-0.3667,-5.0229,7.6489,-1.7099,28.25,-2.21,-100.39,,,25.061768,121.54422,13.227,0.61,0,yellow_go_001,34647
34648,1774083,20251210_140831,True,False,True,-0.072,-2.0,-0.3667,-4.9237,-0.5038,1.458,28.34,2.03,-100.39,,,25.061768,121.54422,13.227,0.61,0,yellow_go_001,34648
34649,1774132,20251210_140831,True,False,True,-0.0886,-2.0,-0.304,-3.3511,-4.0992,2.9237,28.34,2.51,-98.64,,,25.061768,121.54422,13.227,0.61,0,yellow_go_001,34649
34650,1774183,20251210_140831,True,False,True,-0.0811,-1.9609,-0.3105,-6.6641,-0.2748,-1.5802,28.29,2.34,-99.0,,,25.061768,121.54422,13.227,0.61,0,yellow_go_001,34650
34651,1774232,20251210_140831,True,False,True,0.0203,-2.0,-0.3206,-5.6412,-3.4885,0.7328,28.39,-0.57,-99.11,,,25.061768,121.54422,13.227,0.61,0,yellow_go_001,34651
34652,1774280,20251210_140831,True,False,True,-0.0415,-2.0,-0.345,-3.2901,-0.2137,2.542,28.39,1.17,-99.79,,,25.061768,121.54422,13.227,0.61,0,yellow_go_001,34652
34653,1774330,20251210_140831,True,True,True,-0.1208,-2.0,-0.2651,-4.9695,-4.8244,2.626,28.34,3.43,-97.55,25.3,44.0,25.061768,121.54422,13.227,0.61,0,yellow_go_001,34653
34654,1774405,20251210_140831,True,False,True,-0.1125,-1.9773,-0.3113,-2.0763,-1.2366,2.2901,28.34,3.22,-98.95,,,25.061768,121.54422,13.227,0.61,0,yellow_go_001,34654
34655,1774454,20251210_140831,True,False,True,-0.0308,-2.0,-0.3215,-3.0382,-2.9466,0.5725,28.44,0.87,-99.13,,,25.061768,121.54422,13.227,0.61,0,yellow_go_001,34655
34656,1774504,20251210_140831,True,False,True,-0.0881,-2.0,-0.2805,-2.9084,-0.6336,1.7863,28.25,2.5,-97.98,,,25.061768,121.54422,13.227,0.61,0,yellow_go_001,34656
34657,1774554,20251210_140831,True,False,True,-0.0583,-2.0,-0.3281,-4.2901,-1.7786,0.0992,28.29,1.65,-99.32,,,25.061768,121.54422,13.227,0.61,0,yellow_go_001,34657
34658,1774602,20251210_140831,True,False,True,-0.0354,-2.0,-0.3311,-4.0305,-3.8015,0.5573,28.34,1.0,-99.4,,,25.061768,121.54422,13.227,0.61,0,yellow_go_001,34658
34659,1774652,20251210_140831,True,False,True,-0.1008,-2.0,-0.3203,-5.8702,-0.1832,-0.7939,28.25,2.85,-99.1,,,25.061768,121.54422,13.227,0.61,0,yellow_go_001,34659
34660,1774703,20251210_140831,True,False,True,-0.0562,-2.0,-0.2932,-2.9466,-2.1298,0.2366,28.34,1.59,-98.34,,,25.061768,121.54422,13.227,0.61,0,yellow_go_001,34660
34661,1774752,20251210_140831,True,False,True,-0.0967,-2.0,-0.2441,-2.2977,-2.6336,1.4656,27.54,2.75,-96.96,,,25.061768,121.54422,13.227,0.61,0,yellow_go_001,34661
34662,1774802,20251210_140831,True,False,True,-0.0627,-2.0,-0.2756,-4.0305,-1.7863,-0.313,28.2,1.78,-97.85,,,25.061768,121.54422,13.227,0.61,0,yellow_go_001,34662
34663,1774852,20251210_140831,True,False,True,-0.0496,-2.0,-0.2786,-4.8321,-4.0076,1.2672,28.2,1.41,-97.93,,,25.061768,121.54422,13.227,0.61,0,yellow_go_001,34663
34664,1774901,20251210_140831,True,False,True,-0.0188,-2.0,-0.3289,-5.2748,0.4733,1.1374,28.29,0.53,-99.34,,,25.061768,121.54422,13.227,0.61,0,yellow_go_001,34664
34665,1774952,20251210_140832,True,False,True,-0.0525,-2.0,-0.3289,-7.3053,-1.3053,1.3435,28.25,1.48,-99.34,,,25.061638,121.544205,13.35,0.121,0,yellow_go_001,34665
34666,1775002,20251210_140832,True,False,True,-0.0244,-2.0,-0.3337,-6.4656,0.1527,-0.1908,28.34,0.69,-99.47,,,25.061638,121.544205,13.35,0.121,0,yellow_go_001,34666
34667,1775051,20251210_140832,True,False,True,-0.0193,-1.9888,-0.3337,-6.2061,-4.8168,0.458,28.39,0.55,-99.53,,,25.061638,121.544205,13.35,0.121,0,yellow_go_001,34667
34668,1775101,20251210_140832,True,False,True,-0.0256,-2.0,-0.3059,-2.916,1.2061,0.8015,28.34,0.73,-98.7,,,25.061638,121.544205,13.35,0.121,0,yellow_go_001,34668
34669,1775151,20251210_140832,True,False,True,-0.0247,-1.9724,-0.2688,-4.2901,-2.5344,0.8473,28.29,0.71,-97.76,,,25.061638,121.544205,13.35,0.121,0,yellow_go_001,34669
34670,1775200,20251210_140832,True,False,True,-0.0884,-1.9744,-0.3086,-8.0382,-5.1603,0.6794,28.44,2.53,-98.88,,,25.061638,121.544205,13.35,0.121,0,yellow_go_001,34670
34671,1775250,20251210_140832,True,False,True,0.1091,-2.0,-0.3259,-6.8931,2.4351,-0.5038,28.34,-3.08,-99.26,,,25.061638,121.544205,13.35,0.121,0,yellow_go_001,34671
34672,1775300,20251210_140832,True,False,True,-0.1343,-2.0,-0.3328,-5.542,-2.1298,0.7634,28.34,3.79,-99.45,,,25.061638,121.544205,13.35,0.121,0,yellow_go_001,34672
34673,1775353,20251210_140832,True,True,True,0.084,-2.0,-0.3372,-5.9389,2.1603,-1.1221,28.29,-2.37,-99.57,25.3,44.0,25.061638,121.544205,13.35,0.121,0,yellow_go_001,34673
34674,1775403,20251210_140832,True,False,True,-0.1216,-2.0,-0.2397,-3.2824,-6.7939,3.5344,28.34,3.45,-96.84,,,25.061638,121.544205,13.35,0.121,0,yellow_go_001,34674
34675,1775453,20251210_140832,True,False,True,0.0376,-2.0,-0.2498,-3.2824,2.3435,1.9924,28.34,-1.07,-97.12,,,25.061638,121.544205,13.35,0.121,0,yellow_go_001,34675
34676,1775501,20251210_140832,True,False,True,-0.0608,-2.0,-0.2754,-5.5954,-0.1985,1.6641,28.25,1.72,-97.84,,,25.061638,121.544205,13.35,0.121,0,yellow_go_001,34676
34677,1775551,20251210_140832,True,False,True,-0.0291,-2.0,-0.3,-5.2366,4.8321,0.6947,28.34,0.82,-98.53,,,25.061638,121.544205,13.35,0.121,0,yellow_go_001,34677
34678,1775601,20251210_140832,True,False,True,-0.0579,-2.0,-0.3042,-3.9237,-4.3206,0.9084,28.39,1.64,-98.65,,,25.061638,121.544205,13.35,0.121,0,yellow_go_001,34678
34679,1775650,20251210_140832,True,False,True,-0.0464,-1.9265,-0.2874,-3.9237,1.6718,0.2595,28.39,1.36,-98.48,,,25.061638,121.544205,13.35,0.121,0,yellow_go_001,34679
34680,1775701,20251210_140832,True,False,True,-0.012,-2.0,-0.2561,-1.7099,-3.8015,2.5954,28.29,0.34,-97.3,,,25.061638,121.544205,13.35,0.121,0,yellow_go_001,34680
34681,1775749,20251210_140832,True,False,True,-0.0588,-2.0,-0.2659,-2.8397,-0.6794,2.626,28.39,1.67,-97.57,,,25.061638,121.544205,13.35,0.121,0,yellow_go_001,34681
34682,1775797,20251210_140832,True,False,True,-0.1848,-2.0,-0.28,-5.8168,0.1145,2.3664,28.34,5.23,-97.97,,,25.061638,121.544205,13.35,0.121,0,yellow_go_001,34682
34683,1775847,20251210_140832,True,False,True,-0.0918,-2.0,-0.3335,-3.3588,-1.8626,3.458,28.25,2.59,-99.47,,,25.061638,121.544205,13.35,0.121,0,yellow_go_001,34683
34684,1775896,20251210_140832,True,False,True,-0.0332,-1.97,-0.3176,-3.4962,-0.5725,-0.2214,28.39,0.95,-99.16,,,25.061638,121.544205,13.35,0.121,0,yellow_go_001,34684
34685,1775946,20251210_140833,True,False,True,-0.1265,-1.9482,-0.2688,-2.7863,-1.5191,2.145,28.29,3.68,-97.86,,,25.061516,121.54422,13.224,-0.126,0,yellow_go_001,34685
34686,1775997,20251210_140833,True,False,True,-0.1638,-2.0,-0.3093,-2.7863,-1.5191,2.145,28.29,4.63,-98.79,,,25.061516,121.54422,13.224,-0.126,0,yellow_go_001,34686
34687,1776046,20251210_140833,True,False,True,-0.0354,-1.9243,-0.3792,-7.0763,-0.2214,-2.7023,28.34,1.03,-101.15,,,25.061516,121.54422,13.224,-0.126,0,yellow_go_001,34687
34688,1776096,20251210_140833,True,False,True,-0.0398,-1.9585,-0.3792,-7.9924,-7.0763,-1.0992,28.34,1.14,-100.96,,,25.061516,121.54422,13.224,-0.126,0,yellow_go_001,34688
34689,1776147,20251210_140833,True,False,True,-0.1145,-1.9756,-0.3057,-4.5573,1.7405,-0.8702,28.34,3.28,-98.8,,,25.061516,121.54422,13.224,-0.126,0,yellow_go_001,34689
34690,1776196,20251210_140833,True,False,True,-0.0779,-2.0,-0.3203,-4.1145,-3.9008,0.8626,28.34,2.2,-99.1,,,25.061516,121.54422,13.224,-0.126,0,yellow_go_001,34690
34691,1776247,20251210_140833,True,False,True,-0.0608,-2.0,-0.3076,-4.1145,0.0687,-0.3359,28.34,1.72,-98.74,,,25.061516,121.54422,13.224,-0.126,0,yellow_go_001,34691
34692,1776297,20251210_140833,True,False,True,-0.1006,-2.0,-0.269,-4.1069,-5.9771,2.7786,28.34,2.85,-97.66,,,25.061516,121.54422,13.224,-0.126,0,yellow_go_001,34692
34693,1776352,20251210_140833,True,False,True,-0.0796,-2.0,-0.313,-3.771,2.3282,-0.1756,28.34,2.25,-98.89,,,25.061516,121.54422,13.224,-0.126,0,yellow_go_001,34693
34694,1776402,20251210_140833,True,True,True,-0.0693,-2.0,-0.3467,-5.4275,-4.0458,-0.5802,28.39,1.96,-99.83,25.3,44.0,25.061516,121.54422,13.224,-0.126,0,yellow_go_001,34694
34695,1776475,20251210_140833,True,False,True,-0.0403,-2.0,-0.3174,-6.8015,-0.1679,-0.9771,28.29,1.14,-99.02,,,25.061516,121.54422,13.224,-0.126,0,yellow_go_001,34695
34696,1776524,20251210_140833,True,False,True,-0.1062,-2.0,-0.3428,-5.2443,-1.6489,1.0916,28.29,3.0,-99.73,,,25.061516,121.54422,13.224,-0.126,0,yellow_go_001,34696
34697,1776574,20251210_140833,True,False,True,-0.063,-2.0,-0.3381,-4.9695,-2.6489,0.855,28.34,1.78,-99.6,,,25.061516,121.54422,13.224,-0.126,0,yellow_go_001,34697
34698,1776626,20251210_140833,True,False,True,-0.0815,-2.0,-0.3208,-6.313,-1.5954,-0.0687,28.34,2.31,-99.11,,,25.061516,121.54422,13.224,-0.126,0,yellow_go_001,34698
34699,1776674,20251210_140833,True,False,True,-0.1365,-2.0,-0.3235,-8.0229,-5.0382,0.8702,28.34,3.85,-99.19,,,25.061516,121.54422,13.224,-0.126,0,yellow_go_001,34699
34700,1776724,20251210_140833,True,False,True,-0.103,-2.0,-0.2722,-4.542,-3.0153,1.3511,28.39,2.92,-97.75,,,25.061516,121.54422,13.224,-0.126,0,yellow_go_001,34700
34701,1776774,20251210_140833,True,False,True,-0.0828,-2.0,-0.3179,-6.1221,-6.9466,0.542,28.39,2.34,-99.03,,,25.061516,121.54422,13.224,-0.126,0,yellow_go_001,34701
34702,1776823,20251210_140833,True,False,True,-0.124,-2.0,-0.3047,-6.8855,-4.4046,0.8244,28.34,3.51,-98.66,,,25.061516,121.54422,13.224,-0.126,0,yellow_go_001,34702
34703,1776873,20251210_140833,True,False,True,-0.1472,-2.0,-0.2869,-4.7252,-4.6794,0.0229,28.34,4.17,-98.16,,,25.061516,121.54422,13.224,-0.126,0,yellow_go_001,34703
45016,2305442,20251210_141723,True,False,True,-0.1597,-1.9192,-0.5212,-9.3359,-3.2595,-0.3511,28.29,4.59,-105.19,,,25.062683,121.544075,11.59,-0.319,1,yellow_stop_001,45016
45017,2305492,20251210_141723,True,False,True,-0.0842,-2.0,-0.3992,-5.145,-4.3053,1.8244,28.29,2.36,-101.29,,,25.062683,121.544075,11.59,-0.319,1,yellow_stop_001,45017
45018,2305541,20251210_141723,True,False,True,-0.0942,-2.0,-0.3992,0.9237,1.6489,1.4504,28.25,2.65,-101.29,,,25.062683,121.544075,11.59,-0.319,1,yellow_stop_001,45018
45019,2305592,20251210_141723,True,True,True,-0.071,-2.0,-0.3716,-1.4046,-5.5191,0.1832,28.2,2.0,-100.53,25.2,45.0,25.062683,121.544075,11.59,-0.319,1,yellow_stop_001,45019
45020,2305688,20251210_141723,True,False,True,-0.1704,-1.9819,-0.4351,-5.0992,1.5954,-1.5573,28.34,4.8,-102.38,,,25.062683,121.544075,11.59,-0.319,1,yellow_stop_001,45020
45021,2305737,20251210_141723,True,False,True,-0.0364,-2.0,-0.4436,-1.7481,-0.626,1.0229,28.2,1.02,-102.51,,,25.062683,121.544075,11.59,-0.319,1,yellow_stop_001,45021
45022,2305787,20251210_141723,True,False,True,-0.1147,-2.0,-0.4297,-0.7863,3.0076,-1.2901,28.29,3.21,-102.13,,,25.062683,121.544075,11.59,-0.319,1,yellow_stop_001,45022
45023,2305837,20251210_141723,True,False,True,0.1809,-1.9241,-0.5999,-4.5573,-2.8626,-3.1298,28.29,-5.13,-107.32,,,25.062683,121.544075,11.59,-0.319,1,yellow_stop_001,45023
45024,2305885,20251210_141723,True,False,True,-0.0432,-1.9138,-0.6064,-9.6565,-8.1756,-1.4046,28.25,1.23,-107.58,,,25.062683,121.544075,11.59,-0.319,1,yellow_stop_001,45024
45025,2305935,20251210_141723,True,False,True,-0.0718,-2.0,-0.551,-0.3664,2.855,2.3435,28.25,1.98,-105.4,,,25.062683,121.544075,11.59,-0.319,1,yellow_stop_001,45025
45026,2305985,20251210_141723,True,False,True,-0.0012,-2.0,-0.5764,1.1756,-2.6947,2.0153,28.34,0.03,-106.08,,,25.062683,121.544075,11.59,-0.319,1,yellow_stop_001,45026
45027,2306034,20251210_141723,True,False,True,-0.0376,-2.0,-0.5798,-0.5496,1.4885,0.229,28.34,1.03,-106.17,,,25.062683,121.544075,11.59,-0.319,1,yellow_stop_001,45027
45028,2306084,20251210_141723,True,False,True,-0.0127,-1.9319,-0.5295,-5.8855,-5.1221,-1.2137,28.34,0.36,-105.33,,,25.062683,121.544075,11.59,-0.319,1,yellow_stop_001,45028
45029,2306134,20251210_141723,True,False,True,0.0132,-2.0,-0.5117,-4.313,-6.8321,0.8168,28.29,-0.37,-104.35,,,25.062683,121.544075,11.59,-0.319,1,yellow_stop_001,45029
45030,2306183,20251210_141723,True,False,True,-0.071,-2.0,-0.5649,-7.626,-2.084,-1.3282,27.54,1.96,-105.77,,,25.062683,121.544075,11.59,-0.319,1,yellow_stop_001,45030
45031,2306233,20251210_141723,True,False,True,-0.0127,-1.8926,-0.5881,-12.6183,-0.7023,-4.5802,28.2,0.37,-107.26,,,25.062683,121.544075,11.59,-0.319,1,yellow_stop_001,45031
45032,2306283,20251210_141723,True,False,True,-0.0488,-1.9548,-0.5615,-8.0992,-9.0305,-0.4656,28.29,1.38,-106.03,,,25.062683,121.544075,11.59,-0.319,1,yellow_stop_001,45032
45033,2306332,20251210_141723,True,False,True,0.042,-2.0,-0.5723,-1.5267,0.2443,0.4809,28.39,-1.16,-105.97,,,25.062683,121.544075,11.59,-0.319,1,yellow_stop_001,45033
45034,2306383,20251210_141723,True,False,True,-0.0435,-2.0,-0.5964,-4.0229,-2.7634,1.8015,28.34,1.19,-106.61,,,25.062683,121.544075,11.59,-0.319,1,yellow_stop_001,45034
45035,2306433,20251210_141724,True,False,True,0.0381,-1.9268,-0.5964,-5.2214,1.7405,-1.2977,28.25,-1.08,-107.2,,,25.06259,121.544075,10.425,-1.176,1,yellow_stop_001,45035
45036,2306482,20251210_141724,True,False,True,0.0442,-1.9314,-0.5857,-5.916,-9.3053,0.1679,28.34,-1.25,-106.87,,,25.06259,121.544075,10.425,-1.176,1,yellow_stop_001,45036
45037,2306532,20251210_141724,True,False,True,-0.0649,-2.0,-0.5823,-4.7634,-0.7786,0.2595,28.34,1.79,-106.23,,,25.06259,121.544075,10.425,-1.176,1,yellow_stop_001,45037
45038,2306582,20251210_141724,True,False,True,-0.0168,-2.0,-0.5979,-3.7023,-3.084,1.1221,28.34,0.46,-106.64,,,25.06259,121.544075,10.425,-1.176,1,yellow_stop_001,45038
45039,2306631,20251210_141724,True,True,True,0.0066,-1.9763,-0.5315,-3.084,-1.4656,0.6183,28.34,-0.18,-105.05,25.2,45.0,25.06259,121.544075,10.425,-1.176,1,yellow_stop_001,45039
45040,2306681,20251210_141724,True,False,True,-0.0835,-2.0,-0.5342,-5.8779,-4.3893,1.2061,28.29,2.31,-104.95,,,25.06259,121.544075,10.425,-1.176,1,yellow_stop_001,45040
45041,2306731,20251210_141724,True,False,True,-0.0093,-1.9902,-0.5518,-8.8015,0.374,-0.9466,28.2,0.26,-105.5,,,25.06259,121.544075,10.425,-1.176,1,yellow_stop_001,45041
45042,2306780,20251210_141724,True,False,True,-0.0398,-1.9226,-0.6101,-9.2061,-6.6565,-0.4198,28.29,1.13,-107.61,,,25.06259,121.544075,10.425,-1.176,1,yellow_stop_001,45042
45043,2306830,20251210_141724,True,False,True,0.0071,-1.9785,-0.6191,-7.7634,-1.145,-0.229,28.34,-0.2,-107.38,,,25.06259,121.544075,10.425,-1.176,1,yellow_stop_001,45043
45044,2306892,20251210_141724,True,False,True,-0.0586,-1.9565,-0.5718,-3.6412,-4.0458,1.5878,28.25,1.65,-106.29,,,25.06259,121.544075,10.425,-1.176,1,yellow_stop_001,45044
45045,2306941,20251210_141724,True,False,True,-0.0063,-1.9731,-0.5913,-3.5344,-0.6947,1.0076,28.25,0.18,-106.68,,,25.06259,121.544075,10.425,-1.176,1,yellow_stop_001,45045
45046,2306991,20251210_141724,True,False,True,0.0469,-2.0,-0.5669,-5.3053,-4.8321,0.4885,28.25,-1.29,-105.83,,,25.06259,121.544075,10.425,-1.176,1,yellow_stop_001,45046
45047,2307041,20251210_141724,True,False,True,-0.0771,-1.9697,-0.5415,-7.3588,-1.9695,-0.2519,28.34,2.16,-105.37,,,25.06259,121.544075,10.425,-1.176,1,yellow_stop_001,45047
45048,2307089,20251210_141724,True,False,True,-0.0232,-1.9531,-0.5483,-7.1756,-3.9008,0.229,28.29,0.66,-105.68,,,25.06259,121.544075,10.425,-1.176,1,yellow_stop_001,45048
45049,2307139,20251210_141724,True,False,True,0.0317,-2.0,-0.5444,-6.0382,-4.1145,0.7481,28.39,-0.88,-105.23,,,25.06259,121.544075,10.425,-1.176,1,yellow_stop_001,45049
45050,2307189,20251210_141724,True,False,True,-0.0793,-2.0,-0.5652,-4.7863,-1.3817,1.8397,28.2,2.19,-105.78,,,25.06259,121.544075,10.425,-1.176,1,yellow_stop_001,45050
45051,2307238,20251210_141724,True,False,True,0.0371,-2.0,-0.5439,-5.9542,-3.7023,0.626,28.25,-1.03,-105.21,,,25.06259,121.544075,10.425,-1.176,1,yellow_stop_001,45051
45052,2307288,20251210_141724,True,False,True,-0.0913,-2.0,-0.5444,-5.5802,-3.0916,1.1603,28.25,2.52,-105.23,,,25.06259,121.544075,10.425,-1.176,1,yellow_stop_001,45052
45053,2307338,20251210_141724,True,False,True,-0.0293,-2.0,-0.5613,-7.3969,-1.9618,0.0916,28.34,0.81,-105.68,,,25.06259,121.544075,10.425,-1.176,1,yellow_stop_001,45053
45054,2307387,20251210_141724,True,False,True,0.0073,-2.0,-0.5693,-4.6489,-3.7939,0.9466,28.34,-0.2,-105.89,,,25.06259,121.544075,10.425,-1.176,1,yellow_stop_001,45054
45055,2307437,20251210_141725,True,False,True,-0.0454,-1.9421,-0.5693,-4.0992,-3.1221,1.7328,28.39,1.29,-106.34,,,25.062517,121.54409,8.928,-1.491,1,yellow_stop_001,45055
45056,2307487,20251210_141725,True,False,True,-0.0342,-1.9668,-0.4932,-3.3588,-2.3206,1.3664,28.2,0.97,-104.08,,,25.062517,121.54409,8.928,-1.491,1,yellow_stop_001,45056
45057,2307536,20251210_141725,True,False,True,-0.0315,-1.9966,-0.4932,-1.9618,-2.7099,1.229,28.29,0.88,-103.87,,,25.062517,121.54409,8.928,-1.491,1,yellow_stop_001,45057
45058,2307586,20251210_141725,True,False,True,-0.0012,-1.9917,-0.4895,-3.771,-2.687,0.0992,28.39,0.03,-103.81,,,25.062517,121.54409,8.928,-1.491,1,yellow_stop_001,45058
45059,2307636,20251210_141725,True,True,True,-0.0156,-2.0,-0.5059,-6.0611,-6.7328,1.0611,28.25,0.43,-104.19,25.2,45.0,25.062517,121.54409,8.928,-1.491,1,yellow_stop_001,45059
45060,2307707,20251210_141725,True,False,True,-0.0093,-2.0,-0.5083,-8.0076,-0.3511,0.6412,28.29,0.26,-104.26,,,25.062517,121.54409,8.928,-1.491,1,yellow_stop_001,45060
45061,2307757,20251210_141725,True,False,True,0.002,-2.0,-0.5054,-4.0534,-5.0534,1.9924,28.39,-0.05,-104.18,,,25.062517,121.54409,8.928,-1.491,1,yellow_stop_001,45061
45062,2307807,20251210_141725,True,False,True,-0.0664,-2.0,-0.5168,-4.5802,-2.0458,2.0916,28.29,1.84,-104.49,,,25.062517,121.54409,8.928,-1.491,1,yellow_stop_001,45062
45063,2307855,20251210_141725,True,False,True,-0.0918,-2.0,-0.5,-5.7863,-0.1756,1.1832,28.29,2.55,-104.04,,,25.062517,121.54409,8.928,-1.491,1,yellow_stop_001,45063
45064,2307905,20251210_141725,True,False,True,-0.0312,-2.0,-0.5076,-5.8855,-5.1069,0.5878,28.34,0.87,-104.24,,,25.062517,121.54409,8.928,-1.491,1,yellow_stop_001,45064
45065,2307955,20251210_141725,True,False,True,-0.1379,-2.0,-0.5183,-6.1374,0.3817,-0.0153,28.25,3.82,-104.53,,,25.062517,121.54409,8.928,-1.491,1,yellow_stop_001,45065
45066,2308013,20251210_141725,True,False,True,-0.0083,-2.0,-0.4983,-5.3969,-4.4885,-0.855,28.25,0.23,-103.99,,,25.062517,121.54409,8.928,-1.491,1,yellow_stop_001,45066
45067,2308065,20251210_141725,True,False,True,0.0181,-1.9634,-0.47,-3.3435,-2.855,0.0992,28.25,-0.51,-103.46,,,25.062517,121.54409,8.928,-1.491,1,yellow_stop_001,45067
45068,2308115,20251210_141725,True,False,True,-0.0264,-1.9812,-0.4819,-4.2366,-4.0229,1.1603,28.25,0.74,-103.67,,,25.062517,121.54409,8.928,-1.491,1,yellow_stop_001,45068
45069,2308163,20251210_141725,True,False,True,0.0154,-1.9631,-0.4758,-4.8626,-0.6336,-0.2595,28.29,-0.44,-103.62,,,25.062517,121.54409,8.928,-1.491,1,yellow_stop_001,45069
45070,2308213,20251210_141725,True,False,True,0.0027,-1.9932,-0.4724,-4.771,-6.3282,1.0,28.29,-0.08,-103.33,,,25.062517,121.54409,8.928,-1.491,1,yellow_stop_001,45070
45071,2308263,20251210_141725,True,False,True,-0.0393,-2.0,-0.4905,-4.4046,-1.8321,2.0992,28.25,1.09,-103.78,,,25.062517,121.54409,8.928,-1.491,1,yellow_stop_001,45071
45072,2308311,20251210_141725,True,False,True,-0.1082,-2.0,-0.4775,-4.4427,-1.9695,2.2748,28.25,3.01,-103.43,,,25.062517,121.54409,8.928,-1.491,1,yellow_stop_001,45072
45073,2308361,20251210_141725,True,False,True,-0.0659,-2.0,-0.4443,-4.1221,-1.7099,1.084,28.34,1.84,-102.53,,,25.062517,121.54409,8.928,-1.491,1,yellow_stop_001,45073
45074,2308410,20251210_141725,True,False,True,-0.0486,-1.9763,-0.4507,-4.0229,-4.2214,0.7099,28.39,1.37,-102.85,,,25.062517,121.54409,8.928,-1.491,1,yellow_stop_001,45074
45075,2308460,20251210_141726,True,False,True,-0.0405,-2.0,-0.4507,-4.0,-3.0763,1.3359,28.29,1.13,-102.7,,,25.062483,121.544106,6.444,-2.428,1,yellow_stop_001,45075
45076,2308510,20251210_141726,True,False,True,-0.0342,-2.0,-0.4712,-4.9084,-2.8855,1.4733,28.29,0.95,-103.26,,,25.062483,121.544106,6.444,-2.428,1,yellow_stop_001,45076
45077,2308559,20251210_141726,True,False,True,-0.0327,-2.0,-0.4712,-5.7481,-3.8626,0.8702,28.25,0.91,-103.26,,,25.062483,121.544106,6.444,-2.428,1,yellow_stop_001,45077
45078,2308609,20251210_141726,True,False,True,-0.0176,-2.0,-0.4556,-5.5115,-3.2824,0.3053,28.34,0.49,-102.83,,,25.062483,121.544106,6.444,-2.428,1,yellow_stop_001,45078
45079,2308659,20251210_141726,True,True,True,-0.0557,-1.9873,-0.4426,-5.2595,-3.7634,0.9618,28.2,1.57,-102.56,25.2,45.0,25.062483,121.544106,6.444,-2.428,1,yellow_stop_001,45079
45080,2308710,20251210_141726,True,False,True,-0.0857,-1.9998,-0.4351,-5.0229,-2.1908,1.2901,28.29,2.4,-102.27,,,25.062483,121.544106,6.444,-2.428,1,yellow_stop_001,45080
45081,2308760,20251210_141726,True,False,True,-0.0708,-2.0,-0.4548,-5.4504,-1.542,0.2824,28.29,1.98,-102.81,,,25.062483,121.544106,6.444,-2.428,1,yellow_stop_001,45081
45082,2308810,20251210_141726,True,False,True,-0.0525,-2.0,-0.4602,-6.0305,-2.687,0.1756,28.34,1.47,-102.96,,,25.062483,121.544106,6.444,-2.428,1,yellow_stop_001,45082
45083,2308859,20251210_141726,True,False,True,-0.0637,-2.0,-0.4922,-6.1298,-1.7176,0.1756,28.34,1.77,-103.83,,,25.062483,121.544106,6.444,-2.428,1,yellow_stop_001,45083
45084,2308909,20251210_141726,True,False,True,-0.0208,-1.999,-0.509,-6.0153,-2.9466,-0.2901,28.25,0.58,-104.29,,,25.062483,121.544106,6.444,-2.428,1,yellow_stop_001,45084
45085,2308959,20251210_141726,True,False,True,0.0203,-1.9658,-0.4902,-4.3969,-3.1374,-0.1221,28.2,-0.57,-104.0,,,25.062483,121.544106,6.444,-2.428,1,yellow_stop_001,45085
45086,2309008,20251210_141726,True,False,True,-0.0176,-1.9626,-0.49,-4.0229,-2.8702,0.4504,28.95,0.5,-104.02,,,25.062483,121.544106,6.444,-2.428,1,yellow_stop_001,45086
45087,2309086,20251210_141726,True,False,True,-0.0374,-1.9993,-0.5081,-5.084,-3.0534,0.9771,28.29,1.04,-104.26,,,25.062483,121.544106,6.444,-2.428,1,yellow_stop_001,45087
45088,2309136,20251210_141726,True,False,True,-0.0496,-2.0,-0.5281,-5.084,-2.4046,1.1145,28.34,1.37,-104.79,,,25.062483,121.544106,6.444,-2.428,1,yellow_stop_001,45088
45089,2309184,20251210_141726,True,False,True,-0.0518,-2.0,-0.5156,-5.0916,-1.6107,1.1832,28.25,1.44,-104.46,,,25.062483,121.544106,6.444,-2.428,1,yellow_stop_001,45089
45090,2309234,20251210_141726,True,False,True,-0.0583,-2.0,-0.4807,-5.7176,-2.8473,0.8397,28.34,1.62,-103.52,,,25.062483,121.544106,6.444,-2.428,1,yellow_stop_001,45090
45091,2309284,20251210_141726,True,False,True,-0.0576,-2.0,-0.47,-4.9389,-3.1985,0.8931,28.34,1.61,-103.22,,,25.062483,121.544106,6.444,-2.428,1,yellow_stop_001,45091
45092,2309332,20251210_141726,True,False,True,-0.0527,-2.0,-0.4321,-4.8244,-2.6641,0.4351,28.29,1.48,-102.19,,,25.062483,121.544106,6.444,-2.428,1,yellow_stop_001,45092
45093,2309382,20251210_141726,True,False,True,-0.0557,-2.0,-0.416,-4.5267,-3.6718,0.5191,28.29,1.56,-101.75,,,25.062483,121.544106,6.444,-2.428,1,yellow_stop_001,45093
45094,2309432,20251210_141727,True,False,True,-0.0376,-2.0,-0.416,-5.0534,-2.4504,0.0153,28.25,1.05,-101.75,,,25.062475,121.544121,3.721,-2.801,1,yellow_stop_001,45094
45095,2309480,20251210_141727,True,False,True,-0.0491,-2.0,-0.3992,-4.6947,-2.6565,0.5725,28.34,1.38,-101.29,,,25.062475,121.544121,3.721,-2.801,1,yellow_stop_001,45095
45096,2309530,20251210_141727,True,False,True,-0.0505,-2.0,-0.4043,-4.7939,-1.9542,0.5878,28.34,1.42,-101.43,,,25.062475,121.544121,3.721,-2.801,1,yellow_stop_001,45096
45097,2309581,20251210_141727,True,False,True,-0.0615,-2.0,-0.4043,-5.3893,-2.3435,0.6947,28.25,1.73,-101.43,,,25.062475,121.544121,3.721,-2.801,1,yellow_stop_001,45097
45098,2309630,20251210_141727,True,False,True,-0.0576,-2.0,-0.4006,-5.3664,-2.3435,0.4427,28.15,1.62,-101.33,,,25.062475,121.544121,3.721,-2.801,1,yellow_stop_001,45098
45099,2309680,20251210_141727,True,True,True,-0.0657,-2.0,-0.4172,-5.313,-2.5496,0.3969,28.29,1.84,-101.78,25.3,45.0,25.062475,121.544121,3.721,-2.801,1,yellow_stop_001,45099
45100,2309753,20251210_141727,True,False,True,-0.0518,-2.0,-0.4065,-5.7099,-2.626,0.084,28.29,1.45,-101.49,,,25.062475,121.544121,3.721,-2.801,1,yellow_stop_001,45100
45101,2309802,20251210_141727,True,False,True,-0.0513,-2.0,-0.4016,-5.0763,-2.2977,0.084,28.25,1.44,-101.35,,,25.062475,121.544121,3.721,-2.801,1,yellow_stop_001,45101
45102,2309852,20251210_141727,True,False,True,-0.0381,-2.0,-0.3921,-4.7252,-2.6947,0.3053,28.25,1.07,-101.09,,,25.062475,121.544121,3.721,-2.801,1,yellow_stop_001,45102
45103,2309902,20251210_141727,True,False,True,-0.04,-2.0,-0.3845,-5.0076,-2.6794,0.229,28.34,1.13,-100.88,,,25.062475,121.544121,3.721,-2.801,1,yellow_stop_001,45103
45104,2309950,20251210_141727,True,False,True,-0.0422,-2.0,-0.3962,-5.229,-2.8244,0.3664,28.34,1.19,-101.21,,,25.062475,121.544121,3.721,-2.801,1,yellow_stop_001,45104
45105,2310000,20251210_141727,True,False,True,-0.0527,-2.0,-0.3867,-5.7786,-2.771,0.4351,28.25,1.48,-100.94,,,25.062475,121.544121,3.721,-2.801,1,yellow_stop_001,45105
45106,2310059,20251210_141727,True,False,True,-0.0647,-2.0,-0.3962,-5.9466,-3.0,0.5267,28.29,1.82,-101.21,,,25.062475,121.544121,3.721,-2.801,1,yellow_stop_001,45106
45107,2310109,20251210_141727,True,False,True,-0.0605,-2.0,-0.3965,-4.916,-2.8244,0.6412,28.29,1.7,-101.21,,,25.062475,121.544121,3.721,-2.801,1,yellow_stop_001,45107
45108,2310159,20251210_141727,True,False,True,-0.054,-2.0,-0.3909,-4.5725,-2.4733,0.7328,28.39,1.52,-101.06,,,25.062475,121.544121,3.721,-2.801,1,yellow_stop_001,45108
45109,2310208,20251210_141727,True,False,True,-0.051,-2.0,-0.3997,-4.2443,-2.2748,0.8321,28.34,1.43,-101.3,,,25.062475,121.544121,3.721,-2.801,1,yellow_stop_001,45109
45110,2310257,20251210_141727,True,False,True,-0.0447,-2.0,-0.3911,-4.4962,-2.0763,0.7252,28.34,1.26,-101.06,,,25.062475,121.544121,3.721,-2.801,1,yellow_stop_001,45110
45111,2310307,20251210_141727,True,False,True,-0.0452,-2.0,-0.3855,-4.9008,-2.1298,0.8168,28.44,1.27,-100.91,,,25.062475,121.544121,3.721,-2.801,1,yellow_stop_001,45111
45112,2310357,20251210_141727,True,False,True,-0.0491,-2.0,-0.3682,-5.0458,-2.2366,0.5267,28.25,1.38,-100.43,,,25.062475,121.544121,3.721,-2.801,1,yellow_stop_001,45112
45113,2310406,20251210_141727,True,False,True,-0.0574,-2.0,-0.3345,-5.1069,-2.2366,0.4809,28.95,1.62,-99.49,,,25.062475,121.544121,3.721,-2.801,1,yellow_stop_001,45113
45114,2310456,20251210_141728,True,False,True,-0.0725,-2.0,-0.3345,-6.2137,-2.7786,-0.0458,28.29,2.05,-99.49,,,25.062471,121.544121,1.661,-2.012,1,yellow_stop_001,45114
45115,2310508,20251210_141728,True,False,True,-0.0842,-2.0,-0.2388,-5.9618,-2.9847,0.0153,28.2,2.39,-96.81,,,25.062471,121.544121,1.661,-2.012,1,yellow_stop_001,45115
45116,2310556,20251210_141728,True,False,True,-0.0942,-2.0,-0.2388,-4.542,-2.7328,0.5573,28.34,2.68,-96.81,,,25.062471,121.544121,1.661,-2.012,1,yellow_stop_001,45116
45117,2310606,20251210_141728,True,False,True,-0.073,-2.0,-0.2434,-4.4046,-3.1603,0.7557,28.2,2.08,-96.94,,,25.062471,121.544121,1.661,-2.012,1,yellow_stop_001,45117
45118,2310656,20251210_141728,True,False,True,-0.0715,-2.0,-0.2446,-4.2748,-2.6031,0.855,28.34,2.03,-96.97,,,25.062471,121.544121,1.661,-2.012,1,yellow_stop_001,45118
45119,2310704,20251210_141728,True,True,True,-0.0676,-2.0,-0.2686,-4.7557,-2.6336,0.6412,28.34,1.92,-97.65,25.3,45.0,25.062471,121.544121,1.661,-2.012,1,yellow_stop_001,45119
45120,2310755,20251210_141728,True,False,True,-0.0764,-2.0,-0.2742,-4.7557,-2.6336,0.6412,28.34,2.17,-97.81,,,25.062471,121.544121,1.661,-2.012,1,yellow_stop_001,45120
45121,2310805,20251210_141728,True,False,True,-0.0642,-2.0,-0.2654,-4.9466,-2.4885,0.7252,28.29,1.82,-97.56,,,25.062471,121.544121,1.661,-2.012,1,yellow_stop_001,45121
45122,2310853,20251210_141728,True,False,True,-0.0725,-2.0,-0.269,-4.0687,-2.3588,0.6947,28.29,2.06,-97.66,,,25.062471,121.544121,1.661,-2.012,1,yellow_stop_001,45122
45123,2310903,20251210_141728,True,False,True,-0.0657,-2.0,-0.2729,-3.9695,-2.1985,0.8244,28.25,1.86,-97.77,,,25.062471,121.544121,1.661,-2.012,1,yellow_stop_001,45123
45124,2310981,20251210_141728,True,False,True,-0.0835,-2.0,-0.2751,-4.1603,-2.5802,0.8397,28.34,2.37,-97.83,,,25.062471,121.544121,1.661,-2.012,1,yellow_stop_001,45124
45125,2311031,20251210_141728,True,False,True,-0.085,-2.0,-0.259,-5.2748,-2.542,0.5802,28.34,2.41,-97.38,,,25.062471,121.544121,1.661,-2.012,1,yellow_stop_001,45125
45126,2311081,20251210_141728,True,False,True,-0.074,-2.0,-0.2588,-4.6565,-2.374,0.771,28.34,2.1,-97.37,,,25.062471,121.544121,1.661,-2.012,1,yellow_stop_001,45126
45127,2311130,20251210_141728,True,False,True,-0.0664,-2.0,-0.2637,-3.4046,-2.687,0.9542,28.25,1.89,-97.51,,,25.062471,121.544121,1.661,-2.012,1,yellow_stop_001,45127
45128,2311180,20251210_141728,True,False,True,-0.0686,-2.0,-0.2532,-3.1985,-2.4962,1.229,28.29,1.95,-97.21,,,25.062471,121.544121,1.661,-2.012,1,yellow_stop_001,45128
45129,2311230,20251210_141728,True,False,True,-0.0706,-2.0,-0.2554,-3.6031,-2.1603,1.3893,28.29,2.0,-97.28,,,25.062471,121.544121,1.661,-2.012,1,yellow_stop_001,45129
45130,2311279,20251210_141728,True,False,True,-0.0706,-2.0,-0.2649,-3.6947,-2.0153,1.0229,28.29,2.0,-97.54,,,25.062471,121.544121,1.661,-2.012,1,yellow_stop_001,45130
45131,2311329,20251210_141728,True,False,True,-0.072,-2.0,-0.2642,-3.458,-2.2061,1.0229,27.64,2.04,-97.52,,,25.062471,121.544121,1.661,-2.012,1,yellow_stop_001,45131
45132,2311380,20251210_141728,True,False,True,-0.0759,-2.0,-0.2712,-3.374,-2.0229,1.374,28.2,2.15,-97.72,,,25.062471,121.544121,1.661,-2.012,1,yellow_stop_001,45132
45133,2311428,20251210_141729,True,False,True,-0.0669,-2.0,-0.2712,-3.2748,-2.687,1.2748,28.29,1.9,-97.72,,,25.062471,121.544121,0.808,-0.878,1,yellow_stop_001,45133
45134,2311478,20251210_141729,True,False,True,-0.0732,-2.0,-0.261,-3.6641,-2.2061,1.229,28.29,2.08,-97.43,,,25.062471,121.544121,0.808,-0.878,1,yellow_stop_001,45134
45135,2311528,20251210_141729,True,False,True,-0.0667,-2.0,-0.261,-3.4046,-2.1679,1.0763,28.34,1.89,-97.43,,,25.062471,121.544121,0.808,-0.878,1,yellow_stop_001,45135
45136,2311576,20251210_141729,True,False,True,-0.0698,-2.0,-0.261,-3.2977,-2.2214,1.0687,28.2,1.98,-97.43,,,25.062471,121.544121,0.808,-0.878,1,yellow_stop_001,45136
45137,2311627,20251210_141729,True,False,True,-0.0659,-2.0,-0.2654,-3.0763,-2.0916,1.4427,28.34,1.87,-97.56,,,25.062471,121.544121,0.808,-0.878,1,yellow_stop_001,45137
45138,2311677,20251210_141729,True,False,True,-0.0696,-2.0,-0.2739,-3.313,-2.0611,1.2595,28.25,1.97,-97.8,,,25.062471,121.544121,0.808,-0.878,1,yellow_stop_001,45138
45139,2311726,20251210_141729,True,True,True,-0.0662,-2.0,-0.2722,-3.3817,-2.1908,1.1679,28.25,1.88,-97.75,25.2,44.0,25.062471,121.544121,0.808,-0.878,1,yellow_stop_001,45139
45140,2311798,20251210_141729,True,False,True,-0.0742,-2.0,-0.2698,-3.2061,-2.4046,1.2443,28.29,2.11,-97.68,,,25.062471,121.544121,0.808,-0.878,1,yellow_stop_001,45140
45141,2311851,20251210_141729,True,False,True,-0.0828,-2.0,-0.2683,-6.8779,-2.8626,-0.1603,28.29,2.35,-97.64,,,25.062471,121.544121,0.808,-0.878,1,yellow_stop_001,45141
45142,2311902,20251210_141729,True,False,True,-0.0908,-2.0,-0.2612,-6.7328,-3.0153,-0.0763,28.29,2.58,-97.44,,,25.062471,121.544121,0.808,-0.878,1,yellow_stop_001,45142
45143,2311952,20251210_141729,True,False,True,-0.075,-2.0,-0.2705,-6.5802,-3.1374,-0.1069,28.29,2.13,-97.7,,,25.062471,121.544121,0.808,-0.878,1,yellow_stop_001,45143
45144,2312002,20251210_141729,True,False,True,-0.0813,-2.0,-0.2678,-6.5878,-2.8779,-0.145,28.29,2.31,-97.63,,,25.062471,121.544121,0.808,-0.878,1,yellow_stop_001,45144
45145,2312051,20251210_141729,True,False,True,-0.0835,-2.0,-0.27,-6.5344,-3.084,0.0,27.49,2.37,-97.69,,,25.062471,121.544121,0.808,-0.878,1,yellow_stop_001,45145
45146,2312101,20251210_141729,True,False,True,-0.0867,-2.0,-0.2642,-6.7786,-2.7863,-0.1832,28.91,2.46,-97.52,,,25.062471,121.544121,0.808,-0.878,1,yellow_stop_001,45146
45147,2312151,20251210_141729,True,False,True,-0.0808,-2.0,-0.2649,-7.084,-2.8473,-0.1679,28.34,2.29,-97.54,,,25.062471,121.544121,0.808,-0.878,1,yellow_stop_001,45147
45148,2312200,20251210_141729,True,False,True,-0.0757,-2.0,-0.262,-6.7557,-2.9084,-0.1832,28.25,2.15,-97.46,,,25.062471,121.544121,0.808,-0.878,1,yellow_stop_001,45148
45149,2312250,20251210_141729,True,False,True,-0.083,-2.0,-0.2554,-6.9237,-3.0076,-0.1374,28.25,2.36,-97.28,,,25.062471,121.544121,0.808,-0.878,1,yellow_stop_001,45149
45150,2312301,20251210_141729,True,False,True,-0.0801,-2.0,-0.2629,-6.855,-3.0763,-0.0763,28.2,2.27,-97.49,,,25.062471,121.544121,0.808,-0.878,1,yellow_stop_001,45150
45151,2312350,20251210_141729,True,False,True,-0.0803,-2.0,-0.2754,-7.0382,-2.9237,-0.084,28.2,2.28,-97.84,,,25.062471,121.544121,0.808,-0.878,1,yellow_stop_001,45151
45152,2312401,20251210_141730,True,False,True,-0.0854,-2.0,-0.2754,-6.9313,-2.8855,-0.2137,28.29,2.42,-97.84,,,25.062471,121.544144,0.775,-0.034,1,yellow_stop_001,45152
45153,2312453,20251210_141730,True,False,True,-0.0779,-2.0,-0.2651,-6.9771,-2.771,-0.0687,28.29,2.21,-97.55,,,25.062471,121.544144,0.775,-0.034,1,yellow_stop_001,45153
45154,2312502,20251210_141730,True,False,True,-0.0879,-2.0,-0.2644,-6.5954,-3.0916,-0.0076,28.25,2.49,-97.53,,,25.062471,121.544144,0.775,-0.034,1,yellow_stop_001,45154
45155,2312553,20251210_141730,True,False,True,-0.0862,-2.0,-0.2644,-6.5954,-3.0916,-0.0076,28.25,2.45,-97.53,,,25.062471,121.544144,0.775,-0.034,1,yellow_stop_001,45155
45156,2312603,20251210_141730,True,False,True,-0.0754,-2.0,-0.2678,-6.7099,-2.771,-0.1374,28.29,2.14,-97.63,,,25.062471,121.544144,0.775,-0.034,1,yellow_stop_001,45156
45157,2312651,20251210_141730,True,False,True,-0.0798,-2.0,-0.27,-6.5191,-2.8702,-0.0076,28.34,2.27,-97.69,,,25.062471,121.544144,0.775,-0.034,1,yellow_stop_001,45157
45158,2312701,20251210_141730,True,False,True,-0.0857,-2.0,-0.26,-6.9084,-3.1527,-0.0611,28.34,2.43,-97.41,,,25.062471,121.544144,0.775,-0.034,1,yellow_stop_001,45158
45159,2312754,20251210_141730,True,True,True,-0.0889,-2.0,-0.2732,-6.7176,-3.0611,-0.1069,28.34,2.52,-97.78,25.2,44.0,25.062471,121.544144,0.775,-0.034,1,yellow_stop_001,45159
45160,2312803,20251210_141730,True,False,True,-0.0791,-2.0,-0.2659,-6.0992,-2.9237,0.2748,28.39,2.25,-97.57,,,25.062471,121.544144,0.775,-0.034,1,yellow_stop_001,45160
45161,2312853,20251210_141730,True,False,True,-0.0864,-2.0,-0.2668,-6.3511,-2.8321,0.0076,28.29,2.45,-97.6,,,25.062471,121.544144,0.775,-0.034,1,yellow_stop_001,45161
45162,2312906,20251210_141730,True,False,True,-0.0847,-2.0,-0.2512,-6.3282,-2.9237,0.0687,28.34,2.41,-97.16,,,25.062471,121.544144,0.775,-0.034,1,yellow_stop_001,45162
45163,2312955,20251210_141730,True,False,True,-0.085,-2.0,-0.2729,-5.0992,-2.7405,0.1603,28.25,2.41,-97.77,,,25.062471,121.544144,0.775,-0.034,1,yellow_stop_001,45163
45164,2313005,20251210_141730,True,False,True,-0.0845,-2.0,-0.2729,-5.8626,-2.8321,0.1298,28.34,2.4,-97.77,,,25.062471,121.544144,0.775,-0.034,1,yellow_stop_001,45164
45165,2313055,20251210_141730,True,False,True,-0.082,-2.0,-0.2722,-5.4504,-2.5267,0.313,28.29,2.33,-97.75,,,25.062471,121.544144,0.775,-0.034,1,yellow_stop_001,45165
45166,2313104,20251210_141730,True,False,True,-0.0894,-2.0,-0.2566,-5.5954,-2.8779,0.3053,28.25,2.54,-97.31,,,25.062471,121.544144,0.775,-0.034,1,yellow_stop_001,45166
45167,2313154,20251210_141730,True,False,True,-0.085,-2.0,-0.2644,-5.6412,-2.7634,0.3588,28.34,2.41,-97.53,,,25.062471,121.544144,0.775,-0.034,1,yellow_stop_001,45167
45168,2313203,20251210_141730,True,False,True,-0.0908,-2.0,-0.2632,-5.5115,-2.8092,0.4427,28.29,2.58,-97.5,,,25.062471,121.544144,0.775,-0.034,1,yellow_stop_001,45168
45169,2313253,20251210_141730,True,False,True,-0.0874,-2.0,-0.2722,-5.7328,-2.855,0.0916,28.29,2.48,-97.75,,,25.062471,121.544144,0.775,-0.034,1,yellow_stop_001,45169
45170,2313306,20251210_141730,True,False,True,-0.0913,-2.0,-0.2598,-5.8702,-2.8473,0.2977,28.29,2.59,-97.4,,,25.062471,121.544144,0.775,-0.034,1,yellow_stop_001,45170
45171,2313355,20251210_141730,True,False,True,-0.0847,-2.0,-0.2673,-4.7481,-2.7939,0.4809,28.25,2.4,-97.61,,,25.062471,121.544144,0.775,-0.034,1,yellow_stop_001,45171
45172,2313405,20251210_141731,True,False,True,-0.083,-2.0,-0.2673,-5.2519,-2.9313,0.3969,28.25,2.36,-97.61,,,25.062468,121.544159,1.009,0.233,1,yellow_stop_001,45172
45173,2313458,20251210_141731,True,False,True,-0.0813,-2.0,-0.2622,-5.229,-2.6718,0.4656,28.29,2.31,-97.47,,,25.062468,121.544159,1.009,0.233,1,yellow_stop_001,45173
45174,2313511,20251210_141731,True,False,True,-0.0845,-2.0,-0.252,-4.4656,-2.6107,0.4504,28.29,2.4,-97.18,,,25.062468,121.544159,1.009,0.233,1,yellow_stop_001,45174
45175,2313561,20251210_141731,True,False,True,-0.0854,-2.0,-0.252,-4.0305,-2.4962,0.8397,28.29,2.43,-97.18,,,25.062468,121.544159,1.009,0.233,1,yellow_stop_001,45175
45176,2313610,20251210_141731,True,False,True,-0.0845,-2.0,-0.2529,-3.5878,-2.5496,0.8168,28.34,2.4,-97.21,,,25.062468,121.544159,1.009,0.233,1,yellow_stop_001,45176
45177,2313658,20251210_141731,True,False,True,-0.0859,-2.0,-0.2542,-4.3588,-2.7252,0.6947,28.29,2.44,-97.24,,,25.062468,121.544159,1.009,0.233,1,yellow_stop_001,45177
45178,2313708,20251210_141731,True,False,True,-0.085,-2.0,-0.2546,-4.6336,-2.7328,0.4427,28.2,2.41,-97.26,,,25.062468,121.544159,1.009,0.233,1,yellow_stop_001,45178
45179,2313758,20251210_141731,True,True,True,-0.0916,-2.0,-0.2542,-4.5878,-2.8702,0.542,28.34,2.6,-97.24,25.2,45.0,25.062468,121.544159,1.009,0.233,1,yellow_stop_001,45179
45180,2313829,20251210_141731,True,False,True,-0.064,-2.0,-0.2769,-4.6412,-2.7939,0.5038,28.34,1.81,-97.88,,,25.062468,121.544159,1.009,0.233,1,yellow_stop_001,45180
45181,2313878,20251210_141731,True,False,True,-0.063,-2.0,-0.2727,-4.9466,-2.3511,0.9313,28.34,1.79,-97.76,,,25.062468,121.544159,1.009,0.233,1,yellow_stop_001,45181
45182,2313928,20251210_141731,True,False,True,-0.0601,-2.0,-0.2827,-4.6412,-2.3893,0.7634,28.34,1.7,-98.05,,,25.062468,121.544159,1.009,0.233,1,yellow_stop_001,45182
45183,2313976,20251210_141731,True,False,True,-0.0591,-2.0,-0.2744,-4.626,-2.374,0.9313,28.34,1.68,-97.81,,,25.062468,121.544159,1.009,0.233,1,yellow_stop_001,45183
45184,2314026,20251210_141731,True,False,True,-0.0547,-2.0,-0.2756,-4.2977,-2.4427,1.084,28.34,1.55,-97.85,,,25.062468,121.544159,1.009,0.233,1,yellow_stop_001,45184
45185,2314076,20251210_141731,True,False,True,-0.0549,-2.0,-0.2693,-4.1832,-2.2366,0.9313,27.59,1.56,-97.67,,,25.062468,121.544159,1.009,0.233,1,yellow_stop_001,45185
45186,2314124,20251210_141731,True,False,True,-0.0601,-2.0,-0.2781,-4.1145,-2.2824,0.916,28.91,1.7,-97.92,,,25.062468,121.544159,1.009,0.233,1,yellow_stop_001,45186
45187,2314175,20251210_141731,True,False,True,-0.0574,-2.0,-0.282,-3.9466,-2.2443,0.9618,28.34,1.63,-98.03,,,25.062468,121.544159,1.009,0.233,1,yellow_stop_001,45187
45188,2314225,20251210_141731,True,False,True,-0.0627,-2.0,-0.2744,-4.374,-2.4198,0.8855,28.29,1.78,-97.81,,,25.062468,121.544159,1.009,0.233,1,yellow_stop_001,45188
45189,2314273,20251210_141731,True,False,True,-0.0635,-2.0,-0.2751,-4.6183,-2.1832,1.0458,28.29,1.8,-97.83,,,25.062468,121.544159,1.009,0.233,1,yellow_stop_001,45189
45190,2314323,20251210_141731,True,False,True,-0.062,-2.0,-0.2808,-4.0534,-2.4198,0.9008,28.39,1.76,-97.99,,,25.062468,121.544159,1.009,0.233,1,yellow_stop_001,45190
45191,2314373,20251210_141731,True,False,True,-0.0605,-2.0,-0.2695,-4.0992,-2.2748,0.855,28.29,1.72,-97.68,,,25.062468,121.544159,1.009,0.233,1,yellow_stop_001,45191
45192,2314423,20251210_141732,True,False,True,-0.063,-2.0,-0.2712,-4.2824,-2.4046,1.0,28.29,1.79,-97.72,,,25.062468,121.544174,0.905,-0.102,1,yellow_stop_001,45192
45193,2314473,20251210_141732,True,False,True,-0.0557,-2.0,-0.2693,-4.1908,-2.2672,0.8855,28.25,1.58,-97.67,,,25.062468,121.544174,0.905,-0.102,1,yellow_stop_001,45193
45194,2314526,20251210_141732,True,False,True,-0.0627,-2.0,-0.2693,-4.4809,-2.3359,0.7328,28.34,1.78,-97.67,,,25.062468,121.544174,0.905,-0.102,1,yellow_stop_001,45194
45195,2314575,20251210_141732,True,False,True,-0.05,-2.0,-0.2725,-5.4122,-2.4733,0.6641,28.29,1.42,-97.76,,,25.062468,121.544174,0.905,-0.102,1,yellow_stop_001,45195
45196,2314625,20251210_141732,True,False,True,-0.054,-2.0,-0.2795,-5.1374,-2.4427,0.542,28.34,1.53,-97.96,,,25.062468,121.544174,0.905,-0.102,1,yellow_stop_001,45196
45197,2314675,20251210_141732,True,False,True,-0.0608,-2.0,-0.2832,-5.5344,-2.3435,0.7328,28.25,1.72,-98.06,,,25.062468,121.544174,0.905,-0.102,1,yellow_stop_001,45197
45198,2314723,20251210_141732,True,False,True,-0.0576,-2.0,-0.2832,-5.2443,-2.4656,0.5344,28.34,1.63,-98.06,,,25.062468,121.544174,0.905,-0.102,1,yellow_stop_001,45198
45199,2314773,20251210_141732,True,True,True,-0.0557,-2.0,-0.2729,-5.0305,-2.2214,0.5496,28.25,1.58,-97.77,25.2,45.0,25.062468,121.544174,0.905,-0.102,1,yellow_stop_001,45199
45200,2314825,20251210_141732,True,False,True,-0.0564,-2.0,-0.2744,-4.7557,-2.542,0.8168,28.34,1.6,-97.81,,,25.062468,121.544174,0.905,-0.102,1,yellow_stop_001,45200
45201,2314873,20251210_141732,True,False,True,-0.062,-2.0,-0.2791,-5.9542,-2.3588,0.6718,28.29,1.76,-97.94,,,25.062468,121.544174,0.905,-0.102,1,yellow_stop_001,45201
45202,2314923,20251210_141732,True,False,True,-0.0618,-1.999,-0.2812,-4.916,-2.3282,0.7786,28.29,1.75,-98.01,,,25.062468,121.544174,0.905,-0.102,1,yellow_stop_001,45202
45203,2314971,20251210_141732,True,False,True,-0.0598,-2.0,-0.2766,-5.0305,-2.5115,0.687,27.54,1.7,-97.87,,,25.062468,121.544174,0.905,-0.102,1,yellow_stop_001,45203
45204,2315020,20251210_141732,True,False,True,-0.0603,-2.0,-0.2764,-4.3282,-2.3969,0.9542,28.29,1.71,-97.87,,,25.062468,121.544174,0.905,-0.102,1,yellow_stop_001,45204
45205,2315070,20251210_141732,True,False,True,-0.0576,-2.0,-0.2805,-4.1679,-2.3053,1.0153,28.29,1.63,-97.98,,,25.062468,121.544174,0.905,-0.102,1,yellow_stop_001,45205
45206,2315119,20251210_141732,True,False,True,-0.0571,-2.0,-0.2795,-4.2595,-2.3435,1.1145,28.34,1.62,-97.96,,,25.062468,121.544174,0.905,-0.102,1,yellow_stop_001,45206
45207,2315169,20251210_141732,True,False,True,-0.0559,-2.0,-0.2644,-4.0916,-2.2595,1.1298,28.25,1.59,-97.53,,,25.062468,121.544174,0.905,-0.102,1,yellow_stop_001,45207
45208,2315221,20251210_141732,True,False,True,-0.0583,-2.0,-0.282,-3.9008,-2.374,1.1985,28.25,1.65,-98.03,,,25.062468,121.544174,0.905,-0.102,1,yellow_stop_001,45208
45209,2315270,20251210_141732,True,False,True,-0.0613,-2.0,-0.2751,-4.0916,-2.2824,1.0076,28.34,1.74,-97.83,,,25.062468,121.544174,0.905,-0.102,1,yellow_stop_001,45209
45210,2315320,20251210_141732,True,False,True,-0.061,-1.9971,-0.2783,-4.2061,-2.458,0.9466,28.34,1.73,-97.93,,,25.062468,121.544174,0.905,-0.102,1,yellow_stop_001,45210
45211,2315370,20251210_141732,True,False,True,-0.0613,-2.0,-0.2666,-3.8931,-2.2443,1.0611,28.25,1.74,-97.59,,,25.062468,121.544174,0.905,-0.102,1,yellow_stop_001,45211
45212,2315419,20251210_141733,True,False,True,-0.0625,-2.0,-0.2666,-4.0076,-2.5725,1.0916,28.29,1.77,-97.59,,,25.062464,121.544189,1.224,0.32,1,yellow_stop_001,45212
45213,2315469,20251210_141733,True,False,True,-0.064,-2.0,-0.2646,-4.1298,-2.2519,1.0305,28.39,1.82,-97.54,,,25.062464,121.544189,1.224,0.32,1,yellow_stop_001,45213
45214,2315519,20251210_141733,True,False,True,-0.0613,-2.0,-0.2646,-3.9847,-2.3435,1.0305,28.34,1.74,-97.54,,,25.062464,121.544189,1.224,0.32,1,yellow_stop_001,45214
45215,2315567,20251210_141733,True,False,True,-0.0615,-2.0,-0.2712,-4.2748,-2.2214,1.145,28.29,1.75,-97.72,,,25.062464,121.544189,1.224,0.32,1,yellow_stop_001,45215
45216,2315618,20251210_141733,True,False,True,-0.0591,-2.0,-0.271,-3.4962,-2.3664,1.1145,28.25,1.68,-97.72,,,25.062464,121.544189,1.224,0.32,1,yellow_stop_001,45216
45217,2315668,20251210_141733,True,False,True,-0.0667,-2.0,-0.2676,-3.9008,-2.2672,1.1069,28.34,1.89,-97.62,,,25.062464,121.544189,1.224,0.32,1,yellow_stop_001,45217
45218,2315716,20251210_141733,True,False,True,-0.0647,-2.0,-0.2791,-3.855,-2.2977,1.0229,28.34,1.84,-97.94,,,25.062464,121.544189,1.224,0.32,1,yellow_stop_001,45218
45219,2315769,20251210_141733,True,False,True,-0.0642,-2.0,-0.2749,-3.4122,-2.3588,1.1985,28.29,1.82,-97.83,,,25.062464,121.544189,1.224,0.32,1,yellow_stop_001,45219
45220,2315819,20251210_141733,True,True,True,-0.061,-2.0,-0.2749,-3.8015,-2.4122,1.0305,28.39,1.73,-97.83,25.2,44.0,25.062464,121.544189,1.224,0.32,1,yellow_stop_001,45220
45221,2315891,20251210_141733,True,False,True,-0.0833,-2.0,-0.2678,-4.1679,-2.3817,0.8931,28.29,2.36,-97.63,,,25.062464,121.544189,1.224,0.32,1,yellow_stop_001,45221
45222,2315940,20251210_141733,True,False,True,-0.0859,-2.0,-0.271,-6.2214,-2.9466,0.0076,28.29,2.44,-97.72,,,25.062464,121.544189,1.224,0.32,1,yellow_stop_001,45222
45223,2315991,20251210_141733,True,False,True,-0.0784,-2.0,-0.2603,-6.2214,-2.9466,0.0153,28.29,2.23,-97.41,,,25.062464,121.544189,1.224,0.32,1,yellow_stop_001,45223
45224,2316039,20251210_141733,True,False,True,-0.0759,-2.0,-0.2622,-6.1908,-2.8473,0.0611,28.34,2.16,-97.47,,,25.062464,121.544189,1.224,0.32,1,yellow_stop_001,45224
45225,2316089,20251210_141733,True,False,True,-0.0884,-2.0,-0.2625,-6.6336,-3.0305,-0.1756,28.25,2.51,-97.48,,,25.062464,121.544189,1.224,0.32,1,yellow_stop_001,45225
45226,2316139,20251210_141733,True,False,True,-0.0767,-2.0,-0.2656,-6.7939,-3.0687,-0.1603,28.29,2.18,-97.57,,,25.062464,121.544189,1.224,0.32,1,yellow_stop_001,45226
45227,2316188,20251210_141733,True,False,True,-0.0842,-2.0,-0.2649,-6.771,-2.8931,-0.145,27.54,2.39,-97.54,,,25.062464,121.544189,1.224,0.32,1,yellow_stop_001,45227
45228,2316238,20251210_141733,True,False,True,-0.0801,-2.0,-0.2695,-6.7405,-2.9924,-0.145,28.29,2.27,-97.68,,,25.062464,121.544189,1.224,0.32,1,yellow_stop_001,45228
45229,2316288,20251210_141733,True,False,True,-0.0803,-2.0,-0.261,-6.7405,-3.0916,0.0534,28.29,2.28,-97.43,,,25.062464,121.544189,1.224,0.32,1,yellow_stop_001,45229
45230,2316336,20251210_141733,True,False,True,-0.0771,-2.0,-0.2737,-6.7557,-2.9771,-0.3359,27.64,2.19,-97.79,,,25.062464,121.544189,1.224,0.32,1,yellow_stop_001,45230
45231,2316386,20251210_141733,True,False,True,-0.0793,-2.0,-0.2656,-6.8855,-2.9237,-0.1603,28.2,2.25,-97.57,,,25.062464,121.544189,1.224,0.32,1,yellow_stop_001,45231
45232,2316436,20251210_141734,True,False,True,-0.0706,-2.0,-0.2656,-6.9771,-2.7328,-0.0992,28.29,2.0,-97.57,,,25.062464,121.544205,1.037,-0.184,1,yellow_stop_001,45232
45233,2316485,20251210_141734,True,False,True,-0.071,-2.0,-0.2803,-7.4885,-2.9466,-0.1374,28.29,2.01,-97.98,,,25.062464,121.544205,1.037,-0.184,1,yellow_stop_001,45233
45234,2316535,20251210_141734,True,False,True,-0.0808,-2.0,-0.2646,-7.3053,-2.542,-0.3817,28.25,2.29,-97.54,,,25.062464,121.544205,1.037,-0.184,1,yellow_stop_001,45234
45235,2316585,20251210_141734,True,False,True,-0.074,-2.0,-0.2766,-7.1298,-2.7023,-0.4427,28.29,2.1,-97.87,,,25.062464,121.544205,1.037,-0.184,1,yellow_stop_001,45235
45236,2316634,20251210_141734,True,False,True,-0.0718,-2.0,-0.2844,-7.2519,-2.687,-0.2061,28.25,2.03,-98.09,,,25.062464,121.544205,1.037,-0.184,1,yellow_stop_001,45236
45237,2316684,20251210_141734,True,False,True,-0.0747,-2.0,-0.2788,-7.2366,-2.6641,-0.0992,28.34,2.12,-97.94,,,25.062464,121.544205,1.037,-0.184,1,yellow_stop_001,45237
45238,2316735,20251210_141734,True,False,True,-0.0659,-2.0,-0.283,-7.1756,-2.7023,-0.0916,28.39,1.87,-98.05,,,25.062464,121.544205,1.037,-0.184,1,yellow_stop_001,45238
45239,2316806,20251210_141734,True,False,True,-0.0767,-2.0,-0.2605,-7.5725,-2.6641,-0.2977,28.39,2.18,-97.42,,,25.062464,121.544205,1.037,-0.184,1,yellow_stop_001,45239
45240,2316857,20251210_141734,True,True,True,-0.0793,-2.0,-0.2637,-3.4046,-2.2061,0.8702,28.29,2.25,-97.51,25.2,44.0,25.062464,121.544205,1.037,-0.184,1,yellow_stop_001,45240
45241,2316907,20251210_141734,True,False,True,-0.0798,-2.0,-0.2668,-3.313,-2.2519,0.9771,28.34,2.27,-97.6,,,25.062464,121.544205,1.037,-0.184,1,yellow_stop_001,45241
45242,2316955,20251210_141734,True,False,True,-0.0784,-2.0,-0.2598,-3.3206,-2.3817,1.313,28.34,2.23,-97.4,,,25.062464,121.544205,1.037,-0.184,1,yellow_stop_001,45242
45243,2317005,20251210_141734,True,False,True,-0.0806,-2.0,-0.2537,-3.4046,-2.4733,1.0382,28.34,2.29,-97.23,,,25.062464,121.544205,1.037,-0.184,1,yellow_stop_001,45243
45244,2317053,20251210_141734,True,False,True,-0.0847,-2.0,-0.27,-3.3817,-2.2443,1.0382,28.25,2.4,-97.69,,,25.062464,121.544205,1.037,-0.184,1,yellow_stop_001,45244
45245,2317103,20251210_141734,True,False,True,-0.0776,-2.0,-0.2595,-4.1221,-2.7557,0.8168,28.25,2.2,-97.39,,,25.062464,121.544205,1.037,-0.184,1,yellow_stop_001,45245
45246,2317153,20251210_141734,True,False,True,-0.0854,-2.0,-0.2471,-3.5878,-2.7634,0.9695,28.25,2.43,-97.04,,,25.062464,121.544205,1.037,-0.184,1,yellow_stop_001,45246
45247,2317201,20251210_141734,True,False,True,-0.0815,-2.0,-0.2515,-3.9542,-2.5267,0.916,27.54,2.32,-97.17,,,25.062464,121.544205,1.037,-0.184,1,yellow_stop_001,45247
45248,2317251,20251210_141734,True,False,True,-0.0859,-2.0,-0.2666,-4.4046,-2.5878,0.7023,28.2,2.44,-97.59,,,25.062464,121.544205,1.037,-0.184,1,yellow_stop_001,45248
45249,2317301,20251210_141734,True,False,True,-0.0859,-2.0,-0.2603,-4.2137,-2.7481,0.6489,28.29,2.44,-97.41,,,25.062464,121.544205,1.037,-0.184,1,yellow_stop_001,45249
45250,2317350,20251210_141734,True,False,True,-0.0935,-2.0,-0.2598,-4.0534,-2.6794,0.8015,28.29,2.65,-97.4,,,25.062464,121.544205,1.037,-0.184,1,yellow_stop_001,45250
45251,2317400,20251210_141735,True,False,True,-0.0952,-2.0,-0.2598,-4.8626,-2.6107,0.7634,28.34,2.7,-97.4,,,25.06246,121.54422,1.16,0.127,1,yellow_stop_001,45251
45252,2317452,20251210_141735,True,False,True,-0.0789,-2.0,-0.2471,-4.4046,-2.5649,0.5496,28.25,2.24,-97.04,,,25.06246,121.54422,1.16,0.127,1,yellow_stop_001,45252
45253,2317500,20251210_141735,True,False,True,-0.0833,-2.0,-0.2673,-4.4122,-2.6412,0.6412,28.34,2.36,-97.61,,,25.06246,121.54422,1.16,0.127,1,yellow_stop_001,45253
45254,2317551,20251210_141735,True,False,True,-0.0898,-2.0,-0.2673,-4.2748,-2.7405,0.6489,28.34,2.55,-97.61,,,25.06246,121.54422,1.16,0.127,1,yellow_stop_001,45254
45255,2317601,20251210_141735,True,False,True,-0.0798,-2.0,-0.261,-4.1832,-2.6336,0.7634,28.34,2.27,-97.43,,,25.06246,121.54422,1.16,0.127,1,yellow_stop_001,45255
45256,2317649,20251210_141735,True,False,True,-0.0796,-2.0,-0.2578,-4.0611,-2.7328,0.8015,28.29,2.26,-97.35,,,25.06246,121.54422,1.16,0.127,1,yellow_stop_001,45256
45257,2317699,20251210_141735,True,False,True,-0.0898,-2.0,-0.2585,-4.9695,-2.6107,0.5954,28.29,2.55,-97.37,,,25.06246,121.54422,1.16,0.127,1,yellow_stop_001,45257
45258,2317749,20251210_141735,True,False,True,-0.0876,-2.0,-0.2549,-4.7481,-2.8015,0.458,28.29,2.49,-97.26,,,25.06246,121.54422,1.16,0.127,1,yellow_stop_001,45258
45259,2317801,20251210_141735,True,False,True,-0.0911,-2.0,-0.2642,-4.6565,-2.5954,0.4504,28.39,2.58,-97.52,,,25.06246,121.54422,1.16,0.127,1,yellow_stop_001,45259
45260,2317851,20251210_141735,True,False,True,-0.0872,-2.0,-0.26,-4.2519,-2.771,0.7176,28.29,2.47,-97.41,,,25.06246,121.54422,1.16,0.127,1,yellow_stop_001,45260
45261,2317903,20251210_141735,True,True,True,-0.0867,-2.0,-0.2546,-4.4046,-2.5496,0.6489,28.34,2.46,-97.26,25.2,44.0,25.06246,121.54422,1.16,0.127,1,yellow_stop_001,45261
45262,2317974,20251210_141735,True,False,True,-0.0532,-2.0,-0.2881,-3.8397,-2.7176,0.9618,28.34,1.51,-98.2,,,25.06246,121.54422,1.16,0.127,1,yellow_stop_001,45262
45263,2318024,20251210_141735,True,False,True,-0.0667,-2.0,-0.2922,-5.8855,-2.542,0.6107,28.34,1.89,-98.31,,,25.06246,121.54422,1.16,0.127,1,yellow_stop_001,45263
45264,2318074,20251210_141735,True,False,True,-0.0615,-2.0,-0.2854,-6.0611,-2.4275,0.687,28.34,1.74,-98.12,,,25.06246,121.54422,1.16,0.127,1,yellow_stop_001,45264
45265,2318123,20251210_141735,True,False,True,-0.0522,-2.0,-0.2822,-5.7634,-2.5954,0.4275,28.34,1.48,-98.03,,,25.06246,121.54422,1.16,0.127,1,yellow_stop_001,45265
45266,2318174,20251210_141735,True,False,True,-0.0562,-1.9966,-0.2722,-6.0611,-2.3435,0.5191,28.29,1.6,-97.76,,,25.06246,121.54422,1.16,0.127,1,yellow_stop_001,45266
45267,2318224,20251210_141735,True,False,True,-0.0552,-2.0,-0.2805,-6.0611,-2.4656,0.6489,28.29,1.56,-97.98,,,25.06246,121.54422,1.16,0.127,1,yellow_stop_001,45267
45268,2318272,20251210_141735,True,False,True,-0.0571,-1.9993,-0.2791,-5.7328,-2.5954,0.5038,28.29,1.62,-97.95,,,25.06246,121.54422,1.16,0.127,1,yellow_stop_001,45268
45269,2318322,20251210_141735,True,False,True,-0.0601,-2.0,-0.2849,-5.3359,-2.2443,0.6565,28.29,1.7,-98.11,,,25.06246,121.54422,1.16,0.127,1,yellow_stop_001,45269
45270,2318371,20251210_141735,True,False,True,-0.0635,-2.0,-0.272,-5.5038,-2.3206,0.7099,28.29,1.8,-97.74,,,25.06246,121.54422,1.16,0.127,1,yellow_stop_001,45270
45271,2318420,20251210_141736,True,False,True,-0.0596,-2.0,-0.272,-5.0153,-2.2901,0.7634,28.34,1.69,-97.74,,,25.06246,121.544235,1.344,0.181,1,yellow_stop_001,45271
45272,2318470,20251210_141736,True,False,True,-0.0547,-2.0,-0.2732,-5.0229,-2.2366,0.8244,28.25,1.55,-97.78,,,25.06246,121.544235,1.344,0.181,1,yellow_stop_001,45272
45273,2318520,20251210_141736,True,False,True,-0.0591,-2.0,-0.2732,-4.7023,-2.2061,0.6489,28.34,1.68,-97.78,,,25.06246,121.544235,1.344,0.181,1,yellow_stop_001,45273
45274,2318568,20251210_141736,True,False,True,-0.0564,-2.0,-0.2781,-5.2366,-2.2748,0.7252,28.34,1.6,-97.92,,,25.06246,121.544235,1.344,0.181,1,yellow_stop_001,45274
45275,2318643,20251210_141736,True,False,True,-0.0867,-2.0,-0.2676,-4.7481,-2.3664,0.6718,28.34,2.46,-97.62,,,25.06246,121.544235,1.344,0.181,1,yellow_stop_001,45275
45276,2318692,20251210_141736,True,False,True,-0.0847,-2.0,-0.2649,-5.5191,-2.8244,0.2214,28.29,2.4,-97.54,,,25.06246,121.544235,1.344,0.181,1,yellow_stop_001,45276
45277,2318742,20251210_141736,True,False,True,-0.0833,-2.0,-0.2668,-5.6565,-2.7863,0.2901,28.29,2.36,-97.6,,,25.06246,121.544235,1.344,0.181,1,yellow_stop_001,45277
45278,2318792,20251210_141736,True,False,True,-0.0857,-2.0,-0.2642,-5.6641,-2.8702,0.0763,28.29,2.43,-97.52,,,25.06246,121.544235,1.344,0.181,1,yellow_stop_001,45278
45279,2318840,20251210_141736,True,False,True,-0.084,-2.0,-0.2769,-5.7634,-2.7863,0.2595,28.15,2.38,-97.88,,,25.06246,121.544235,1.344,0.181,1,yellow_stop_001,45279
45280,2318890,20251210_141736,True,False,True,-0.0815,-2.0,-0.27,-6.4351,-2.9313,0.0992,28.25,2.31,-97.69,,,25.06246,121.544235,1.344,0.181,1,yellow_stop_001,45280
45281,2318941,20251210_141736,True,True,True,-0.0837,-2.0,-0.2646,-6.2977,-2.9618,0.0229,28.34,2.38,-97.54,25.2,44.0,25.06246,121.544235,1.344,0.181,1,yellow_stop_001,45281
45282,2318990,20251210_141736,True,False,True,-0.0828,-2.0,-0.2546,-6.2672,-2.9466,-0.0534,28.25,2.35,-97.26,,,25.06246,121.544235,1.344,0.181,1,yellow_stop_001,45282
45283,2319040,20251210_141736,True,False,True,-0.0796,-2.0,-0.27,-6.6336,-3.0,-0.0305,28.34,2.26,-97.69,,,25.06246,121.544235,1.344,0.181,1,yellow_stop_001,45283
45284,2319090,20251210_141736,True,False,True,-0.0803,-2.0,-0.2681,-6.4656,-2.9542,0.0,28.95,2.28,-97.63,,,25.06246,121.544235,1.344,0.181,1,yellow_stop_001,45284
45285,2319138,20251210_141736,True,False,True,-0.0784,-2.0,-0.2703,-7.0458,-2.8321,-0.1985,28.2,2.22,-97.7,,,25.06246,121.544235,1.344,0.181,1,yellow_stop_001,45285
45286,2319189,20251210_141736,True,False,True,-0.073,-2.0,-0.2625,-7.0458,-2.6947,-0.2901,28.2,2.07,-97.48,,,25.06246,121.544235,1.344,0.181,1,yellow_stop_001,45286
45287,2319239,20251210_141736,True,False,True,-0.0764,-2.0,-0.2681,-6.9008,-2.9771,-0.1832,28.44,2.17,-97.63,,,25.06246,121.544235,1.344,0.181,1,yellow_stop_001,45287
45288,2319288,20251210_141736,True,False,True,-0.0781,-2.0,-0.2695,-7.0458,-2.7176,-0.3359,28.34,2.22,-97.68,,,25.06246,121.544235,1.344,0.181,1,yellow_stop_001,45288
45289,2319338,20251210_141736,True,False,True,-0.0776,-2.0,-0.2695,-7.0611,-2.6641,-0.1527,28.29,2.2,-97.68,,,25.06246,121.544235,1.344,0.181,1,yellow_stop_001,45289
45290,2319397,20251210_141737,True,False,True,-0.0833,-2.0,-0.2695,-6.9695,-2.4962,-0.4198,28.29,2.36,-97.68,,,25.062456,121.544258,1.26,-0.086,1,yellow_stop_001,45290
45291,2319446,20251210_141737,True,False,True,-0.0889,-2.0,-0.2703,-5.4809,-2.6489,0.1298,28.29,2.52,-97.7,,,25.062456,121.544258,1.26,-0.086,1,yellow_stop_001,45291
45292,2319500,20251210_141737,True,False,True,-0.0779,-2.0,-0.262,-5.8473,-2.9237,0.2137,28.34,2.21,-97.46,,,25.062456,121.544258,1.26,-0.086,1,yellow_stop_001,45292
45293,2319553,20251210_141737,True,False,True,-0.0916,-2.0,-0.262,-5.0916,-2.7634,0.5573,28.25,2.6,-97.46,,,25.062456,121.544258,1.26,-0.086,1,yellow_stop_001,45293
45294,2319601,20251210_141737,True,False,True,-0.0806,-2.0,-0.2715,-4.2977,-2.8244,0.8015,28.34,2.29,-97.73,,,25.062456,121.544258,1.26,-0.086,1,yellow_stop_001,45294
45295,2319651,20251210_141737,True,False,True,-0.0833,-2.0,-0.2615,-4.9389,-2.5573,0.4275,28.25,2.36,-97.45,,,25.062456,121.544258,1.26,-0.086,1,yellow_stop_001,45295
45296,2319702,20251210_141737,True,False,True,-0.0867,-2.0,-0.2551,-5.0916,-2.6565,0.3588,28.39,2.46,-97.27,,,25.062456,121.544258,1.26,-0.086,1,yellow_stop_001,45296
45297,2319750,20251210_141737,True,False,True,-0.0842,-2.0,-0.2639,-4.5878,-3.0076,0.5344,28.34,2.39,-97.52,,,25.062456,121.544258,1.26,-0.086,1,yellow_stop_001,45297
45298,2319800,20251210_141737,True,False,True,-0.0842,-2.0,-0.2795,-5.7099,-2.7405,0.2748,28.34,2.39,-97.96,,,25.062456,121.544258,1.26,-0.086,1,yellow_stop_001,45298
45299,2319850,20251210_141737,True,False,True,-0.0806,-2.0,-0.2754,-5.5344,-2.6336,0.2977,28.29,2.29,-97.84,,,25.062456,121.544258,1.26,-0.086,1,yellow_stop_001,45299
45300,2319898,20251210_141737,True,False,True,-0.0852,-2.0,-0.2532,-5.4351,-2.7557,0.3053,28.34,2.42,-97.21,,,25.062456,121.544258,1.26,-0.086,1,yellow_stop_001,45300
45301,2319949,20251210_141737,True,True,True,-0.0852,-2.0,-0.272,-5.6336,-2.9237,0.1374,28.39,2.42,-97.74,25.2,44.0,25.062456,121.544258,1.26,-0.086,1,yellow_stop_001,45301
45302,2320022,20251210_141737,True,False,True,-0.0564,-2.0,-0.2783,-6.2137,-2.6565,0.2137,28.34,1.6,-97.92,,,25.062456,121.544258,1.26,-0.086,1,yellow_stop_001,45302
45303,2320070,20251210_141737,True,False,True,-0.0618,-2.0,-0.2808,-4.4275,-2.2519,0.9618,28.29,1.75,-97.99,,,25.062456,121.544258,1.26,-0.086,1,yellow_stop_001,45303
45304,2320120,20251210_141737,True,False,True,-0.063,-2.0,-0.2737,-3.5649,-2.2824,1.1756,28.29,1.79,-97.79,,,25.062456,121.544258,1.26,-0.086,1,yellow_stop_001,45304
45305,2320170,20251210_141737,True,False,True,-0.0642,-2.0,-0.2668,-3.687,-2.1679,1.1908,28.34,1.82,-97.6,,,25.062456,121.544258,1.26,-0.086,1,yellow_stop_001,45305
45306,2320219,20251210_141737,True,False,True,-0.0693,-2.0,-0.2629,-3.6107,-2.3893,1.2366,28.25,1.97,-97.49,,,25.062456,121.544258,1.26,-0.086,1,yellow_stop_001,45306
45307,2320269,20251210_141737,True,False,True,-0.0662,-2.0,-0.2734,-3.4885,-2.3206,1.1908,28.34,1.88,-97.79,,,25.062456,121.544258,1.26,-0.086,1,yellow_stop_001,45307
45308,2320319,20251210_141737,True,False,True,-0.0696,-2.0,-0.2603,-3.4809,-2.2901,1.313,28.34,1.98,-97.41,,,25.062456,121.544258,1.26,-0.086,1,yellow_stop_001,45308
45309,2320368,20251210_141737,True,False,True,-0.0652,-2.0,-0.2639,-3.3359,-2.2748,1.3511,28.39,1.85,-97.52,,,25.062456,121.544258,1.26,-0.086,1,yellow_stop_001,45309
45310,2320418,20251210_141738,True,False,True,-0.072,-2.0,-0.2639,-3.3435,-2.3664,1.1756,28.29,2.04,-97.52,,,25.062456,121.544273,1.434,0.17,1,yellow_stop_001,45310
45311,2320468,20251210_141738,True,False,True,-0.0652,-2.0,-0.2559,-3.4885,-2.1985,1.2366,28.39,1.85,-97.29,,,25.062456,121.544273,1.434,0.17,1,yellow_stop_001,45311
45312,2320516,20251210_141738,True,False,True,-0.0659,-2.0,-0.2559,-3.0534,-2.3664,1.2901,28.34,1.87,-97.29,,,25.062456,121.544273,1.434,0.17,1,yellow_stop_001,45312
45313,2320566,20251210_141738,True,False,True,-0.0713,-2.0,-0.2566,-3.2672,-2.4504,1.1908,28.29,2.02,-97.31,,,25.062456,121.544273,1.434,0.17,1,yellow_stop_001,45313
45314,2320614,20251210_141738,True,False,True,-0.0664,-2.0,-0.2605,-3.1679,-2.374,1.2366,28.25,1.89,-97.42,,,25.062456,121.544273,1.434,0.17,1,yellow_stop_001,45314
45315,2320667,20251210_141738,True,False,True,-0.0688,-2.0,-0.261,-3.1908,-2.1832,1.0687,28.25,1.95,-97.43,,,25.062456,121.544273,1.434,0.17,1,yellow_stop_001,45315
45316,2320717,20251210_141738,True,False,True,-0.0735,-2.0,-0.2605,-3.2061,-2.2672,1.2824,28.29,2.09,-97.42,,,25.062456,121.544273,1.434,0.17,1,yellow_stop_001,45316
45317,2320765,20251210_141738,True,False,True,-0.0701,-2.0,-0.2537,-2.9618,-2.4046,1.0992,28.29,1.99,-97.23,,,25.062456,121.544273,1.434,0.17,1,yellow_stop_001,45317
45318,2320816,20251210_141738,True,False,True,-0.0659,-2.0,-0.2585,-3.6107,-2.2519,1.1374,28.29,1.87,-97.37,,,25.062456,121.544273,1.434,0.17,1,yellow_stop_001,45318
45319,2320866,20251210_141738,True,False,True,-0.0637,-2.0,-0.2585,-3.5115,-2.2214,1.0,28.34,1.81,-97.37,,,25.062456,121.544273,1.434,0.17,1,yellow_stop_001,45319
45320,2320914,20251210_141738,True,False,True,-0.073,-2.0,-0.2664,-3.0534,-2.2824,1.1832,28.34,2.07,-97.59,,,25.062456,121.544273,1.434,0.17,1,yellow_stop_001,45320
45321,2320964,20251210_141738,True,True,True,-0.074,-2.0,-0.2546,-3.3435,-2.4733,1.2672,28.34,2.1,-97.26,25.2,44.0,25.062456,121.544273,1.434,0.17,1,yellow_stop_001,45321
45322,2321014,20251210_141738,True,False,True,-0.0703,-2.0,-0.27,-3.4733,-2.2061,1.3206,28.25,2.0,-97.69,,,25.062456,121.544273,1.434,0.17,1,yellow_stop_001,45322
45323,2321062,20251210_141738,True,False,True,-0.0798,-2.0,-0.2671,-3.2443,-2.1298,0.9008,28.44,2.27,-97.61,,,25.062456,121.544273,1.434,0.17,1,yellow_stop_001,45323
45324,2321111,20251210_141738,True,False,True,-0.0774,-2.0,-0.2644,-3.5802,-2.2748,1.0229,28.29,2.2,-97.53,,,25.062456,121.544273,1.434,0.17,1,yellow_stop_001,45324
45325,2321161,20251210_141738,True,False,True,-0.0842,-2.0,-0.2615,-3.2519,-2.6947,0.9313,28.29,2.39,-97.45,,,25.062456,121.544273,1.434,0.17,1,yellow_stop_001,45325
45326,2321210,20251210_141738,True,False,True,-0.0771,-2.0,-0.2544,-3.3053,-2.7405,0.9771,28.29,2.19,-97.25,,,25.062456,121.544273,1.434,0.17,1,yellow_stop_001,45326
45327,2321260,20251210_141738,True,False,True,-0.0801,-2.0,-0.2566,-3.5038,-2.4885,0.7786,28.39,2.27,-97.31,,,25.062456,121.544273,1.434,0.17,1,yellow_stop_001,45327
45328,2321310,20251210_141738,True,False,True,-0.0835,-2.0,-0.2581,-3.7252,-2.687,0.8779,28.34,2.37,-97.35,,,25.062456,121.544273,1.434,0.17,1,yellow_stop_001,45328
45329,2321358,20251210_141738,True,False,True,-0.0825,-2.0,-0.2585,-4.0382,-2.6794,0.9237,28.34,2.34,-97.37,,,25.062456,121.544273,1.434,0.17,1,yellow_stop_001,45329
45330,2321408,20251210_141739,True,False,True,-0.0813,-2.0,-0.2585,-3.9237,-2.8168,0.6412,28.34,2.31,-97.37,,,25.06245,121.544235,1.156,-0.28,1,yellow_stop_001,45330
45331,2321458,20251210_141739,True,False,True,-0.0833,-2.0,-0.26,-4.3282,-2.5649,0.8473,28.34,2.36,-97.41,,,25.06245,121.544235,1.156,-0.28,1,yellow_stop_001,45331
45332,2321506,20251210_141739,True,False,True,-0.0872,-2.0,-0.2651,-4.4198,-2.7939,0.5344,28.34,2.47,-97.55,,,25.06245,121.544235,1.156,-0.28,1,yellow_stop_001,45332
45333,2321556,20251210_141739,True,False,True,-0.0808,-2.0,-0.2651,-4.7481,-2.8397,0.5496,28.39,2.29,-97.55,,,25.06245,121.544235,1.156,-0.28,1,yellow_stop_001,45333
45334,2321606,20251210_141739,True,False,True,-0.085,-2.0,-0.2588,-4.7939,-2.6336,0.4885,28.39,2.41,-97.37,,,25.06245,121.544235,1.156,-0.28,1,yellow_stop_001,45334
45335,2321655,20251210_141739,True,False,True,-0.0813,-2.0,-0.2712,-4.7099,-2.7786,0.542,28.34,2.31,-97.72,,,25.06245,121.544235,1.156,-0.28,1,yellow_stop_001,45335
45336,2321705,20251210_141739,True,False,True,-0.0896,-2.0,-0.2617,-4.7939,-2.8092,0.3664,28.34,2.54,-97.46,,,25.06245,121.544235,1.156,-0.28,1,yellow_stop_001,45336
45337,2321755,20251210_141739,True,False,True,-0.0869,-2.0,-0.262,-4.7939,-2.6412,0.5573,28.34,2.47,-97.46,,,25.06245,121.544235,1.156,-0.28,1,yellow_stop_001,45337
45338,2321803,20251210_141739,True,False,True,-0.0879,-2.0,-0.2747,-4.8626,-2.7176,0.5954,28.29,2.49,-97.82,,,25.06245,121.544235,1.156,-0.28,1,yellow_stop_001,45338
45339,2321858,20251210_141739,True,False,True,-0.0837,-2.0,-0.2642,-5.1985,-2.6336,0.2595,28.2,2.38,-97.52,,,25.06245,121.544235,1.156,-0.28,1,yellow_stop_001,45339
45340,2321907,20251210_141739,True,False,True,-0.0837,-2.0,-0.2583,-4.084,-2.7557,0.8702,28.29,2.38,-97.36,,,25.06245,121.544235,1.156,-0.28,1,yellow_stop_001,45340
45341,2321955,20251210_141739,True,False,True,-0.0835,-2.0,-0.2615,-4.374,-2.7939,0.626,28.29,2.37,-97.45,,,25.06245,121.544235,1.156,-0.28,1,yellow_stop_001,45341
45342,2322005,20251210_141739,True,True,True,-0.083,-2.0,-0.2622,-4.9618,-2.7023,0.374,28.34,2.36,-97.47,25.3,44.0,25.06245,121.544235,1.156,-0.28,1,yellow_stop_001,45342
45343,2322077,20251210_141739,True,False,True,-0.0588,-2.0,-0.2629,-5.0153,-2.6031,0.4733,28.25,1.67,-97.49,,,25.06245,121.544235,1.156,-0.28,1,yellow_stop_001,45343
45344,2322125,20251210_141739,True,False,True,-0.0586,-2.0,-0.2842,-5.0,-2.313,0.687,28.34,1.66,-98.09,,,25.06245,121.544235,1.156,-0.28,1,yellow_stop_001,45344
45345,2322175,20251210_141739,True,False,True,-0.0647,-2.0,-0.2773,-4.4885,-2.2901,0.9542,28.29,1.84,-97.89,,,25.06245,121.544235,1.156,-0.28,1,yellow_stop_001,45345
45346,2322225,20251210_141739,True,False,True,-0.0669,-2.0,-0.2751,-4.3053,-2.3969,0.8397,28.39,1.9,-97.83,,,25.06245,121.544235,1.156,-0.28,1,yellow_stop_001,45346
45347,2322273,20251210_141739,True,False,True,-0.0576,-2.0,-0.2715,-4.626,-2.3053,0.771,28.2,1.64,-97.73,,,25.06245,121.544235,1.156,-0.28,1,yellow_stop_001,45347
45348,2322323,20251210_141739,True,False,True,-0.062,-2.0,-0.2827,-4.3511,-2.0687,1.0,28.29,1.76,-98.05,,,25.06245,121.544235,1.156,-0.28,1,yellow_stop_001,45348
45349,2322373,20251210_141739,True,False,True,-0.0603,-2.0,-0.2705,-3.8855,-2.2595,0.9084,28.29,1.71,-97.7,,,25.06245,121.544235,1.156,-0.28,1,yellow_stop_001,45349
45350,2322421,20251210_141740,True,False,True,-0.0652,-2.0,-0.2705,-4.1374,-2.4504,0.9924,28.34,1.85,-97.7,,,25.06245,121.544205,0.845,-0.307,1,yellow_stop_001,45350
45351,2322471,20251210_141740,True,False,True,-0.0647,-2.0,-0.2703,-3.5802,-2.1756,1.1069,28.34,1.84,-97.7,,,25.06245,121.544205,0.845,-0.307,1,yellow_stop_001,45351
45352,2322519,20251210_141740,True,False,True,-0.0662,-2.0,-0.2703,-3.8321,-2.3435,1.2214,28.2,1.88,-97.7,,,25.06245,121.544205,0.845,-0.307,1,yellow_stop_001,45352
45353,2322569,20251210_141740,True,False,True,-0.0659,-2.0,-0.2627,-3.4046,-2.1298,1.2672,28.34,1.87,-97.48,,,25.06245,121.544205,0.845,-0.307,1,yellow_stop_001,45353
45354,2322619,20251210_141740,True,False,True,-0.0725,-2.0,-0.2617,-3.1908,-2.1756,1.313,28.29,2.06,-97.46,,,25.06245,121.544205,0.845,-0.307,1,yellow_stop_001,45354
45355,2322697,20251210_141740,True,False,True,-0.0859,-2.0,-0.271,-3.0763,-1.9008,1.1069,28.34,2.44,-97.72,,,25.06245,121.544205,0.845,-0.307,1,yellow_stop_001,45355
45356,2322747,20251210_141740,True,False,True,-0.082,-2.0,-0.2678,-6.7557,-2.9313,-0.1603,28.34,2.33,-97.63,,,25.06245,121.544205,0.845,-0.307,1,yellow_stop_001,45356
45357,2322797,20251210_141740,True,False,True,-0.0769,-2.0,-0.2603,-6.7481,-2.6412,-0.0305,28.44,2.18,-97.41,,,25.06245,121.544205,0.845,-0.307,1,yellow_stop_001,45357
45358,2322846,20251210_141740,True,False,True,-0.072,-2.0,-0.2739,-6.7099,-2.8855,-0.1908,28.25,2.04,-97.8,,,25.06245,121.544205,0.845,-0.307,1,yellow_stop_001,45358
45359,2322897,20251210_141740,True,False,True,-0.0835,-2.0,-0.261,-7.0153,-2.8015,0.0076,28.29,2.37,-97.43,,,25.06245,121.544205,0.845,-0.307,1,yellow_stop_001,45359
45360,2322947,20251210_141740,True,False,True,-0.0796,-2.0,-0.2661,-6.6641,-2.9771,-0.2214,28.39,2.26,-97.58,,,25.06245,121.544205,0.845,-0.307,1,yellow_stop_001,45360
45361,2322996,20251210_141740,True,False,True,-0.0742,-2.0,-0.2666,-6.9389,-2.8702,-0.229,28.25,2.11,-97.59,,,25.06245,121.544205,0.845,-0.307,1,yellow_stop_001,45361
45362,2323046,20251210_141740,True,True,True,-0.0742,-2.0,-0.2725,-7.0916,-2.9084,-0.145,28.25,2.11,-97.76,25.3,44.0,25.06245,121.544205,0.845,-0.307,1,yellow_stop_001,45362
45363,2323097,20251210_141740,True,False,True,-0.0813,-2.0,-0.2566,-7.2214,-2.9618,-0.1908,28.25,2.31,-97.31,,,25.06245,121.544205,0.845,-0.307,1,yellow_stop_001,45363
45364,2323145,20251210_141740,True,False,True,-0.0728,-2.0,-0.2866,-7.0076,-2.855,-0.145,28.34,2.06,-98.16,,,25.06245,121.544205,0.845,-0.307,1,yellow_stop_001,45364
45365,2323195,20251210_141740,True,False,True,-0.0703,-2.0,-0.2747,-7.3817,-2.6718,-0.1145,28.29,1.99,-97.82,,,25.06245,121.544205,0.845,-0.307,1,yellow_stop_001,45365
45366,2323245,20251210_141740,True,False,True,-0.0652,-2.0,-0.2805,-7.1908,-2.5115,-0.1679,28.39,1.85,-97.98,,,25.06245,121.544205,0.845,-0.307,1,yellow_stop_001,45366
45367,2323296,20251210_141740,True,False,True,-0.0735,-2.0,-0.2666,-6.8702,-2.7252,-0.1679,28.29,2.09,-97.59,,,25.06245,121.544205,0.845,-0.307,1,yellow_stop_001,45367
45368,2323346,20251210_141740,True,False,True,-0.0706,-2.0,-0.2903,-6.9008,-2.5725,-0.1527,28.29,2.0,-98.26,,,25.06245,121.544205,0.845,-0.307,1,yellow_stop_001,45368
45369,2323396,20251210_141741,True,False,True,-0.0728,-2.0,-0.2903,-7.2977,-2.4962,-0.145,28.29,2.06,-98.26,,,25.062447,121.544174,0.517,-0.337,1,yellow_stop_001,45369
45370,2323445,20251210_141741,True,False,True,-0.0635,-2.0,-0.2959,-7.1527,-2.5573,-0.1298,28.29,1.8,-98.42,,,25.062447,121.544174,0.517,-0.337,1,yellow_stop_001,45370
45371,2323495,20251210_141741,True,False,True,-0.063,-2.0,-0.2864,-7.0382,-2.771,-0.1145,28.34,1.79,-98.15,,,25.062447,121.544174,0.517,-0.337,1,yellow_stop_001,45371
45372,2323545,20251210_141741,True,False,True,-0.0657,-2.0,-0.2864,-6.9924,-2.5115,-0.0229,28.34,1.86,-98.15,,,25.062447,121.544174,0.517,-0.337,1,yellow_stop_001,45372
45373,2323604,20251210_141741,True,False,True,-0.0789,-2.0,-0.2656,-7.229,-2.4046,-0.084,28.25,2.24,-97.57,,,25.062447,121.544174,0.517,-0.337,1,yellow_stop_001,45373
45374,2323655,20251210_141741,True,False,True,-0.0857,-2.0,-0.2666,-6.6641,-3.0229,-0.0229,28.29,2.43,-97.59,,,25.062447,121.544174,0.517,-0.337,1,yellow_stop_001,45374
45375,2323705,20251210_141741,True,False,True,-0.0894,-2.0,-0.2664,-6.0305,-3.2061,0.2137,28.29,2.54,-97.59,,,25.062447,121.544174,0.517,-0.337,1,yellow_stop_001,45375
45376,2323754,20251210_141741,True,False,True,-0.0811,-2.0,-0.2681,-5.1374,-3.0992,0.7099,28.25,2.3,-97.63,,,25.062447,121.544174,0.517,-0.337,1,yellow_stop_001,45376
45377,2323804,20251210_141741,True,False,True,-0.0808,-2.0,-0.2576,-4.626,-2.5878,0.7176,28.34,2.29,-97.34,,,25.062447,121.544174,0.517,-0.337,1,yellow_stop_001,45377
45378,2323854,20251210_141741,True,False,True,-0.0818,-2.0,-0.2605,-4.0229,-2.1069,1.0458,28.25,2.32,-97.42,,,25.062447,121.544174,0.517,-0.337,1,yellow_stop_001,45378
45379,2323903,20251210_141741,True,False,True,-0.0693,-2.0,-0.2659,-3.7786,-1.9847,1.0076,28.25,1.97,-97.57,,,25.062447,121.544174,0.517,-0.337,1,yellow_stop_001,45379
45380,2323953,20251210_141741,True,False,True,-0.0647,-2.0,-0.2717,-3.8168,-1.9924,0.855,28.34,1.84,-97.74,,,25.062447,121.544174,0.517,-0.337,1,yellow_stop_001,45380
45381,2324003,20251210_141741,True,False,True,-0.0593,-2.0,-0.2771,-4.2748,-2.0153,0.7634,28.29,1.68,-97.89,,,25.062447,121.544174,0.517,-0.337,1,yellow_stop_001,45381
45382,2324055,20251210_141741,True,True,True,-0.0659,-2.0,-0.2705,-5.5115,-2.0611,0.5038,28.39,1.87,-97.7,25.3,44.0,25.062447,121.544174,0.517,-0.337,1,yellow_stop_001,45382
45383,2324128,20251210_141741,True,False,True,-0.073,-2.0,-0.2686,-6.4656,-2.4504,0.1832,28.48,2.07,-97.65,,,25.062447,121.544174,0.517,-0.337,1,yellow_stop_001,45383
45384,2324178,20251210_141741,True,False,True,-0.0603,-2.0,-0.2686,-3.8321,-2.0916,0.7634,28.39,1.71,-97.65,,,25.062447,121.544174,0.517,-0.337,1,yellow_stop_001,45384
45385,2324227,20251210_141741,True,False,True,-0.062,-2.0,-0.2754,-4.5496,-2.0229,0.7099,28.34,1.76,-97.84,,,25.062447,121.544174,0.517,-0.337,1,yellow_stop_001,45385
45386,2324277,20251210_141741,True,False,True,-0.0667,-2.0,-0.2664,-5.3053,-2.2672,0.313,28.25,1.89,-97.59,,,25.062447,121.544174,0.517,-0.337,1,yellow_stop_001,45386
45387,2324327,20251210_141741,True,False,True,-0.0696,-2.0,-0.2634,-6.2061,-2.8473,0.3588,28.34,1.98,-97.5,,,25.062447,121.544174,0.517,-0.337,1,yellow_stop_001,45387
45388,2324375,20251210_141741,True,False,True,-0.0806,-2.0,-0.2737,-6.0229,-3.1756,0.3893,28.25,2.29,-97.79,,,25.062447,121.544174,0.517,-0.337,1,yellow_stop_001,45388
45389,2324425,20251210_141742,True,False,True,-0.0845,-2.0,-0.2737,-5.7481,-3.0763,0.4885,28.34,2.4,-97.79,,,25.062447,121.544174,0.598,0.079,1,yellow_stop_001,45389
45390,2324496,20251210_141742,True,False,True,-0.0645,-2.0,-0.2678,-4.5802,-2.3969,0.4427,28.34,1.83,-97.63,,,25.062447,121.544174,0.598,0.079,1,yellow_stop_001,45390
45391,2324545,20251210_141742,True,False,True,-0.0803,-2.0,-0.2678,-6.1145,-3.4809,0.2901,28.29,2.28,-97.63,,,25.062447,121.544174,0.598,0.079,1,yellow_stop_001,45391
45392,2324595,20251210_141742,True,False,True,-0.0798,-2.0,-0.2703,-5.8931,-3.1527,0.5725,28.29,2.27,-97.7,,,25.062447,121.544174,0.598,0.079,1,yellow_stop_001,45392
45393,2324644,20251210_141742,True,False,True,-0.0764,-2.0,-0.2639,-5.3969,-2.5954,0.5954,28.25,2.17,-97.52,,,25.062447,121.544174,0.598,0.079,1,yellow_stop_001,45393
45394,2324694,20251210_141742,True,False,True,-0.0676,-2.0,-0.2693,-4.3664,-2.1069,0.7176,28.25,1.92,-97.67,,,25.062447,121.544174,0.598,0.079,1,yellow_stop_001,45394
45395,2324744,20251210_141742,True,False,True,-0.0676,-2.0,-0.2842,-4.1527,-1.9084,0.8321,28.34,1.92,-98.09,,,25.062447,121.544174,0.598,0.079,1,yellow_stop_001,45395
45396,2324793,20251210_141742,True,False,True,-0.061,-2.0,-0.2778,-5.145,-2.1298,0.2443,28.34,1.73,-97.91,,,25.062447,121.544174,0.598,0.079,1,yellow_stop_001,45396
45397,2324843,20251210_141742,True,False,True,-0.0671,-2.0,-0.2712,-6.2061,-2.7328,0.1527,28.39,1.91,-97.72,,,25.062447,121.544174,0.598,0.079,1,yellow_stop_001,45397
45398,2324893,20251210_141742,True,False,True,-0.0823,-2.0,-0.2708,-6.4885,-3.374,0.2137,28.2,2.33,-97.71,,,25.062447,121.544174,0.598,0.079,1,yellow_stop_001,45398
45399,2324941,20251210_141742,True,False,True,-0.0803,-2.0,-0.2588,-5.8931,-3.2672,0.6641,28.29,2.28,-97.37,,,25.062447,121.544174,0.598,0.079,1,yellow_stop_001,45399
45400,2324991,20251210_141742,True,False,True,-0.0774,-2.0,-0.2581,-4.9847,-2.7176,0.7939,28.95,2.2,-97.35,,,25.062447,121.544174,0.598,0.079,1,yellow_stop_001,45400
45401,2325041,20251210_141742,True,False,True,-0.0732,-2.0,-0.2625,-4.1527,-1.8321,0.8779,28.34,2.08,-97.48,,,25.062447,121.544174,0.598,0.079,1,yellow_stop_001,45401
45402,2325090,20251210_141742,True,True,True,-0.0693,-2.0,-0.2734,-3.6718,-1.6183,0.771,28.25,1.97,-97.79,25.3,44.0,25.062447,121.544174,0.598,0.079,1,yellow_stop_001,45402
45403,2325140,20251210_141742,True,False,True,-0.0586,-2.0,-0.2756,-4.2519,-1.8015,0.7252,28.34,1.66,-97.85,,,25.062447,121.544174,0.598,0.079,1,yellow_stop_001,45403
45404,2325190,20251210_141742,True,False,True,-0.0586,-2.0,-0.2651,-5.4122,-1.9771,0.3588,28.34,1.66,-97.55,,,25.062447,121.544174,0.598,0.079,1,yellow_stop_001,45404
45405,2325238,20251210_141742,True,False,True,-0.0676,-2.0,-0.2656,-6.1374,-3.0229,0.2519,27.54,1.92,-97.57,,,25.062447,121.544174,0.598,0.079,1,yellow_stop_001,45405
45406,2325288,20251210_141742,True,False,True,-0.0764,-2.0,-0.2659,-6.2824,-3.7328,0.3817,28.95,2.17,-97.57,,,25.062447,121.544174,0.598,0.079,1,yellow_stop_001,45406
45407,2325338,20251210_141742,True,False,True,-0.0881,-2.0,-0.2683,-6.3053,-3.5802,0.5573,28.29,2.5,-97.64,,,25.062447,121.544174,0.598,0.079,1,yellow_stop_001,45407
45408,2325387,20251210_141743,True,False,True,-0.0823,-2.0,-0.2683,-5.0611,-3.0916,0.7405,28.34,2.33,-97.64,,,25.062447,121.544174,0.598,-0.001,1,yellow_stop_001,45408
45409,2325438,20251210_141743,True,False,True,-0.072,-2.0,-0.2622,-4.3206,-1.9847,0.4198,28.25,2.04,-97.47,,,25.062447,121.544174,0.598,-0.001,1,yellow_stop_001,45409
45410,2325488,20251210_141743,True,False,True,-0.0684,-2.0,-0.2659,-3.626,-1.6107,1.0687,28.34,1.94,-97.57,,,25.062447,121.544174,0.598,-0.001,1,yellow_stop_001,45410
45411,2325536,20251210_141743,True,False,True,-0.0552,-2.0,-0.2659,-3.7176,-1.6031,0.8779,28.39,1.57,-97.57,,,25.062447,121.544174,0.598,-0.001,1,yellow_stop_001,45411
45412,2325586,20251210_141743,True,False,True,-0.0581,-2.0,-0.2876,-4.6565,-2.1603,0.5649,28.34,1.65,-98.18,,,25.062447,121.544174,0.598,-0.001,1,yellow_stop_001,45412
45413,2325688,20251210_141743,True,False,True,-0.0815,-2.0,-0.2751,-5.9008,-2.5191,0.0458,28.29,2.31,-97.83,,,25.062447,121.544174,0.598,-0.001,1,yellow_stop_001,45413
45414,2325736,20251210_141743,True,False,True,-0.0798,-2.0,-0.2595,-6.1756,-3.626,0.6489,28.25,2.27,-97.39,,,25.062447,121.544174,0.598,-0.001,1,yellow_stop_001,45414
45415,2325786,20251210_141743,True,False,True,-0.0828,-2.0,-0.2727,-5.8015,-3.0229,0.3893,28.34,2.35,-97.76,,,25.062447,121.544174,0.598,-0.001,1,yellow_stop_001,45415
45416,2325836,20251210_141743,True,False,True,-0.0798,-2.0,-0.2415,-5.2824,-2.7939,0.5344,28.34,2.27,-96.88,,,25.062447,121.544174,0.598,-0.001,1,yellow_stop_001,45416
45417,2325885,20251210_141743,True,False,True,-0.0747,-2.0,-0.262,-4.2137,-1.7557,0.5954,28.29,2.12,-97.46,,,25.062447,121.544174,0.598,-0.001,1,yellow_stop_001,45417
45418,2325935,20251210_141743,True,False,True,-0.0728,-2.0,-0.2776,-3.7939,-1.7328,0.855,28.34,2.06,-97.9,,,25.062447,121.544174,0.598,-0.001,1,yellow_stop_001,45418
45419,2325985,20251210_141743,True,False,True,-0.0618,-2.0,-0.2773,-4.1908,-1.8244,0.8168,28.25,1.75,-97.89,,,25.062447,121.544174,0.598,-0.001,1,yellow_stop_001,45419
45420,2326033,20251210_141743,True,False,True,-0.0598,-2.0,-0.2805,-5.1832,-2.1298,0.2977,28.29,1.7,-97.98,,,25.062447,121.544174,0.598,-0.001,1,yellow_stop_001,45420
45421,2326083,20251210_141743,True,False,True,-0.0696,-2.0,-0.2683,-5.9542,-2.3206,0.1756,28.29,1.97,-97.64,,,25.062447,121.544174,0.598,-0.001,1,yellow_stop_001,45421
45422,2326133,20251210_141743,True,True,True,-0.0774,-2.0,-0.2715,-6.374,-3.4046,0.374,28.34,2.2,-97.73,25.3,44.0,25.062447,121.544174,0.598,-0.001,1,yellow_stop_001,45422
45423,2326204,20251210_141743,True,False,True,-0.0527,-2.0,-0.2727,-6.374,-3.5954,0.5573,28.34,1.5,-97.76,,,25.062447,121.544174,0.598,-0.001,1,yellow_stop_001,45423
45424,2326254,20251210_141743,True,False,True,-0.0579,-2.0,-0.2812,-4.5878,-1.8092,0.626,28.25,1.64,-98.0,,,25.062447,121.544174,0.598,-0.001,1,yellow_stop_001,45424
45425,2326304,20251210_141743,True,False,True,-0.061,-2.0,-0.2681,-5.8244,-2.4275,0.4046,28.29,1.73,-97.63,,,25.062447,121.544174,0.598,-0.001,1,yellow_stop_001,45425
45426,2326353,20251210_141743,True,False,True,-0.0669,-2.0,-0.2668,-6.7099,-3.2977,0.1374,28.29,1.9,-97.6,,,25.062447,121.544174,0.598,-0.001,1,yellow_stop_001,45426
45427,2326403,20251210_141744,True,False,True,-0.0703,-2.0,-0.2668,-7.4656,-3.229,0.0611,28.39,2.0,-97.6,,,25.062443,121.544189,0.786,0.185,1,yellow_stop_001,45427
45428,2326470,20251210_141744,True,False,True,-0.075,-2.0,-0.2559,-7.229,-3.687,0.0687,28.29,2.13,-97.29,,,25.062443,121.544189,0.786,0.185,1,yellow_stop_001,45428
45429,2326518,20251210_141744,True,False,True,-0.0681,-2.0,-0.2715,-3.0229,-1.4427,1.0,28.34,1.93,-97.73,,,25.062443,121.544189,0.786,0.185,1,yellow_stop_001,45429
45430,2326568,20251210_141744,True,False,True,-0.0608,-2.0,-0.2795,-3.3359,-1.6489,1.0305,28.34,1.72,-97.96,,,25.062443,121.544189,0.786,0.185,1,yellow_stop_001,45430
45431,2326617,20251210_141744,True,False,True,-0.05,-2.0,-0.2825,-3.3359,-1.6489,1.0305,28.34,1.42,-98.04,,,25.062443,121.544189,0.786,0.185,1,yellow_stop_001,45431
45432,2326666,20251210_141744,True,False,True,-0.0515,-2.0,-0.283,-4.0534,-1.9084,0.7557,28.2,1.46,-98.05,,,25.062443,121.544189,0.786,0.185,1,yellow_stop_001,45432
45433,2326716,20251210_141744,True,False,True,-0.0603,-2.0,-0.2756,-5.3206,-2.2748,0.2901,28.29,1.71,-97.85,,,25.062443,121.544189,0.786,0.185,1,yellow_stop_001,45433
45434,2326764,20251210_141744,True,False,True,-0.0625,-2.0,-0.2808,-6.7557,-2.6336,0.1985,28.25,1.77,-97.99,,,25.062443,121.544189,0.786,0.185,1,yellow_stop_001,45434
45435,2326814,20251210_141744,True,False,True,-0.0652,-2.0,-0.2729,-6.6107,-2.626,0.3511,28.25,1.85,-97.77,,,25.062443,121.544189,0.786,0.185,1,yellow_stop_001,45435
45436,2326863,20251210_141744,True,False,True,-0.0752,-2.0,-0.2668,-6.7481,-3.4275,0.3206,28.34,2.13,-97.6,,,25.062443,121.544189,0.786,0.185,1,yellow_stop_001,45436
45437,2326911,20251210_141744,True,False,True,-0.0813,-2.0,-0.2668,-7.0534,-3.4427,0.1145,28.44,2.31,-97.6,,,25.062443,121.544189,0.786,0.185,1,yellow_stop_001,45437
45438,2326961,20251210_141744,True,False,True,-0.0903,-2.0,-0.2703,-6.4962,-3.7481,0.0382,28.25,2.56,-97.7,,,25.062443,121.544189,0.786,0.185,1,yellow_stop_001,45438
45439,2327011,20251210_141744,True,False,True,-0.0835,-2.0,-0.2634,-5.542,-2.9466,0.5038,28.29,2.37,-97.5,,,25.062443,121.544189,0.786,0.185,1,yellow_stop_001,45439
45440,2327059,20251210_141744,True,False,True,-0.0801,-2.0,-0.2449,-4.4733,-2.3282,0.6183,28.39,2.28,-96.98,,,25.062443,121.544189,0.786,0.185,1,yellow_stop_001,45440
45441,2327109,20251210_141744,True,False,True,-0.0786,-2.0,-0.2488,-4.0305,-2.0611,0.9771,28.29,2.23,-97.09,,,25.062443,121.544189,0.786,0.185,1,yellow_stop_001,45441
45442,2327159,20251210_141744,True,True,True,-0.0662,-2.0,-0.2585,-3.2977,-1.5802,1.145,28.25,1.88,-97.37,25.3,44.0,25.062443,121.544189,0.786,0.185,1,yellow_stop_001,45442
45443,2327208,20251210_141744,True,False,True,-0.0635,-2.0,-0.2683,-4.1908,-1.9008,0.6794,28.34,1.8,-97.64,,,25.062443,121.544189,0.786,0.185,1,yellow_stop_001,45443
45444,2327259,20251210_141744,True,False,True,-0.0576,-2.0,-0.2815,-4.1908,-1.9008,0.6794,28.34,1.63,-98.01,,,25.062443,121.544189,0.786,0.185,1,yellow_stop_001,45444
45445,2327309,20251210_141744,True,False,True,-0.0547,-2.0,-0.2876,-5.313,-2.2595,0.5038,28.34,1.55,-98.18,,,25.062443,121.544189,0.786,0.185,1,yellow_stop_001,45445
45446,2327357,20251210_141744,True,False,True,-0.0554,-2.0,-0.2832,-6.0229,-2.3817,0.4046,28.34,1.57,-98.06,,,25.062443,121.544189,0.786,0.185,1,yellow_stop_001,45446
45447,2327407,20251210_141745,True,False,True,-0.063,-2.0,-0.2832,-6.4427,-2.8702,0.1985,28.29,1.79,-98.06,,,25.062443,121.544205,0.693,-0.093,1,yellow_stop_001,45447
45448,2327476,20251210_141745,True,False,True,-0.0762,-2.0,-0.2603,-7.0076,-3.5649,0.3053,28.34,2.16,-97.41,,,25.062443,121.544205,0.693,-0.093,1,yellow_stop_001,45448
45449,2327524,20251210_141745,True,False,True,-0.071,-2.0,-0.2603,-2.916,-1.5802,0.8702,28.25,2.02,-97.41,,,25.062443,121.544205,0.693,-0.093,1,yellow_stop_001,45449
45450,2327574,20251210_141745,True,False,True,-0.0557,-2.0,-0.2817,-3.7786,-1.7328,0.8473,28.34,1.58,-98.02,,,25.062443,121.544205,0.693,-0.093,1,yellow_stop_001,45450
45451,2327624,20251210_141745,True,False,True,-0.0574,-2.0,-0.2913,-4.1527,-1.7023,0.7786,28.29,1.63,-98.29,,,25.062443,121.544205,0.693,-0.093,1,yellow_stop_001,45451
45452,2327672,20251210_141745,True,False,True,-0.0547,-2.0,-0.281,-4.5191,-2.0305,0.626,28.29,1.55,-98.0,,,25.062443,121.544205,0.693,-0.093,1,yellow_stop_001,45452
45453,2327722,20251210_141745,True,False,True,-0.0552,-2.0,-0.2817,-5.1145,-1.8779,0.6107,28.29,1.56,-98.02,,,25.062443,121.544205,0.693,-0.093,1,yellow_stop_001,45453
45454,2327772,20251210_141745,True,False,True,-0.0583,-2.0,-0.2734,-5.8244,-2.7099,0.3969,28.29,1.66,-97.79,,,25.062443,121.544205,0.693,-0.093,1,yellow_stop_001,45454
45455,2327820,20251210_141745,True,False,True,-0.0645,-2.0,-0.2764,-7.1603,-3.229,0.1908,28.15,1.83,-97.87,,,25.062443,121.544205,0.693,-0.093,1,yellow_stop_001,45455
45456,2327870,20251210_141745,True,False,True,-0.0645,-2.0,-0.2786,-7.4198,-3.4809,-0.1221,28.25,1.83,-97.93,,,25.062443,121.544205,0.693,-0.093,1,yellow_stop_001,45456
45457,2327920,20251210_141745,True,False,True,-0.0845,-2.0,-0.2786,-7.3282,-3.7252,-0.0305,28.25,2.4,-97.93,,,25.062443,121.544205,0.693,-0.093,1,yellow_stop_001,45457
45458,2327968,20251210_141745,True,False,True,-0.085,-2.0,-0.2786,-6.0916,-3.2366,0.2672,28.39,2.41,-97.93,,,25.062443,121.544205,0.693,-0.093,1,yellow_stop_001,45458
45459,2328019,20251210_141745,True,False,True,-0.0937,-2.0,-0.252,-6.0916,-3.2366,0.2672,28.39,2.66,-97.18,,,25.062443,121.544205,0.693,-0.093,1,yellow_stop_001,45459
45460,2328069,20251210_141745,True,False,True,-0.0881,-2.0,-0.251,-4.7405,-2.855,0.7328,28.29,2.5,-97.15,,,25.062443,121.544205,0.693,-0.093,1,yellow_stop_001,45460
45461,2328117,20251210_141745,True,False,True,-0.0813,-2.0,-0.2444,-4.3053,-2.4656,0.626,28.39,2.31,-96.97,,,25.062443,121.544205,0.693,-0.093,1,yellow_stop_001,45461
45462,2328167,20251210_141745,True,True,True,-0.0815,-2.0,-0.2483,-3.4122,-2.0534,0.8779,28.34,2.32,-97.08,25.3,44.0,25.062443,121.544205,0.693,-0.093,1,yellow_stop_001,45462
45463,2328241,20251210_141745,True,False,True,-0.0808,-2.0,-0.2634,-2.8702,-1.6107,0.9924,28.34,2.29,-97.5,,,25.062443,121.544205,0.693,-0.093,1,yellow_stop_001,45463
45464,2328290,20251210_141745,True,False,True,-0.0835,-2.0,-0.2705,-6.8321,-3.5649,0.1374,27.54,2.37,-97.7,,,25.062443,121.544205,0.693,-0.093,1,yellow_stop_001,45464
45465,2328340,20251210_141745,True,False,True,-0.0864,-2.0,-0.2578,-5.4733,-3.0992,0.4122,28.2,2.45,-97.35,,,25.062443,121.544205,0.693,-0.093,1,yellow_stop_001,45465
45466,2328388,20251210_141745,True,False,True,-0.085,-2.0,-0.2578,-4.8397,-2.6794,0.5802,28.29,2.41,-97.35,,,25.062443,121.544205,0.693,-0.093,1,yellow_stop_001,45466
45467,2328438,20251210_141746,True,False,True,-0.085,-2.0,-0.2573,-4.1145,-2.4275,0.8244,28.34,2.41,-97.33,,,25.06245,121.544189,0.136,-0.54,1,yellow_stop_001,45467
45468,2328491,20251210_141746,True,False,True,-0.0671,-2.0,-0.2549,-3.6336,-2.1832,0.9695,28.29,1.91,-97.26,,,25.06245,121.544189,0.136,-0.54,1,yellow_stop_001,45468
45469,2328540,20251210_141746,True,False,True,-0.063,-2.0,-0.2549,-3.2595,-1.9008,0.8321,28.34,1.79,-97.26,,,25.06245,121.544189,0.136,-0.54,1,yellow_stop_001,45469
45470,2328590,20251210_141746,True,False,True,-0.0581,-2.0,-0.2776,-3.1985,-1.9771,0.9466,28.25,1.65,-97.9,,,25.06245,121.544189,0.136,-0.54,1,yellow_stop_001,45470
45471,2328641,20251210_141746,True,False,True,-0.0515,-2.0,-0.2822,-3.5802,-1.5496,0.9237,28.34,1.46,-98.03,,,25.06245,121.544189,0.136,-0.54,1,yellow_stop_001,45471
45472,2328690,20251210_141746,True,False,True,-0.0549,-2.0,-0.2842,-5.4275,-2.0992,0.6183,28.29,1.56,-98.09,,,25.06245,121.544189,0.136,-0.54,1,yellow_stop_001,45472
45473,2328740,20251210_141746,True,False,True,-0.0613,-2.0,-0.2795,-6.6718,-2.7328,0.2672,28.29,1.74,-97.96,,,25.06245,121.544189,0.136,-0.54,1,yellow_stop_001,45473
45474,2328789,20251210_141746,True,False,True,-0.0659,-2.0,-0.2771,-7.0305,-3.0076,0.1221,28.34,1.87,-97.89,,,25.06245,121.544189,0.136,-0.54,1,yellow_stop_001,45474
45475,2328837,20251210_141746,True,False,True,-0.0686,-2.0,-0.272,-7.4733,-3.3664,-0.2519,28.34,1.95,-97.74,,,25.06245,121.544189,0.136,-0.54,1,yellow_stop_001,45475
45476,2328888,20251210_141746,True,False,True,-0.0803,-2.0,-0.2712,-7.1221,-3.458,0.0916,28.34,2.28,-97.72,,,25.06245,121.544189,0.136,-0.54,1,yellow_stop_001,45476
45477,2328938,20251210_141746,True,False,True,-0.0815,-2.0,-0.2681,-6.7557,-3.5725,0.1069,28.34,2.31,-97.63,,,25.06245,121.544189,0.136,-0.54,1,yellow_stop_001,45477
45478,2328986,20251210_141746,True,False,True,-0.0874,-2.0,-0.2598,-5.5496,-3.2443,0.3435,28.25,2.48,-97.4,,,25.06245,121.544189,0.136,-0.54,1,yellow_stop_001,45478
45479,2329036,20251210_141746,True,False,True,-0.0818,-2.0,-0.261,-5.626,-3.4656,0.0916,28.25,2.32,-97.43,,,25.06245,121.544189,0.136,-0.54,1,yellow_stop_001,45479
45480,2329086,20251210_141746,True,False,True,-0.0847,-2.0,-0.2627,-4.5191,-2.6489,0.4198,28.29,2.4,-97.48,,,25.06245,121.544189,0.136,-0.54,1,yellow_stop_001,45480
45481,2329134,20251210_141746,True,False,True,-0.0896,-2.0,-0.2549,-3.5802,-2.0916,0.9771,28.29,2.54,-97.26,,,25.06245,121.544189,0.136,-0.54,1,yellow_stop_001,45481
45482,2329184,20251210_141746,True,True,True,-0.0752,-2.0,-0.259,-3.3053,-1.7863,0.9542,28.29,2.14,-97.38,25.3,44.0,25.06245,121.544189,0.136,-0.54,1,yellow_stop_001,45482
45483,2329234,20251210_141746,True,False,True,-0.0615,-2.0,-0.2729,-3.0458,-1.7634,1.1069,28.29,1.75,-97.77,,,25.06245,121.544189,0.136,-0.54,1,yellow_stop_001,45483
45484,2329284,20251210_141746,True,False,True,-0.0608,-2.0,-0.2817,-3.4733,-1.6718,0.9695,28.34,1.72,-98.02,,,25.06245,121.544189,0.136,-0.54,1,yellow_stop_001,45484
45485,2329334,20251210_141746,True,False,True,-0.0591,-2.0,-0.2827,-3.626,-2.0458,0.8779,28.34,1.68,-98.05,,,25.06245,121.544189,0.136,-0.54,1,yellow_stop_001,45485
45486,2329384,20251210_141746,True,False,True,-0.0591,-2.0,-0.2734,-4.4656,-1.8702,0.9618,28.29,1.68,-97.79,,,25.06245,121.544189,0.136,-0.54,1,yellow_stop_001,45486
45487,2329463,20251210_141747,True,False,True,-0.0789,-2.0,-0.2734,-5.6565,-2.1069,0.6031,28.29,2.24,-97.79,,,25.062456,121.544205,0.093,-0.042,1,yellow_stop_001,45487
45488,2329513,20251210_141747,True,False,True,-0.0728,-2.0,-0.262,-3.1756,-1.771,1.0382,28.39,2.07,-97.46,,,25.062456,121.544205,0.093,-0.042,1,yellow_stop_001,45488
45489,2329563,20251210_141747,True,False,True,-0.062,-2.0,-0.2695,-3.0916,-1.5191,1.0916,28.39,1.76,-97.68,,,25.062456,121.544205,0.093,-0.042,1,yellow_stop_001,45489
45490,2329612,20251210_141747,True,False,True,-0.0574,-2.0,-0.2842,-4.0992,-2.0,0.9847,28.34,1.63,-98.09,,,25.062456,121.544205,0.093,-0.042,1,yellow_stop_001,45490
45491,2329662,20251210_141747,True,False,True,-0.0559,-2.0,-0.2871,-4.8015,-1.9237,0.6565,28.29,1.58,-98.17,,,25.062456,121.544205,0.093,-0.042,1,yellow_stop_001,45491
45492,2329712,20251210_141747,True,False,True,-0.0566,-2.0,-0.2866,-6.2214,-2.1985,0.2748,28.29,1.61,-98.16,,,25.062456,121.544205,0.093,-0.042,1,yellow_stop_001,45492
45493,2329761,20251210_141747,True,False,True,-0.0671,-2.0,-0.2893,-6.5725,-2.542,0.0305,28.39,1.9,-98.23,,,25.062456,121.544205,0.093,-0.042,1,yellow_stop_001,45493
45494,2329812,20251210_141747,True,False,True,-0.0708,-2.0,-0.2651,-7.0916,-2.8397,0.1069,28.29,2.01,-97.55,,,25.062456,121.544205,0.093,-0.042,1,yellow_stop_001,45494
45495,2329862,20251210_141747,True,False,True,-0.0825,-2.0,-0.2761,-7.0611,-3.5191,0.0611,28.25,2.34,-97.86,,,25.062456,121.544205,0.093,-0.042,1,yellow_stop_001,45495
45496,2329911,20251210_141747,True,False,True,-0.0781,-2.0,-0.2783,-6.4504,-3.4733,0.084,28.25,2.22,-97.92,,,25.062456,121.544205,0.093,-0.042,1,yellow_stop_001,45496
45497,2329961,20251210_141747,True,False,True,-0.0854,-2.0,-0.2642,-6.3588,-3.5038,-0.0458,28.34,2.43,-97.52,,,25.062456,121.544205,0.093,-0.042,1,yellow_stop_001,45497
45498,2330011,20251210_141747,True,False,True,-0.092,-2.0,-0.2603,-5.5115,-3.0,0.1679,28.25,2.61,-97.41,,,25.062456,121.544205,0.093,-0.042,1,yellow_stop_001,45498
45499,2330059,20251210_141747,True,False,True,-0.0937,-2.0,-0.2585,-4.8397,-2.5802,0.4504,27.64,2.66,-97.37,,,25.062456,121.544205,0.093,-0.042,1,yellow_stop_001,45499
45500,2330109,20251210_141747,True,False,True,-0.0911,-2.0,-0.2476,-4.5038,-2.7099,0.6718,28.2,2.59,-97.06,,,25.062456,121.544205,0.093,-0.042,1,yellow_stop_001,45500
45501,2330159,20251210_141747,True,False,True,-0.0864,-2.0,-0.259,-3.687,-2.6794,0.7023,28.39,2.45,-97.38,,,25.062456,121.544205,0.093,-0.042,1,yellow_stop_001,45501
45502,2330208,20251210_141747,True,True,True,-0.0833,-2.0,-0.2549,-3.7557,-2.458,0.7863,28.34,2.36,-97.26,25.2,44.0,25.062456,121.544205,0.093,-0.042,1,yellow_stop_001,45502
45503,2330281,20251210_141747,True,False,True,-0.0627,-2.0,-0.2725,-3.7405,-2.2214,0.8855,28.34,1.78,-97.76,,,25.062456,121.544205,0.093,-0.042,1,yellow_stop_001,45503
45504,2330331,20251210_141747,True,False,True,-0.0713,-2.0,-0.282,-7.3206,-3.2901,0.0611,28.34,2.02,-98.03,,,25.062456,121.544205,0.093,-0.042,1,yellow_stop_001,45504
45505,2330379,20251210_141747,True,False,True,-0.0791,-2.0,-0.2766,-6.8626,-3.1603,0.1603,28.39,2.24,-97.87,,,25.062456,121.544205,0.093,-0.042,1,yellow_stop_001,45505
45506,2330429,20251210_141748,True,False,True,-0.0801,-2.0,-0.2766,-6.2595,-3.2977,0.2366,28.2,2.27,-97.87,,,25.062456,121.54422,0.231,0.144,1,yellow_stop_001,45506
45507,2330481,20251210_141748,True,False,True,-0.0811,-2.0,-0.251,-5.3969,-2.7176,0.4733,28.29,2.3,-97.15,,,25.062456,121.54422,0.231,0.144,1,yellow_stop_001,45507
45508,2330531,20251210_141748,True,False,True,-0.0684,-2.0,-0.251,-4.4046,-2.3206,0.8855,28.34,1.94,-97.15,,,25.062456,121.54422,0.231,0.144,1,yellow_stop_001,45508
45509,2330581,20251210_141748,True,False,True,-0.073,-2.0,-0.2581,-4.3053,-1.687,0.7252,28.34,2.07,-97.35,,,25.062456,121.54422,0.231,0.144,1,yellow_stop_001,45509
45510,2330629,20251210_141748,True,False,True,-0.0696,-2.0,-0.2634,-4.0305,-2.0076,0.8092,28.29,1.98,-97.5,,,25.062456,121.54422,0.231,0.144,1,yellow_stop_001,45510
45511,2330681,20251210_141748,True,False,True,-0.0574,-2.0,-0.2708,-3.6412,-1.9542,0.8015,28.29,1.63,-97.71,,,25.062456,121.54422,0.231,0.144,1,yellow_stop_001,45511
45512,2330731,20251210_141748,True,False,True,-0.0608,-2.0,-0.2788,-4.5878,-2.084,0.9084,28.39,1.72,-97.94,,,25.062456,121.54422,0.231,0.144,1,yellow_stop_001,45512
45513,2330780,20251210_141748,True,False,True,-0.0605,-2.0,-0.2666,-4.9008,-2.084,0.7176,28.25,1.72,-97.59,,,25.062456,121.54422,0.231,0.144,1,yellow_stop_001,45513
45514,2330830,20251210_141748,True,False,True,-0.0525,-1.9985,-0.2766,-4.5802,-1.9389,0.7863,28.25,1.49,-97.88,,,25.062456,121.54422,0.231,0.144,1,yellow_stop_001,45514
45515,2330880,20251210_141748,True,False,True,-0.0535,-2.0,-0.2776,-5.1069,-1.8702,0.8168,27.59,1.52,-97.9,,,25.062456,121.54422,0.231,0.144,1,yellow_stop_001,45515
45516,2330928,20251210_141748,True,False,True,-0.0579,-2.0,-0.2712,-4.9542,-2.1908,0.8015,28.2,1.64,-97.72,,,25.062456,121.54422,0.231,0.144,1,yellow_stop_001,45516
45517,2330978,20251210_141748,True,False,True,-0.0598,-1.9941,-0.2754,-4.5725,-2.0534,0.916,28.29,1.7,-97.86,,,25.062456,121.54422,0.231,0.144,1,yellow_stop_001,45517
45518,2331028,20251210_141748,True,False,True,-0.062,-1.9958,-0.2744,-4.4198,-2.1374,1.0,28.34,1.76,-97.83,,,25.062456,121.54422,0.231,0.144,1,yellow_stop_001,45518
45519,2331077,20251210_141748,True,False,True,-0.0583,-1.9983,-0.2778,-4.6489,-2.0611,0.9771,28.34,1.66,-97.92,,,25.062456,121.54422,0.231,0.144,1,yellow_stop_001,45519
45520,2331127,20251210_141748,True,False,True,-0.0583,-2.0,-0.2703,-4.1985,-1.8397,1.1832,28.34,1.66,-97.7,,,25.062456,121.54422,0.231,0.144,1,yellow_stop_001,45520
45521,2331177,20251210_141748,True,False,True,-0.0513,-1.998,-0.2737,-4.2366,-2.0687,1.084,28.34,1.46,-97.8,,,25.062456,121.54422,0.231,0.144,1,yellow_stop_001,45521
45522,2331225,20251210_141748,True,True,True,-0.0579,-2.0,-0.2744,-4.0992,-1.8397,1.0153,28.29,1.64,-97.81,25.2,44.0,25.062456,121.54422,0.231,0.144,1,yellow_stop_001,45522
45523,2331275,20251210_141748,True,False,True,-0.0547,-2.0,-0.272,-3.5802,-1.9389,1.2672,28.29,1.55,-97.74,,,25.062456,121.54422,0.231,0.144,1,yellow_stop_001,45523
45524,2331327,20251210_141748,True,False,True,-0.0549,-2.0,-0.2754,-3.3969,-2.145,1.3282,28.34,1.56,-97.84,,,25.062456,121.54422,0.231,0.144,1,yellow_stop_001,45524
45525,2331375,20251210_141748,True,False,True,-0.0598,-2.0,-0.26,-3.542,-2.0458,1.1985,28.34,1.7,-97.41,,,25.062456,121.54422,0.231,0.144,1,yellow_stop_001,45525
45526,2331425,20251210_141749,True,False,True,-0.0608,-2.0,-0.26,-3.4122,-2.084,1.4733,28.34,1.73,-97.41,,,25.062456,121.544258,0.204,-0.028,1,yellow_stop_001,45526
45527,2331475,20251210_141749,True,False,True,-0.0701,-2.0,-0.2664,-3.2061,-1.7863,1.2519,28.25,1.99,-97.59,,,25.062456,121.544258,0.204,-0.028,1,yellow_stop_001,45527
45528,2331523,20251210_141749,True,False,True,-0.0701,-2.0,-0.2507,-2.9618,-2.2366,1.5573,28.29,1.99,-97.15,,,25.062456,121.544258,0.204,-0.028,1,yellow_stop_001,45528
45529,2331601,20251210_141749,True,False,True,-0.083,-2.0,-0.2654,-3.0229,-2.0763,1.3435,28.29,2.36,-97.56,,,25.062456,121.544258,0.204,-0.028,1,yellow_stop_001,45529
45530,2331651,20251210_141749,True,False,True,-0.0691,-2.0,-0.2825,-7.0153,-2.9924,-0.374,28.34,1.96,-98.04,,,25.062456,121.544258,0.204,-0.028,1,yellow_stop_001,45530
45531,2331700,20251210_141749,True,False,True,-0.0718,-2.0,-0.2778,-7.3969,-2.6031,-0.4198,28.34,2.04,-97.91,,,25.062456,121.544258,0.204,-0.028,1,yellow_stop_001,45531
45532,2331750,20251210_141749,True,False,True,-0.0725,-2.0,-0.2805,-7.2366,-2.8168,-0.3053,28.39,2.06,-97.98,,,25.062456,121.544258,0.204,-0.028,1,yellow_stop_001,45532
45533,2331800,20251210_141749,True,False,True,-0.0667,-2.0,-0.2915,-7.0916,-2.9008,-0.0763,28.39,1.89,-98.29,,,25.062456,121.544258,0.204,-0.028,1,yellow_stop_001,45533
45534,2331849,20251210_141749,True,False,True,-0.0779,-2.0,-0.2988,-7.5344,-2.6107,-0.1374,28.29,2.21,-98.5,,,25.062456,121.544258,0.204,-0.028,1,yellow_stop_001,45534
45535,2331899,20251210_141749,True,False,True,-0.0659,-2.0,-0.2871,-7.3817,-2.6718,-0.1603,28.44,1.87,-98.17,,,25.062456,121.544258,0.204,-0.028,1,yellow_stop_001,45535
45536,2331949,20251210_141749,True,False,True,-0.0691,-2.0,-0.283,-6.7634,-2.687,0.0992,28.34,1.96,-98.05,,,25.062456,121.544258,0.204,-0.028,1,yellow_stop_001,45536
45537,2331998,20251210_141749,True,False,True,-0.0645,-2.0,-0.2959,-6.6031,-2.6412,0.145,28.25,1.83,-98.42,,,25.062456,121.544258,0.204,-0.028,1,yellow_stop_001,45537
45538,2332048,20251210_141749,True,False,True,-0.0681,-2.0,-0.2903,-6.7481,-2.3435,0.2595,28.34,1.93,-98.26,,,25.062456,121.544258,0.204,-0.028,1,yellow_stop_001,45538
45539,2332098,20251210_141749,True,False,True,-0.0603,-2.0,-0.2764,-6.9542,-2.4504,0.1756,28.29,1.71,-97.87,,,25.062456,121.544258,0.204,-0.028,1,yellow_stop_001,45539
45540,2332147,20251210_141749,True,False,True,-0.0664,-2.0,-0.2817,-6.6641,-2.458,0.3282,28.39,1.88,-98.02,,,25.062456,121.544258,0.204,-0.028,1,yellow_stop_001,45540
45541,2332197,20251210_141749,True,False,True,-0.0625,-2.0,-0.2847,-6.1832,-2.542,0.4504,28.29,1.77,-98.1,,,25.062456,121.544258,0.204,-0.028,1,yellow_stop_001,45541
45542,2332248,20251210_141749,True,True,True,-0.0632,-2.0,-0.2883,-6.0763,-2.3588,0.4351,28.34,1.79,-98.2,25.2,44.0,25.062456,121.544258,0.204,-0.028,1,yellow_stop_001,45542
45543,2332321,20251210_141749,True,False,True,-0.082,-2.0,-0.2524,-6.8244,-2.6641,0.4733,28.34,2.33,-97.19,,,25.062456,121.544258,0.204,-0.028,1,yellow_stop_001,45543
45544,2332371,20251210_141749,True,False,True,-0.083,-2.0,-0.2551,-4.0992,-2.6107,0.771,28.34,2.36,-97.27,,,25.062456,121.544258,0.204,-0.028,1,yellow_stop_001,45544
45545,2332421,20251210_141750,True,False,True,-0.0811,-2.0,-0.2551,-4.1527,-2.6336,0.7023,28.39,2.3,-97.27,,,25.06245,121.544273,0.222,0.018,1,yellow_stop_001,45545
45546,2332474,20251210_141750,True,False,True,-0.0867,-2.0,-0.2507,-3.9542,-2.8015,0.8015,28.39,2.46,-97.15,,,25.06245,121.544273,0.222,0.018,1,yellow_stop_001,45546
45547,2332524,20251210_141750,True,False,True,-0.0815,-2.0,-0.2507,-3.9847,-2.3817,0.8626,28.25,2.32,-97.15,,,25.06245,121.544273,0.222,0.018,1,yellow_stop_001,45547
45548,2332572,20251210_141750,True,False,True,-0.0928,-2.0,-0.2612,-3.9695,-2.6947,0.6947,28.29,2.63,-97.44,,,25.06245,121.544273,0.222,0.018,1,yellow_stop_001,45548
45549,2332622,20251210_141750,True,False,True,-0.0881,-2.0,-0.2654,-4.7634,-2.7557,0.4809,28.34,2.5,-97.56,,,25.06245,121.544273,0.222,0.018,1,yellow_stop_001,45549
45550,2332672,20251210_141750,True,False,True,-0.0881,-2.0,-0.2712,-4.8473,-2.8779,0.3893,28.34,2.5,-97.72,,,25.06245,121.544273,0.222,0.018,1,yellow_stop_001,45550
45551,2332722,20251210_141750,True,False,True,-0.0801,-2.0,-0.2673,-5.1832,-2.9771,0.3969,28.29,2.27,-97.61,,,25.06245,121.544273,0.222,0.018,1,yellow_stop_001,45551
45552,2332772,20251210_141750,True,False,True,-0.0811,-2.0,-0.2639,-5.5573,-2.916,0.0992,28.29,2.3,-97.52,,,25.06245,121.544273,0.222,0.018,1,yellow_stop_001,45552
45553,2332822,20251210_141750,True,False,True,-0.0867,-2.0,-0.2639,-5.3969,-3.0458,0.1832,28.25,2.46,-97.52,,,25.06245,121.544273,0.222,0.018,1,yellow_stop_001,45553
45554,2332871,20251210_141750,True,False,True,-0.0845,-2.0,-0.2683,-5.1145,-3.1603,0.3588,28.34,2.4,-97.64,,,25.06245,121.544273,0.222,0.018,1,yellow_stop_001,45554
45555,2332921,20251210_141750,True,False,True,-0.0906,-2.0,-0.2644,-5.9084,-3.0,-0.0382,28.34,2.57,-97.53,,,25.06245,121.544273,0.222,0.018,1,yellow_stop_001,45555
45556,2332971,20251210_141750,True,False,True,-0.0828,-2.0,-0.27,-6.0305,-2.9084,-0.0153,28.34,2.35,-97.69,,,25.06245,121.544273,0.222,0.018,1,yellow_stop_001,45556
45557,2333019,20251210_141750,True,False,True,-0.0757,-2.0,-0.2612,-6.0382,-2.9542,0.0153,28.25,2.15,-97.44,,,25.06245,121.544273,0.222,0.018,1,yellow_stop_001,45557
45558,2333069,20251210_141750,True,False,True,-0.0803,-2.0,-0.2666,-6.1908,-2.9924,-0.0611,28.29,2.28,-97.59,,,25.06245,121.544273,0.222,0.018,1,yellow_stop_001,45558
45559,2333120,20251210_141750,True,False,True,-0.0732,-2.0,-0.2715,-6.1603,-3.0229,-0.1069,28.29,2.08,-97.73,,,25.06245,121.544273,0.222,0.018,1,yellow_stop_001,45559
45560,2333169,20251210_141750,True,False,True,-0.084,-2.0,-0.2727,-6.1985,-3.0916,-0.1221,28.39,2.38,-97.76,,,25.06245,121.544273,0.222,0.018,1,yellow_stop_001,45560
45561,2333219,20251210_141750,True,False,True,-0.0815,-2.0,-0.2615,-6.2443,-3.2443,-0.0611,28.25,2.32,-97.45,,,25.06245,121.544273,0.222,0.018,1,yellow_stop_001,45561
45562,2333269,20251210_141750,True,True,True,-0.0833,-2.0,-0.2695,-6.5802,-3.0382,-0.0382,28.34,2.36,-97.68,25.2,44.0,25.06245,121.544273,0.222,0.018,1,yellow_stop_001,45562
45563,2333318,20251210_141750,True,False,True,-0.084,-2.0,-0.2722,-6.5573,-2.8931,-0.1298,28.34,2.38,-97.75,,,25.06245,121.544273,0.222,0.018,1,yellow_stop_001,45563
45564,2333368,20251210_141750,True,False,True,-0.0776,-2.0,-0.2659,-6.4733,-2.9924,-0.1145,28.29,2.2,-97.57,,,25.06245,121.544273,0.222,0.018,1,yellow_stop_001,45564
45565,2333418,20251210_141751,True,False,True,-0.0798,-2.0,-0.2659,-6.6031,-3.0229,-0.2061,28.39,2.27,-97.57,,,25.062447,121.544289,0.256,0.034,1,yellow_stop_001,45565
45566,2333470,20251210_141751,True,False,True,-0.0776,-2.0,-0.2646,-6.3969,-3.1298,0.0534,28.29,2.2,-97.54,,,25.062447,121.544289,0.256,0.034,1,yellow_stop_001,45566
45567,2333522,20251210_141751,True,False,True,-0.0837,-2.0,-0.2646,-6.5115,-3.0763,0.0076,28.44,2.38,-97.54,,,25.062447,121.544289,0.256,0.034,1,yellow_stop_001,45567
45568,2333572,20251210_141751,True,False,True,-0.0869,-2.0,-0.2664,-6.1069,-2.8473,0.084,28.29,2.47,-97.59,,,25.062447,121.544289,0.256,0.034,1,yellow_stop_001,45568
45569,2333620,20251210_141751,True,False,True,-0.0798,-2.0,-0.2722,-5.4885,-3.0611,0.1069,28.34,2.26,-97.75,,,25.062447,121.544289,0.256,0.034,1,yellow_stop_001,45569
45570,2333670,20251210_141751,True,False,True,-0.083,-2.0,-0.2756,-6.4046,-3.145,0.0076,28.44,2.35,-97.85,,,25.062447,121.544289,0.256,0.034,1,yellow_stop_001,45570
45571,2333720,20251210_141751,True,False,True,-0.084,-2.0,-0.2769,-6.0382,-3.1221,-0.0458,28.39,2.38,-97.88,,,25.062447,121.544289,0.256,0.034,1,yellow_stop_001,45571
45572,2333769,20251210_141751,True,False,True,-0.0862,-2.0,-0.2764,-6.2595,-2.9389,0.0687,28.29,2.44,-97.87,,,25.062447,121.544289,0.256,0.034,1,yellow_stop_001,45572
45573,2333819,20251210_141751,True,False,True,-0.0901,-2.0,-0.2598,-5.855,-2.8931,0.0229,28.44,2.56,-97.4,,,25.062447,121.544289,0.256,0.034,1,yellow_stop_001,45573
45574,2333869,20251210_141751,True,False,True,-0.085,-2.0,-0.2656,-6.1069,-3.0534,0.2672,28.34,2.41,-97.57,,,25.062447,121.544289,0.256,0.034,1,yellow_stop_001,45574
45575,2333917,20251210_141751,True,False,True,-0.0815,-2.0,-0.2664,-6.1908,-2.9542,0.229,28.44,2.31,-97.59,,,25.062447,121.544289,0.256,0.034,1,yellow_stop_001,45575
45576,2333967,20251210_141751,True,False,True,-0.0845,-2.0,-0.2739,-6.4656,-2.9237,-0.145,28.34,2.4,-97.8,,,25.062447,121.544289,0.256,0.034,1,yellow_stop_001,45576
45577,2334016,20251210_141751,True,False,True,-0.0784,-2.0,-0.2612,-6.3893,-3.3359,0.0305,28.39,2.23,-97.44,,,25.062447,121.544289,0.256,0.034,1,yellow_stop_001,45577
45578,2334066,20251210_141751,True,False,True,-0.0803,-2.0,-0.272,-6.2443,-3.0305,-0.0305,28.39,2.28,-97.74,,,25.062447,121.544289,0.256,0.034,1,yellow_stop_001,45578
45579,2334116,20251210_141751,True,False,True,-0.084,-2.0,-0.2634,-6.1832,-2.9771,-0.0763,28.29,2.38,-97.5,,,25.062447,121.544289,0.256,0.034,1,yellow_stop_001,45579
45580,2334164,20251210_141751,True,False,True,-0.0857,-2.0,-0.282,-6.0,-3.0,0.0916,28.34,2.43,-98.03,,,25.062447,121.544289,0.256,0.034,1,yellow_stop_001,45580
45581,2334214,20251210_141751,True,False,True,-0.095,-2.0,-0.2583,-6.6641,-3.0534,0.0534,28.25,2.7,-97.36,,,25.062447,121.544289,0.256,0.034,1,yellow_stop_001,45581
45582,2334264,20251210_141751,True,False,True,-0.0884,-2.0,-0.271,-6.6489,-3.0763,0.084,28.34,2.51,-97.72,,,25.062447,121.544289,0.256,0.034,1,yellow_stop_001,45582
45583,2334312,20251210_141751,True,True,True,-0.0796,-2.0,-0.2747,-5.8626,-3.0687,-0.0992,28.29,2.26,-97.82,25.2,44.0,25.062447,121.544289,0.256,0.034,1,yellow_stop_001,45583
45584,2334385,20251210_141752,True,False,True,-0.0598,-2.0,-0.2747,-6.6107,-3.0,0.0,28.29,1.7,-97.82,,,25.06245,121.544289,0.133,-0.127,1,yellow_stop_001,45584
45585,2334463,20251210_141752,True,False,True,-0.0837,-2.0,-0.2678,-4.3893,-2.2748,0.9695,28.29,2.38,-97.63,,,25.06245,121.544289,0.133,-0.127,1,yellow_stop_001,45585
45586,2334511,20251210_141752,True,False,True,-0.0857,-2.0,-0.2678,-4.9924,-2.9084,0.2672,28.44,2.43,-97.63,,,25.06245,121.544289,0.133,-0.127,1,yellow_stop_001,45586
45587,2334561,20251210_141752,True,False,True,-0.0859,-2.0,-0.2651,-5.7863,-2.7328,0.0916,28.34,2.44,-97.55,,,25.06245,121.544289,0.133,-0.127,1,yellow_stop_001,45587
45588,2334611,20251210_141752,True,False,True,-0.0933,-2.0,-0.2625,-5.9008,-2.7252,0.2214,28.39,2.65,-97.48,,,25.06245,121.544289,0.133,-0.127,1,yellow_stop_001,45588
45589,2334659,20251210_141752,True,False,True,-0.0806,-2.0,-0.2808,-5.1679,-3.0687,0.3664,28.39,2.28,-97.99,,,25.06245,121.544289,0.133,-0.127,1,yellow_stop_001,45589
45590,2334709,20251210_141752,True,False,True,-0.0793,-2.0,-0.2686,-5.2748,-2.8015,0.1221,28.29,2.25,-97.65,,,25.06245,121.544289,0.133,-0.127,1,yellow_stop_001,45590
45591,2334759,20251210_141752,True,False,True,-0.0869,-2.0,-0.2627,-5.5573,-2.9008,0.1908,28.29,2.47,-97.48,,,25.06245,121.544289,0.133,-0.127,1,yellow_stop_001,45591
45592,2334807,20251210_141752,True,False,True,-0.0896,-2.0,-0.2666,-5.4351,-2.5954,0.4275,28.34,2.54,-97.59,,,25.06245,121.544289,0.133,-0.127,1,yellow_stop_001,45592
45593,2334857,20251210_141752,True,False,True,-0.0815,-2.0,-0.2712,-6.0992,-3.2519,0.1221,28.34,2.31,-97.72,,,25.06245,121.544289,0.133,-0.127,1,yellow_stop_001,45593
45594,2334907,20251210_141752,True,False,True,-0.0859,-2.0,-0.2747,-6.0153,-3.0534,0.2519,28.34,2.44,-97.82,,,25.06245,121.544289,0.133,-0.127,1,yellow_stop_001,45594
45595,2334955,20251210_141752,True,False,True,-0.0842,-2.0,-0.2683,-5.7328,-2.8015,0.2137,28.25,2.39,-97.64,,,25.06245,121.544289,0.133,-0.127,1,yellow_stop_001,45595
45596,2335005,20251210_141752,True,False,True,-0.0833,-2.0,-0.2646,-6.1221,-3.1069,0.1298,28.34,2.36,-97.54,,,25.06245,121.544289,0.133,-0.127,1,yellow_stop_001,45596
45597,2335055,20251210_141752,True,False,True,-0.0862,-2.0,-0.28,-5.8015,-3.0076,0.1679,28.44,2.44,-97.97,,,25.06245,121.544289,0.133,-0.127,1,yellow_stop_001,45597
45598,2335103,20251210_141752,True,False,True,-0.0913,-2.0,-0.2722,-5.9084,-2.7786,0.1985,28.29,2.59,-97.75,,,25.06245,121.544289,0.133,-0.127,1,yellow_stop_001,45598
45599,2335153,20251210_141752,True,False,True,-0.0903,-2.0,-0.2632,-5.9771,-2.7557,0.0153,28.48,2.56,-97.5,,,25.06245,121.544289,0.133,-0.127,1,yellow_stop_001,45599
45600,2335203,20251210_141752,True,False,True,-0.0867,-2.0,-0.2651,-5.8779,-3.1832,0.1374,28.39,2.46,-97.55,,,25.06245,121.544289,0.133,-0.127,1,yellow_stop_001,45600
45601,2335251,20251210_141752,True,False,True,-0.0789,-2.0,-0.27,-5.4962,-2.9466,0.2366,28.25,2.24,-97.69,,,25.06245,121.544289,0.133,-0.127,1,yellow_stop_001,45601
45602,2335301,20251210_141752,True,False,True,-0.0845,-2.0,-0.2681,-6.0382,-3.084,-0.0153,28.44,2.4,-97.63,,,25.06245,121.544289,0.133,-0.127,1,yellow_stop_001,45602
45603,2335351,20251210_141752,True,True,True,-0.0825,-2.0,-0.2766,-5.855,-2.8397,-0.0611,28.44,2.34,-97.87,25.2,44.0,25.06245,121.544289,0.133,-0.127,1,yellow_stop_001,45603
45604,2335400,20251210_141753,True,False,True,-0.0908,-2.0,-0.2612,-6.084,-3.0153,0.2137,28.34,2.58,-97.44,,,25.062443,121.544304,0.215,0.081,1,yellow_stop_001,45604
45605,2335455,20251210_141753,True,False,True,-0.0842,-2.0,-0.259,-6.084,-3.0153,0.2137,28.34,2.39,-97.38,,,25.062443,121.544304,0.215,0.081,1,yellow_stop_001,45605
45606,2335505,20251210_141753,True,False,True,-0.0876,-2.0,-0.259,-4.542,-2.5649,0.6794,28.29,2.49,-97.38,,,25.062443,121.544304,0.215,0.081,1,yellow_stop_001,45606
45607,2335553,20251210_141753,True,False,True,-0.0901,-2.0,-0.27,-3.9695,-2.5573,0.6412,28.29,2.56,-97.69,,,25.062443,121.544304,0.215,0.081,1,yellow_stop_001,45607
45608,2335603,20251210_141753,True,False,True,-0.0879,-2.0,-0.252,-4.855,-2.6718,0.458,28.25,2.5,-97.18,,,25.062443,121.544304,0.215,0.081,1,yellow_stop_001,45608
45609,2335653,20251210_141753,True,False,True,-0.0825,-2.0,-0.2549,-4.3435,-3.0076,0.6336,28.25,2.34,-97.26,,,25.062443,121.544304,0.215,0.081,1,yellow_stop_001,45609
45610,2335701,20251210_141753,True,False,True,-0.0896,-2.0,-0.2537,-4.2366,-2.8015,0.7099,28.25,2.54,-97.23,,,25.062443,121.544304,0.215,0.081,1,yellow_stop_001,45610
45611,2335751,20251210_141753,True,False,True,-0.0864,-2.0,-0.2549,-4.6107,-2.8092,0.4733,28.2,2.45,-97.26,,,25.062443,121.544304,0.215,0.081,1,yellow_stop_001,45611
45612,2335804,20251210_141753,True,False,True,-0.085,-2.0,-0.2615,-4.7481,-2.7786,0.5725,28.39,2.41,-97.45,,,25.062443,121.544304,0.215,0.081,1,yellow_stop_001,45612
45613,2335852,20251210_141753,True,False,True,-0.0886,-2.0,-0.26,-3.6489,-2.6565,0.8168,28.39,2.52,-97.41,,,25.062443,121.544304,0.215,0.081,1,yellow_stop_001,45613
45614,2335902,20251210_141753,True,False,True,-0.0845,-2.0,-0.2542,-4.1374,-2.4427,0.9847,28.29,2.4,-97.24,,,25.062443,121.544304,0.215,0.081,1,yellow_stop_001,45614
45615,2335950,20251210_141753,True,False,True,-0.0791,-2.0,-0.2705,-4.0611,-2.7634,0.6565,28.44,2.24,-97.7,,,25.062443,121.544304,0.215,0.081,1,yellow_stop_001,45615
45616,2336000,20251210_141753,True,False,True,-0.0859,-2.0,-0.2554,-4.7328,-2.5344,0.5115,28.25,2.44,-97.28,,,25.062443,121.544304,0.215,0.081,1,yellow_stop_001,45616
45617,2336050,20251210_141753,True,False,True,-0.0847,-2.0,-0.2527,-4.626,-2.8397,0.7176,28.25,2.41,-97.2,,,25.062443,121.544304,0.215,0.081,1,yellow_stop_001,45617
45618,2336098,20251210_141753,True,False,True,-0.0872,-2.0,-0.2563,-4.084,-2.8168,0.6412,28.95,2.48,-97.3,,,25.062443,121.544304,0.215,0.081,1,yellow_stop_001,45618
45619,2336148,20251210_141753,True,False,True,-0.0862,-2.0,-0.2571,-4.7786,-2.6412,0.542,28.39,2.45,-97.32,,,25.062443,121.544304,0.215,0.081,1,yellow_stop_001,45619
45620,2336199,20251210_141753,True,False,True,-0.0857,-2.0,-0.2629,-4.458,-2.6412,0.4809,28.39,2.43,-97.49,,,25.062443,121.544304,0.215,0.081,1,yellow_stop_001,45620
45621,2336247,20251210_141753,True,False,True,-0.0862,-2.0,-0.2593,-4.0458,-2.6641,0.8931,28.34,2.45,-97.39,,,25.062443,121.544304,0.215,0.081,1,yellow_stop_001,45621
45622,2336297,20251210_141753,True,False,True,-0.0881,-2.0,-0.2617,-4.7786,-2.542,0.5802,28.34,2.5,-97.46,,,25.062443,121.544304,0.215,0.081,1,yellow_stop_001,45622
45623,2336347,20251210_141753,True,False,True,-0.085,-2.0,-0.2559,-3.8931,-2.7405,0.5802,28.34,2.41,-97.29,,,25.062443,121.544304,0.215,0.081,1,yellow_stop_001,45623
45624,2336395,20251210_141754,True,True,True,-0.083,-2.0,-0.2402,-4.3206,-2.3893,0.6641,28.34,2.36,-96.85,25.2,44.0,25.062439,121.544304,0.099,-0.116,1,yellow_stop_001,45624
45625,2336471,20251210_141754,True,False,True,-0.0598,-2.0,-0.2832,-4.374,-2.916,0.6794,28.39,1.7,-98.06,,,25.062439,121.544304,0.099,-0.116,1,yellow_stop_001,45625
45626,2336521,20251210_141754,True,False,True,-0.0642,-2.0,-0.281,-6.6336,-2.4046,0.3817,28.25,1.82,-98.0,,,25.062439,121.544304,0.099,-0.116,1,yellow_stop_001,45626
45627,2336570,20251210_141754,True,False,True,-0.0603,-2.0,-0.2935,-6.8092,-2.4122,0.3969,28.39,1.71,-98.35,,,25.062439,121.544304,0.099,-0.116,1,yellow_stop_001,45627
45628,2336620,20251210_141754,True,False,True,-0.0701,-2.0,-0.2976,-7.0687,-2.4733,0.1908,28.29,1.98,-98.46,,,25.062439,121.544304,0.099,-0.116,1,yellow_stop_001,45628
45629,2336671,20251210_141754,True,False,True,-0.0649,-2.0,-0.29,-6.771,-2.5496,0.2443,28.29,1.84,-98.25,,,25.062439,121.544304,0.099,-0.116,1,yellow_stop_001,45629
45630,2336721,20251210_141754,True,False,True,-0.0671,-2.0,-0.29,-6.7786,-2.4733,0.2824,28.39,1.9,-98.25,,,25.062439,121.544304,0.099,-0.116,1,yellow_stop_001,45630
45631,2336771,20251210_141754,True,False,True,-0.064,-2.0,-0.283,-7.0229,-2.5802,0.145,28.34,1.81,-98.05,,,25.062439,121.544304,0.099,-0.116,1,yellow_stop_001,45631
45632,2336820,20251210_141754,True,False,True,-0.0613,-2.0,-0.283,-7.2595,-2.5573,0.0534,28.34,1.74,-98.05,,,25.062439,121.544304,0.099,-0.116,1,yellow_stop_001,45632
45633,2336868,20251210_141754,True,False,True,-0.0615,-2.0,-0.2917,-6.9618,-2.5344,-0.0153,28.29,1.74,-98.3,,,25.062439,121.544304,0.099,-0.116,1,yellow_stop_001,45633
45634,2336918,20251210_141754,True,False,True,-0.0579,-2.0,-0.2986,-6.9466,-2.2595,0.2519,28.34,1.64,-98.49,,,25.062439,121.544304,0.099,-0.116,1,yellow_stop_001,45634
45635,2336969,20251210_141754,True,False,True,-0.0732,-2.0,-0.2883,-6.9466,-2.2595,0.2519,28.34,2.08,-98.2,,,25.062439,121.544304,0.099,-0.116,1,yellow_stop_001,45635
45636,2337017,20251210_141754,True,False,True,-0.0674,-2.0,-0.2878,-6.8779,-2.458,0.0305,27.54,1.91,-98.19,,,25.062439,121.544304,0.099,-0.116,1,yellow_stop_001,45636
45637,2337067,20251210_141754,True,False,True,-0.0649,-2.0,-0.2915,-7.1069,-2.5496,0.3282,28.2,1.84,-98.29,,,25.062439,121.544304,0.099,-0.116,1,yellow_stop_001,45637
45638,2337117,20251210_141754,True,False,True,-0.0681,-2.0,-0.2732,-7.1298,-2.4656,0.2137,28.25,1.93,-97.78,,,25.062439,121.544304,0.099,-0.116,1,yellow_stop_001,45638
45639,2337165,20251210_141754,True,False,True,-0.0596,-2.0,-0.2825,-6.7176,-2.626,0.1221,28.44,1.69,-98.04,,,25.062439,121.544304,0.099,-0.116,1,yellow_stop_001,45639
45640,2337215,20251210_141754,True,False,True,-0.0598,-2.0,-0.2825,-6.5954,-2.5267,0.3511,28.25,1.7,-98.04,,,25.062439,121.544304,0.099,-0.116,1,yellow_stop_001,45640
45641,2337265,20251210_141754,True,False,True,-0.0623,-2.0,-0.2886,-7.1221,-2.4351,0.2137,28.25,1.76,-98.21,,,25.062439,121.544304,0.099,-0.116,1,yellow_stop_001,45641
45642,2337313,20251210_141754,True,False,True,-0.0544,-2.0,-0.282,-6.6336,-2.4962,0.1221,28.29,1.54,-98.03,,,25.062439,121.544304,0.099,-0.116,1,yellow_stop_001,45642
45643,2337364,20251210_141754,True,False,True,-0.0635,-2.0,-0.2778,-6.7252,-2.5344,0.3359,28.2,1.8,-97.91,,,25.062439,121.544304,0.099,-0.116,1,yellow_stop_001,45643
45644,2337414,20251210_141755,True,True,True,-0.0657,-2.0,-0.2778,-6.9695,-2.4885,0.0458,28.34,1.86,-97.91,25.2,44.0,25.062435,121.544319,0.026,-0.072,1,yellow_stop_001,45644
45645,2337466,20251210_141755,True,False,True,-0.0718,-2.0,-0.2759,-7.313,-2.4885,-0.0687,28.34,2.04,-97.85,,,25.062435,121.544319,0.026,-0.072,1,yellow_stop_001,45645
45646,2337517,20251210_141755,True,False,True,-0.073,-2.0,-0.2603,-6.9695,-3.0153,-0.1145,28.34,2.07,-97.41,,,25.062435,121.544319,0.026,-0.072,1,yellow_stop_001,45646
45647,2337568,20251210_141755,True,False,True,-0.0767,-2.0,-0.2678,-7.3206,-3.1145,-0.1069,28.34,2.18,-97.63,,,25.062435,121.544319,0.026,-0.072,1,yellow_stop_001,45647
45648,2337617,20251210_141755,True,False,True,-0.0747,-2.0,-0.2646,-7.2137,-3.1985,-0.3588,28.44,2.12,-97.54,,,25.062435,121.544319,0.026,-0.072,1,yellow_stop_001,45648
45649,2337668,20251210_141755,True,False,True,-0.0791,-2.0,-0.2693,-7.3053,-3.1145,-0.2824,28.34,2.24,-97.67,,,25.062435,121.544319,0.026,-0.072,1,yellow_stop_001,45649
45650,2337721,20251210_141755,True,False,True,-0.0854,-2.0,-0.2761,-7.3817,-3.1527,-0.1679,28.44,2.42,-97.86,,,25.062435,121.544319,0.026,-0.072,1,yellow_stop_001,45650
45651,2337770,20251210_141755,True,False,True,-0.0823,-2.0,-0.2583,-6.2214,-3.1374,0.1145,28.39,2.34,-97.36,,,25.062435,121.544319,0.026,-0.072,1,yellow_stop_001,45651
45652,2337820,20251210_141755,True,False,True,-0.0874,-2.0,-0.2651,-6.3969,-3.0305,-0.2061,28.39,2.48,-97.55,,,25.062435,121.544319,0.026,-0.072,1,yellow_stop_001,45652
45653,2337869,20251210_141755,True,False,True,-0.0815,-2.0,-0.2712,-6.374,-3.2443,-0.1298,28.29,2.31,-97.72,,,25.062435,121.544319,0.026,-0.072,1,yellow_stop_001,45653
45654,2337919,20251210_141755,True,False,True,-0.0779,-2.0,-0.2756,-6.4885,-3.1298,0.0076,28.39,2.21,-97.85,,,25.062435,121.544319,0.026,-0.072,1,yellow_stop_001,45654
45655,2337969,20251210_141755,True,False,True,-0.0835,-2.0,-0.2642,-5.9466,-3.1603,0.084,28.34,2.37,-97.52,,,25.062435,121.544319,0.026,-0.072,1,yellow_stop_001,45655
45656,2338017,20251210_141755,True,False,True,-0.0823,-2.0,-0.2717,-5.7023,-3.1374,0.2366,28.34,2.33,-97.74,,,25.062435,121.544319,0.026,-0.072,1,yellow_stop_001,45656
45657,2338067,20251210_141755,True,False,True,-0.0867,-2.0,-0.2649,-6.5115,-3.0611,-0.2901,28.34,2.46,-97.54,,,25.062435,121.544319,0.026,-0.072,1,yellow_stop_001,45657
45658,2338118,20251210_141755,True,False,True,-0.0862,-2.0,-0.2668,-6.0916,-2.9618,-0.0611,28.29,2.45,-97.6,,,25.062435,121.544319,0.026,-0.072,1,yellow_stop_001,45658
45659,2338167,20251210_141755,True,False,True,-0.0842,-2.0,-0.2678,-5.5878,-2.9466,0.2519,28.29,2.39,-97.63,,,25.062435,121.544319,0.026,-0.072,1,yellow_stop_001,45659
45660,2338217,20251210_141755,True,False,True,-0.0815,-2.0,-0.2754,-5.7328,-3.0534,0.0382,28.34,2.31,-97.84,,,25.062435,121.544319,0.026,-0.072,1,yellow_stop_001,45660
45661,2338267,20251210_141755,True,False,True,-0.0842,-2.0,-0.2651,-5.9618,-3.145,0.0229,28.25,2.39,-97.55,,,25.062435,121.544319,0.026,-0.072,1,yellow_stop_001,45661
45662,2338316,20251210_141755,True,False,True,-0.0825,-2.0,-0.272,-5.916,-2.916,0.0,28.44,2.34,-97.74,,,25.062435,121.544319,0.026,-0.072,1,yellow_stop_001,45662
45663,2338366,20251210_141755,True,False,True,-0.0803,-2.0,-0.2676,-5.4504,-2.9389,0.2672,28.29,2.28,-97.62,,,25.062435,121.544319,0.026,-0.072,1,yellow_stop_001,45663
45664,2338416,20251210_141756,True,True,True,-0.0833,-2.0,-0.2676,-5.6107,-3.0611,0.2214,28.39,2.36,-97.62,25.3,44.0,25.062443,121.544334,0.485,0.458,1,yellow_stop_001,45664
45665,2338491,20251210_141756,True,False,True,-0.0637,-2.0,-0.259,-5.542,-3.0076,0.1985,28.29,1.81,-97.38,,,25.062443,121.544334,0.485,0.458,1,yellow_stop_001,45665
45666,2338541,20251210_141756,True,False,True,-0.0598,-2.0,-0.2778,-5.3817,-2.4046,0.855,28.34,1.7,-97.91,,,25.062443,121.544334,0.485,0.458,1,yellow_stop_001,45666
45667,2338591,20251210_141756,True,False,True,-0.0581,-2.0,-0.2761,-5.4198,-2.3817,0.626,28.34,1.65,-97.86,,,25.062443,121.544334,0.485,0.458,1,yellow_stop_001,45667
45668,2338641,20251210_141756,True,False,True,-0.0515,-2.0,-0.281,-5.6031,-2.3893,0.6718,28.39,1.46,-98.0,,,25.062443,121.544334,0.485,0.458,1,yellow_stop_001,45668
45669,2338691,20251210_141756,True,False,True,-0.0532,-2.0,-0.28,-5.5191,-2.4122,0.6641,28.25,1.51,-97.97,,,25.062443,121.544334,0.485,0.458,1,yellow_stop_001,45669
45670,2338741,20251210_141756,True,False,True,-0.0552,-2.0,-0.2832,-5.8092,-2.3359,0.542,28.34,1.56,-98.06,,,25.062443,121.544334,0.485,0.458,1,yellow_stop_001,45670
45671,2338789,20251210_141756,True,False,True,-0.0562,-1.9971,-0.28,-6.0916,-2.2595,0.5038,28.25,1.59,-97.98,,,25.062443,121.544334,0.485,0.458,1,yellow_stop_001,45671
45672,2338839,20251210_141756,True,False,True,-0.0574,-1.9963,-0.2761,-5.2137,-2.3206,0.8855,28.39,1.63,-97.87,,,25.062443,121.544334,0.485,0.458,1,yellow_stop_001,45672
45673,2338889,20251210_141756,True,False,True,-0.0627,-2.0,-0.2842,-5.2061,-2.0611,0.8092,28.29,1.78,-98.09,,,25.062443,121.544334,0.485,0.458,1,yellow_stop_001,45673
45674,2338938,20251210_141756,True,False,True,-0.0605,-2.0,-0.2874,-5.3511,-2.4198,0.6947,28.29,1.72,-98.18,,,25.062443,121.544334,0.485,0.458,1,yellow_stop_001,45674
45675,2338988,20251210_141756,True,False,True,-0.0581,-1.9927,-0.2744,-5.3053,-2.5649,0.5573,28.34,1.65,-97.84,,,25.062443,121.544334,0.485,0.458,1,yellow_stop_001,45675
45676,2339038,20251210_141756,True,False,True,-0.0574,-2.0,-0.2815,-5.3282,-2.3511,0.6641,28.25,1.63,-98.01,,,25.062443,121.544334,0.485,0.458,1,yellow_stop_001,45676
45677,2339086,20251210_141756,True,False,True,-0.0671,-2.0,-0.2795,-4.9847,-2.4504,0.8626,28.44,1.9,-97.96,,,25.062443,121.544334,0.485,0.458,1,yellow_stop_001,45677
45678,2339136,20251210_141756,True,False,True,-0.061,-2.0,-0.2812,-4.7481,-2.2977,0.9618,28.34,1.73,-98.0,,,25.062443,121.544334,0.485,0.458,1,yellow_stop_001,45678
45679,2339194,20251210_141756,True,False,True,-0.0647,-2.0,-0.2859,-4.8397,-2.1603,0.8244,28.29,1.83,-98.13,,,25.062443,121.544334,0.485,0.458,1,yellow_stop_001,45679
45680,2339242,20251210_141756,True,False,True,-0.0647,-2.0,-0.2834,-7.0382,-2.4275,0.145,28.29,1.83,-98.07,,,25.062443,121.544334,0.485,0.458,1,yellow_stop_001,45680
45681,2339291,20251210_141756,True,False,True,-0.0586,-2.0,-0.2861,-6.3969,-2.4733,0.2977,28.34,1.66,-98.14,,,25.062443,121.544334,0.485,0.458,1,yellow_stop_001,45681
45682,2339341,20251210_141756,True,False,True,-0.0598,-2.0,-0.2734,-6.3511,-2.5496,0.5115,28.34,1.7,-97.79,,,25.062443,121.544334,0.485,0.458,1,yellow_stop_001,45682
45683,2339389,20251210_141757,True,False,True,-0.0618,-2.0,-0.2734,-6.1221,-2.2901,0.5725,28.34,1.75,-97.79,,,25.062447,121.54435,0.487,0.002,1,yellow_stop_001,45683
45684,2339460,20251210_141757,True,True,True,-0.0903,-2.0,-0.2725,-5.4962,-2.2519,0.6183,28.34,2.56,-97.76,25.3,44.0,25.062447,121.54435,0.487,0.002,1,yellow_stop_001,45684
45685,2339511,20251210_141757,True,False,True,-0.0796,-2.0,-0.2725,-5.5954,-2.9847,0.1221,28.39,2.26,-97.76,,,25.062447,121.54435,0.487,0.002,1,yellow_stop_001,45685
45686,2339559,20251210_141757,True,False,True,-0.0823,-2.0,-0.2664,-5.5802,-2.7786,0.1527,28.34,2.34,-97.59,,,25.062447,121.54435,0.487,0.002,1,yellow_stop_001,45686
45687,2339609,20251210_141757,True,False,True,-0.083,-2.0,-0.2725,-5.8855,-2.9924,0.2748,28.34,2.35,-97.76,,,25.062447,121.54435,0.487,0.002,1,yellow_stop_001,45687
45688,2339657,20251210_141757,True,False,True,-0.0769,-2.0,-0.2593,-5.8779,-3.1679,0.2595,28.44,2.18,-97.39,,,25.062447,121.54435,0.487,0.002,1,yellow_stop_001,45688
45689,2339707,20251210_141757,True,False,True,-0.0796,-2.0,-0.27,-6.084,-3.0,-0.145,28.25,2.26,-97.69,,,25.062447,121.54435,0.487,0.002,1,yellow_stop_001,45689
45690,2339758,20251210_141757,True,False,True,-0.082,-2.0,-0.2668,-5.7939,-3.2443,0.2061,28.25,2.33,-97.6,,,25.062447,121.54435,0.487,0.002,1,yellow_stop_001,45690
45691,2339806,20251210_141757,True,False,True,-0.092,-2.0,-0.2676,-5.5038,-2.9695,0.0992,28.25,2.61,-97.62,,,25.062447,121.54435,0.487,0.002,1,yellow_stop_001,45691
45692,2339856,20251210_141757,True,False,True,-0.0837,-2.0,-0.2703,-6.1832,-3.1374,0.1069,28.39,2.38,-97.7,,,25.062447,121.54435,0.487,0.002,1,yellow_stop_001,45692
45693,2339906,20251210_141757,True,False,True,-0.084,-2.0,-0.2703,-6.1985,-3.2061,-0.0382,28.39,2.38,-97.7,,,25.062447,121.54435,0.487,0.002,1,yellow_stop_001,45693
45694,2339954,20251210_141757,True,False,True,-0.0803,-2.0,-0.2668,-5.7481,-2.916,-0.0076,28.34,2.28,-97.6,,,25.062447,121.54435,0.487,0.002,1,yellow_stop_001,45694
45695,2340004,20251210_141757,True,False,True,-0.084,-2.0,-0.2664,-6.2595,-2.9618,-0.1298,28.25,2.38,-97.59,,,25.062447,121.54435,0.487,0.002,1,yellow_stop_001,45695
45696,2340054,20251210_141757,True,False,True,-0.0854,-2.0,-0.2625,-6.4198,-3.0305,-0.0916,28.25,2.43,-97.48,,,25.062447,121.54435,0.487,0.002,1,yellow_stop_001,45696
45697,2340102,20251210_141757,True,False,True,-0.0747,-2.0,-0.2688,-6.145,-3.0382,-0.1756,28.25,2.12,-97.65,,,25.062447,121.54435,0.487,0.002,1,yellow_stop_001,45697
45698,2340152,20251210_141757,True,False,True,-0.0852,-2.0,-0.2625,-6.8473,-3.2137,0.0076,28.29,2.42,-97.48,,,25.062447,121.54435,0.487,0.002,1,yellow_stop_001,45698
45699,2340202,20251210_141757,True,False,True,-0.0847,-2.0,-0.272,-6.5573,-3.1985,-0.0916,28.29,2.4,-97.74,,,25.062447,121.54435,0.487,0.002,1,yellow_stop_001,45699
45700,2340250,20251210_141757,True,False,True,-0.083,-2.0,-0.2654,-6.6489,-3.1374,-0.1145,28.29,2.36,-97.56,,,25.062447,121.54435,0.487,0.002,1,yellow_stop_001,45700
45701,2340300,20251210_141757,True,False,True,-0.0813,-2.0,-0.2725,-6.6641,-3.0763,-0.1679,28.25,2.31,-97.76,,,25.062447,121.54435,0.487,0.002,1,yellow_stop_001,45701
45702,2340350,20251210_141757,True,False,True,-0.0835,-2.0,-0.2683,-6.7252,-3.145,-0.0992,28.34,2.37,-97.64,,,25.062447,121.54435,0.487,0.002,1,yellow_stop_001,45702
45703,2340400,20251210_141758,True,False,True,-0.0833,-2.0,-0.2683,-6.7786,-3.1679,-0.0076,28.25,2.36,-97.64,,,25.062447,121.54435,0.332,-0.153,1,yellow_stop_001,45703
45704,2340465,20251210_141758,True,True,True,-0.0815,-2.0,-0.2593,-6.916,-3.084,-0.2443,28.25,2.32,-97.39,25.3,44.0,25.062447,121.54435,0.332,-0.153,1,yellow_stop_001,45704
45705,2340537,20251210_141758,True,False,True,-0.0598,-2.0,-0.2593,-3.3664,-2.229,1.1908,28.39,1.7,-97.39,,,25.062447,121.54435,0.332,-0.153,1,yellow_stop_001,45705
45706,2340585,20251210_141758,True,False,True,-0.0662,-2.0,-0.291,-7.1756,-2.626,-0.0305,28.29,1.87,-98.28,,,25.062447,121.54435,0.332,-0.153,1,yellow_stop_001,45706
45707,2340636,20251210_141758,True,False,True,-0.0603,-2.0,-0.2842,-7.1145,-2.4656,0.2443,28.34,1.71,-98.09,,,25.062447,121.54435,0.332,-0.153,1,yellow_stop_001,45707
45708,2340686,20251210_141758,True,False,True,-0.0588,-2.0,-0.2847,-7.1756,-2.6107,-0.0611,28.29,1.67,-98.1,,,25.062447,121.54435,0.332,-0.153,1,yellow_stop_001,45708
45709,2340735,20251210_141758,True,False,True,-0.0659,-2.0,-0.2839,-6.9542,-2.7023,-0.0229,28.29,1.87,-98.08,,,25.062447,121.54435,0.332,-0.153,1,yellow_stop_001,45709
45710,2340785,20251210_141758,True,False,True,-0.0623,-2.0,-0.2812,-7.0916,-2.4351,0.0916,28.39,1.77,-98.0,,,25.062447,121.54435,0.332,-0.153,1,yellow_stop_001,45710
45711,2340835,20251210_141758,True,False,True,-0.0601,-2.0,-0.2913,-7.2137,-2.7328,0.1069,28.39,1.7,-98.29,,,25.062447,121.54435,0.332,-0.153,1,yellow_stop_001,45711
45712,2340883,20251210_141758,True,False,True,-0.0645,-2.0,-0.2898,-7.5115,-2.5496,0.1221,28.34,1.83,-98.24,,,25.062447,121.54435,0.332,-0.153,1,yellow_stop_001,45712
45713,2340933,20251210_141758,True,False,True,-0.0657,-2.0,-0.2974,-6.8855,-2.7023,0.1985,28.34,1.86,-98.46,,,25.062447,121.54435,0.332,-0.153,1,yellow_stop_001,45713
45714,2340982,20251210_141758,True,False,True,-0.0696,-2.0,-0.2871,-6.8397,-2.5344,0.0229,28.34,1.97,-98.17,,,25.062447,121.54435,0.332,-0.153,1,yellow_stop_001,45714
45715,2341032,20251210_141758,True,False,True,-0.0684,-2.0,-0.2803,-6.855,-2.4351,0.1374,28.34,1.94,-97.98,,,25.062447,121.54435,0.332,-0.153,1,yellow_stop_001,45715
45716,2341082,20251210_141758,True,False,True,-0.0691,-2.0,-0.2852,-6.5496,-2.4809,0.2824,28.34,1.96,-98.11,,,25.062447,121.54435,0.332,-0.153,1,yellow_stop_001,45716
45717,2341132,20251210_141758,True,False,True,-0.0571,-2.0,-0.2747,-6.5496,-2.5191,0.2366,28.34,1.62,-97.82,,,25.062447,121.54435,0.332,-0.153,1,yellow_stop_001,45717
45718,2341180,20251210_141758,True,False,True,-0.0623,-2.0,-0.2888,-6.626,-2.1908,0.374,28.29,1.76,-98.22,,,25.062447,121.54435,0.332,-0.153,1,yellow_stop_001,45718
45719,2341230,20251210_141758,True,False,True,-0.0588,-2.0,-0.2925,-6.3359,-2.4122,0.4427,28.29,1.67,-98.32,,,25.062447,121.54435,0.332,-0.153,1,yellow_stop_001,45719
45720,2341280,20251210_141758,True,False,True,-0.0601,-2.0,-0.2874,-5.8931,-2.5267,0.5344,28.34,1.7,-98.18,,,25.062447,121.54435,0.332,-0.153,1,yellow_stop_001,45720
45721,2341329,20251210_141758,True,False,True,-0.0652,-2.0,-0.2776,-6.4351,-2.3588,0.5954,28.34,1.85,-97.9,,,25.062447,121.54435,0.332,-0.153,1,yellow_stop_001,45721
45722,2341379,20251210_141759,True,False,True,-0.0605,-2.0,-0.2876,-5.5802,-2.374,0.6412,28.34,1.72,-98.18,,,25.06245,121.54435,0.284,-0.049,1,yellow_stop_001,45722
45723,2341456,20251210_141759,True,False,True,-0.083,-2.0,-0.2607,-5.5802,-2.374,0.6412,28.34,2.36,-97.43,,,25.06245,121.54435,0.284,-0.049,1,yellow_stop_001,45723
45724,2341505,20251210_141759,True,True,True,-0.0879,-2.0,-0.2764,-4.4962,-2.7252,0.5496,28.29,2.49,-97.87,25.3,44.0,25.06245,121.54435,0.284,-0.049,1,yellow_stop_001,45724
45725,2341557,20251210_141759,True,False,True,-0.0872,-2.0,-0.252,-4.145,-2.9084,0.6794,28.39,2.48,-97.18,,,25.06245,121.54435,0.284,-0.049,1,yellow_stop_001,45725
45726,2341607,20251210_141759,True,False,True,-0.0862,-2.0,-0.2688,-4.1298,-2.542,0.687,28.44,2.45,-97.65,,,25.06245,121.54435,0.284,-0.049,1,yellow_stop_001,45726
45727,2341655,20251210_141759,True,False,True,-0.0818,-2.0,-0.2625,-4.6794,-2.7176,0.4809,28.25,2.32,-97.48,,,25.06245,121.54435,0.284,-0.049,1,yellow_stop_001,45727
45728,2341705,20251210_141759,True,False,True,-0.0837,-2.0,-0.2678,-5.3511,-2.855,0.1221,28.44,2.38,-97.63,,,25.06245,121.54435,0.284,-0.049,1,yellow_stop_001,45728
45729,2341753,20251210_141759,True,False,True,-0.083,-2.0,-0.2683,-5.229,-2.9313,0.3511,28.29,2.36,-97.64,,,25.06245,121.54435,0.284,-0.049,1,yellow_stop_001,45729
45730,2341803,20251210_141759,True,False,True,-0.082,-2.0,-0.2581,-5.9695,-3.2901,0.0992,28.29,2.33,-97.35,,,25.06245,121.54435,0.284,-0.049,1,yellow_stop_001,45730
45731,2341853,20251210_141759,True,False,True,-0.0793,-2.0,-0.2563,-6.5267,-2.8779,-0.0992,28.39,2.25,-97.3,,,25.06245,121.54435,0.284,-0.049,1,yellow_stop_001,45731
45732,2341901,20251210_141759,True,False,True,-0.0879,-2.0,-0.2673,-7.0229,-3.2519,-0.1221,28.39,2.49,-97.61,,,25.06245,121.54435,0.284,-0.049,1,yellow_stop_001,45732
45733,2341952,20251210_141759,True,False,True,-0.0815,-2.0,-0.2671,-7.145,-3.1145,-0.2137,28.29,2.31,-97.61,,,25.06245,121.54435,0.284,-0.049,1,yellow_stop_001,45733
45734,2342002,20251210_141759,True,False,True,-0.0842,-2.0,-0.2695,-6.916,-3.0382,-0.1603,28.34,2.39,-97.68,,,25.06245,121.54435,0.284,-0.049,1,yellow_stop_001,45734
45735,2342050,20251210_141759,True,False,True,-0.0847,-2.0,-0.2622,-6.7786,-2.9924,-0.2443,28.34,2.4,-97.47,,,25.06245,121.54435,0.284,-0.049,1,yellow_stop_001,45735
45736,2342100,20251210_141759,True,False,True,-0.0718,-2.0,-0.2773,-7.3893,-2.9847,-0.2366,28.39,2.04,-97.89,,,25.06245,121.54435,0.284,-0.049,1,yellow_stop_001,45736
45737,2342150,20251210_141759,True,False,True,-0.071,-2.0,-0.2661,-6.9618,-3.1756,-0.3206,28.39,2.02,-97.58,,,25.06245,121.54435,0.284,-0.049,1,yellow_stop_001,45737
45738,2342199,20251210_141759,True,False,True,-0.0703,-2.0,-0.2778,-7.1145,-2.855,-0.1756,28.29,1.99,-97.91,,,25.06245,121.54435,0.284,-0.049,1,yellow_stop_001,45738
45739,2342249,20251210_141759,True,False,True,-0.0759,-2.0,-0.2754,-7.2443,-2.7252,-0.3588,28.29,2.15,-97.84,,,25.06245,121.54435,0.284,-0.049,1,yellow_stop_001,45739
45740,2342299,20251210_141759,True,False,True,-0.0728,-2.0,-0.2739,-7.2137,-2.7252,-0.145,28.29,2.06,-97.8,,,25.06245,121.54435,0.284,-0.049,1,yellow_stop_001,45740
45741,2342348,20251210_141759,True,False,True,-0.0752,-2.0,-0.2678,-7.3206,-3.0611,-0.1527,28.34,2.13,-97.63,,,25.06245,121.54435,0.284,-0.049,1,yellow_stop_001,45741
45742,2342398,20251210_141800,True,False,True,-0.0774,-2.0,-0.2678,-7.2519,-2.7939,-0.2061,28.25,2.2,-97.63,,,25.06245,121.54435,0.277,-0.007,1,yellow_stop_001,45742
45743,2342464,20251210_141800,True,False,True,-0.0835,-2.0,-0.2556,-7.1221,-2.8168,-0.2519,28.34,2.37,-97.28,,,25.06245,121.54435,0.277,-0.007,1,yellow_stop_001,45743
45744,2342513,20251210_141800,True,True,True,-0.0764,-2.0,-0.2556,-3.8015,-2.6031,0.8321,28.29,2.17,-97.28,25.3,44.0,25.06245,121.54435,0.277,-0.007,1,yellow_stop_001,45744
45745,2342587,20251210_141800,True,False,True,-0.0586,-2.0,-0.292,-3.6107,-2.458,0.8321,28.39,1.66,-98.31,,,25.06245,121.54435,0.277,-0.007,1,yellow_stop_001,45745
45746,2342637,20251210_141800,True,False,True,-0.0642,-2.0,-0.2893,-7.4733,-2.4046,0.0229,28.34,1.82,-98.23,,,25.06245,121.54435,0.277,-0.007,1,yellow_stop_001,45746
45747,2342686,20251210_141800,True,False,True,-0.0684,-2.0,-0.2866,-7.0611,-2.5649,0.0916,28.29,1.94,-98.16,,,25.06245,121.54435,0.277,-0.007,1,yellow_stop_001,45747
45748,2342736,20251210_141800,True,False,True,-0.0742,-2.0,-0.2795,-7.0992,-2.2824,0.1298,28.29,2.1,-97.96,,,25.06245,121.54435,0.277,-0.007,1,yellow_stop_001,45748
45749,2342786,20251210_141800,True,False,True,-0.0657,-2.0,-0.2837,-6.9695,-2.4809,-0.0458,28.39,1.86,-98.07,,,25.06245,121.54435,0.277,-0.007,1,yellow_stop_001,45749
45750,2342836,20251210_141800,True,False,True,-0.0718,-2.0,-0.2729,-7.2824,-2.6794,-0.2443,28.39,2.04,-97.77,,,25.06245,121.54435,0.277,-0.007,1,yellow_stop_001,45750
45751,2342886,20251210_141800,True,False,True,-0.0693,-2.0,-0.2722,-7.0,-2.6183,-0.2137,28.34,1.97,-97.75,,,25.06245,121.54435,0.277,-0.007,1,yellow_stop_001,45751
45752,2342936,20251210_141800,True,False,True,-0.0798,-2.0,-0.2698,-7.1069,-2.8626,-0.145,28.34,2.27,-97.68,,,25.06245,121.54435,0.277,-0.007,1,yellow_stop_001,45752
45753,2342984,20251210_141800,True,False,True,-0.0627,-2.0,-0.2852,-7.0687,-2.9084,-0.1527,28.34,1.78,-98.11,,,25.06245,121.54435,0.277,-0.007,1,yellow_stop_001,45753
45754,2343034,20251210_141800,True,False,True,-0.0723,-2.0,-0.2778,-7.6336,-2.8092,-0.2137,28.39,2.05,-97.91,,,25.06245,121.54435,0.277,-0.007,1,yellow_stop_001,45754
45755,2343084,20251210_141800,True,False,True,-0.0757,-2.0,-0.2766,-7.2519,-2.7634,-0.3588,28.39,2.15,-97.87,,,25.06245,121.54435,0.277,-0.007,1,yellow_stop_001,45755
45756,2343133,20251210_141800,True,False,True,-0.0747,-2.0,-0.2627,-7.145,-3.0153,-0.1756,28.29,2.12,-97.48,,,25.06245,121.54435,0.277,-0.007,1,yellow_stop_001,45756
45757,2343183,20251210_141800,True,False,True,-0.071,-2.0,-0.271,-7.4733,-2.8931,-0.2977,28.25,2.02,-97.72,,,25.06245,121.54435,0.277,-0.007,1,yellow_stop_001,45757
45758,2343236,20251210_141800,True,False,True,-0.0757,-2.0,-0.2717,-7.1603,-3.1069,-0.4275,28.34,2.15,-97.74,,,25.06245,121.54435,0.277,-0.007,1,yellow_stop_001,45758
45759,2343284,20251210_141800,True,False,True,-0.0728,-2.0,-0.2739,-6.9237,-3.1298,-0.4275,28.34,2.06,-97.8,,,25.06245,121.54435,0.277,-0.007,1,yellow_stop_001,45759
45760,2343334,20251210_141800,True,False,True,-0.0759,-2.0,-0.2651,-7.2901,-3.1985,-0.2977,28.25,2.16,-97.55,,,25.06245,121.54435,0.277,-0.007,1,yellow_stop_001,45760
45761,2343384,20251210_141801,True,False,True,-0.0789,-2.0,-0.2651,-7.1985,-3.0305,-0.2137,28.29,2.24,-97.55,,,25.06245,121.54435,0.446,0.171,1,yellow_stop_001,45761
45762,2343459,20251210_141801,True,False,True,-0.0667,-2.0,-0.2659,-7.0458,-3.2977,-0.2748,28.39,1.89,-97.57,,,25.06245,121.54435,0.446,0.171,1,yellow_stop_001,45762
45763,2343509,20251210_141801,True,False,True,-0.0583,-2.0,-0.2659,-3.3435,-1.8855,1.0382,28.34,1.66,-97.57,,,25.06245,121.54435,0.446,0.171,1,yellow_stop_001,45763
45764,2343559,20251210_141801,True,True,True,-0.0608,-2.0,-0.2747,-3.7252,-2.2214,1.0992,28.39,1.72,-97.82,25.3,44.0,25.06245,121.54435,0.446,0.171,1,yellow_stop_001,45764
45765,2343608,20251210_141801,True,False,True,-0.0649,-2.0,-0.2712,-3.3664,-2.0992,0.9313,28.34,1.84,-97.72,,,25.06245,121.54435,0.446,0.171,1,yellow_stop_001,45765
45766,2343658,20251210_141801,True,False,True,-0.0608,-2.0,-0.2725,-3.8244,-2.3588,1.2443,28.34,1.73,-97.76,,,25.06245,121.54435,0.446,0.171,1,yellow_stop_001,45766
45767,2343708,20251210_141801,True,False,True,-0.0559,-2.0,-0.272,-4.0687,-2.0229,0.9389,28.48,1.59,-97.74,,,25.06245,121.54435,0.446,0.171,1,yellow_stop_001,45767
45768,2343757,20251210_141801,True,False,True,-0.0598,-2.0,-0.2676,-4.1756,-2.3588,0.8397,28.39,1.7,-97.62,,,25.06245,121.54435,0.446,0.171,1,yellow_stop_001,45768
45769,2343807,20251210_141801,True,False,True,-0.061,-2.0,-0.2764,-4.229,-2.0611,0.8244,28.34,1.73,-97.87,,,25.06245,121.54435,0.446,0.171,1,yellow_stop_001,45769
45770,2343857,20251210_141801,True,False,True,-0.0547,-2.0,-0.2747,-4.1603,-2.2366,0.9389,28.34,1.55,-97.82,,,25.06245,121.54435,0.446,0.171,1,yellow_stop_001,45770
45771,2343906,20251210_141801,True,False,True,-0.0649,-2.0,-0.2754,-5.084,-2.2824,0.9542,28.34,1.84,-97.84,,,25.06245,121.54435,0.446,0.171,1,yellow_stop_001,45771
45772,2343956,20251210_141801,True,False,True,-0.054,-2.0,-0.2803,-4.6718,-2.3053,0.6641,28.34,1.53,-97.98,,,25.06245,121.54435,0.446,0.171,1,yellow_stop_001,45772
45773,2344005,20251210_141801,True,False,True,-0.0581,-2.0,-0.2805,-5.3511,-2.3435,0.7252,28.39,1.65,-97.98,,,25.06245,121.54435,0.446,0.171,1,yellow_stop_001,45773
45774,2344055,20251210_141801,True,False,True,-0.0542,-2.0,-0.2837,-4.9695,-2.3206,0.7557,28.39,1.54,-98.07,,,25.06245,121.54435,0.446,0.171,1,yellow_stop_001,45774
45775,2344105,20251210_141801,True,False,True,-0.0647,-2.0,-0.2717,-5.4733,-2.2824,0.6718,28.25,1.84,-97.74,,,25.06245,121.54435,0.446,0.171,1,yellow_stop_001,45775
45776,2344153,20251210_141801,True,False,True,-0.0559,-2.0,-0.2751,-5.8779,-2.4046,0.6031,28.25,1.59,-97.83,,,25.06245,121.54435,0.446,0.171,1,yellow_stop_001,45776
45777,2344203,20251210_141801,True,False,True,-0.0576,-2.0,-0.2817,-5.3053,-2.3435,0.5725,28.39,1.63,-98.02,,,25.06245,121.54435,0.446,0.171,1,yellow_stop_001,45777
45778,2344252,20251210_141801,True,False,True,-0.0559,-2.0,-0.2769,-5.1069,-2.5115,0.7634,28.29,1.59,-97.88,,,25.06245,121.54435,0.446,0.171,1,yellow_stop_001,45778
45779,2344300,20251210_141801,True,False,True,-0.0613,-2.0,-0.2798,-5.1221,-2.3282,0.8473,28.29,1.74,-97.96,,,25.06245,121.54435,0.446,0.171,1,yellow_stop_001,45779
45780,2344350,20251210_141801,True,False,True,-0.0576,-2.0,-0.2866,-4.7863,-2.1756,0.687,28.39,1.63,-98.16,,,25.06245,121.54435,0.446,0.171,1,yellow_stop_001,45780
45781,2344400,20251210_141802,True,False,True,-0.0522,-2.0,-0.2866,-4.8779,-2.1832,0.6565,28.34,1.48,-98.16,,,25.06245,121.544365,0.441,-0.004,1,yellow_stop_001,45781
45782,2344452,20251210_141802,True,False,True,-0.0559,-2.0,-0.2812,-5.2595,-2.2672,0.7481,28.34,1.59,-98.0,,,25.06245,121.544365,0.441,-0.004,1,yellow_stop_001,45782
45783,2344502,20251210_141802,True,False,True,-0.0659,-2.0,-0.2812,-6.1221,-2.1145,0.5573,28.34,1.87,-98.0,,,25.06245,121.544365,0.441,-0.004,1,yellow_stop_001,45783
45784,2344552,20251210_141802,True,False,True,-0.0576,-2.0,-0.2874,-6.4122,-2.5344,0.4733,28.25,1.63,-98.18,,,25.06245,121.544365,0.441,-0.004,1,yellow_stop_001,45784
45785,2344601,20251210_141802,True,True,True,-0.0659,-2.0,-0.2817,-6.9771,-2.2137,0.0611,28.29,1.87,-98.02,25.2,44.0,25.06245,121.544365,0.441,-0.004,1,yellow_stop_001,45785
45786,2344674,20251210_141802,True,False,True,-0.0867,-2.0,-0.2483,-6.6947,-2.4122,0.5344,28.39,2.46,-97.08,,,25.06245,121.544365,0.441,-0.004,1,yellow_stop_001,45786
45787,2344724,20251210_141802,True,False,True,-0.0796,-2.0,-0.2583,-3.6489,-2.4962,0.9084,28.44,2.26,-97.36,,,25.06245,121.544365,0.441,-0.004,1,yellow_stop_001,45787
45788,2344773,20251210_141802,True,False,True,-0.0837,-2.0,-0.2563,-3.2672,-2.3282,0.9695,28.34,2.38,-97.3,,,25.06245,121.544365,0.441,-0.004,1,yellow_stop_001,45788
45789,2344823,20251210_141802,True,False,True,-0.0818,-2.0,-0.2556,-3.5802,-2.6336,0.9237,28.25,2.32,-97.28,,,25.06245,121.544365,0.441,-0.004,1,yellow_stop_001,45789
45790,2344875,20251210_141802,True,False,True,-0.0735,-2.0,-0.2546,-3.5115,-2.3435,0.7863,28.34,2.09,-97.26,,,25.06245,121.544365,0.441,-0.004,1,yellow_stop_001,45790
45791,2344924,20251210_141802,True,False,True,-0.0752,-2.0,-0.2563,-3.4122,-2.1756,1.0992,28.39,2.14,-97.3,,,25.06245,121.544365,0.441,-0.004,1,yellow_stop_001,45791
45792,2344974,20251210_141802,True,False,True,-0.0828,-2.0,-0.259,-3.2977,-2.1603,1.0076,28.29,2.35,-97.38,,,25.06245,121.544365,0.441,-0.004,1,yellow_stop_001,45792
45793,2345025,20251210_141802,True,False,True,-0.0767,-2.0,-0.2517,-3.3206,-2.0305,1.1679,28.34,2.18,-97.17,,,25.06245,121.544365,0.441,-0.004,1,yellow_stop_001,45793
45794,2345074,20251210_141802,True,False,True,-0.0713,-2.0,-0.2473,-3.4122,-2.084,1.0687,28.34,2.03,-97.05,,,25.06245,121.544365,0.441,-0.004,1,yellow_stop_001,45794
45795,2345124,20251210_141802,True,False,True,-0.071,-2.0,-0.2666,-3.4046,-2.2137,1.1221,28.29,2.02,-97.59,,,25.06245,121.544365,0.441,-0.004,1,yellow_stop_001,45795
45796,2345174,20251210_141802,True,False,True,-0.0725,-2.0,-0.2568,-3.1145,-2.1679,1.3053,28.2,2.06,-97.32,,,25.06245,121.544365,0.441,-0.004,1,yellow_stop_001,45796
45797,2345223,20251210_141802,True,False,True,-0.0767,-2.0,-0.2581,-3.1985,-2.1756,1.0687,28.29,2.18,-97.35,,,25.06245,121.544365,0.441,-0.004,1,yellow_stop_001,45797
45798,2345274,20251210_141802,True,False,True,-0.0659,-2.0,-0.2625,-3.3893,-2.0763,0.8473,28.39,1.87,-97.48,,,25.06245,121.544365,0.441,-0.004,1,yellow_stop_001,45798
45799,2345324,20251210_141802,True,False,True,-0.075,-2.0,-0.2605,-3.1145,-2.1527,1.2061,28.29,2.13,-97.42,,,25.06245,121.544365,0.441,-0.004,1,yellow_stop_001,45799
45800,2345373,20251210_141803,True,False,True,-0.0759,-2.0,-0.2605,-3.0153,-2.2366,1.2595,28.25,2.16,-97.42,,,25.06245,121.544365,0.441,-0.001,1,yellow_stop_001,45800
45801,2345445,20251210_141803,True,False,True,-0.0664,-2.0,-0.2927,-3.1145,-2.0611,1.0,28.34,1.88,-98.33,,,25.06245,121.544365,0.441,-0.001,1,yellow_stop_001,45801
45802,2345495,20251210_141803,True,False,True,-0.062,-2.0,-0.2927,-7.0,-2.6565,0.084,28.39,1.76,-98.33,,,25.06245,121.544365,0.441,-0.001,1,yellow_stop_001,45802
45803,2345543,20251210_141803,True,False,True,-0.061,-2.0,-0.2783,-7.374,-2.5038,-0.1374,28.34,1.73,-97.92,,,25.06245,121.544365,0.441,-0.001,1,yellow_stop_001,45803
45804,2345593,20251210_141803,True,False,True,-0.0605,-2.0,-0.2837,-6.9389,-2.4351,0.1679,28.39,1.72,-98.07,,,25.06245,121.544365,0.441,-0.001,1,yellow_stop_001,45804
45805,2345643,20251210_141803,True,True,True,-0.0625,-2.0,-0.293,-7.1756,-2.542,0.1221,28.34,1.77,-98.33,25.2,44.0,25.06245,121.544365,0.441,-0.001,1,yellow_stop_001,45805
45806,2345692,20251210_141803,True,False,True,-0.0698,-2.0,-0.29,-7.0763,-2.6183,0.084,28.34,1.98,-98.25,,,25.06245,121.544365,0.441,-0.001,1,yellow_stop_001,45806
45807,2345742,20251210_141803,True,False,True,-0.0579,-2.0,-0.2942,-6.9542,-2.458,0.1221,28.25,1.64,-98.37,,,25.06245,121.544365,0.441,-0.001,1,yellow_stop_001,45807
45808,2345794,20251210_141803,True,False,True,-0.0652,-2.0,-0.2834,-7.1221,-2.5802,-0.084,28.29,1.85,-98.07,,,25.06245,121.544365,0.441,-0.001,1,yellow_stop_001,45808
45809,2345843,20251210_141803,True,False,True,-0.0676,-2.0,-0.2861,-7.4046,-2.7481,-0.0153,28.2,1.92,-98.14,,,25.06245,121.544365,0.441,-0.001,1,yellow_stop_001,45809
45810,2345893,20251210_141803,True,False,True,-0.0703,-2.0,-0.2803,-7.0382,-2.916,-0.1145,28.29,1.99,-97.98,,,25.06245,121.544365,0.441,-0.001,1,yellow_stop_001,45810
45811,2345942,20251210_141803,True,False,True,-0.064,-2.0,-0.2815,-7.1832,-2.5725,-0.1527,28.34,1.81,-98.01,,,25.06245,121.544365,0.441,-0.001,1,yellow_stop_001,45811
45812,2345992,20251210_141803,True,False,True,-0.074,-2.0,-0.2754,-7.2748,-2.6183,-0.2824,28.29,2.1,-97.84,,,25.06245,121.544365,0.441,-0.001,1,yellow_stop_001,45812
45813,2346043,20251210_141803,True,False,True,-0.0691,-2.0,-0.2795,-7.2901,-2.7176,-0.2214,28.29,1.96,-97.96,,,25.06245,121.544365,0.441,-0.001,1,yellow_stop_001,45813
45814,2346092,20251210_141803,True,False,True,-0.0737,-2.0,-0.2749,-7.0153,-2.8015,-0.0916,28.44,2.09,-97.83,,,25.06245,121.544365,0.441,-0.001,1,yellow_stop_001,45814
45815,2346142,20251210_141803,True,False,True,-0.0798,-2.0,-0.2705,-7.2214,-2.7176,0.0076,28.34,2.27,-97.7,,,25.06245,121.544365,0.441,-0.001,1,yellow_stop_001,45815
45816,2346192,20251210_141803,True,False,True,-0.0793,-2.0,-0.2722,-7.4962,-2.8626,-0.4504,28.29,2.25,-97.75,,,25.06245,121.544365,0.441,-0.001,1,yellow_stop_001,45816
45817,2346241,20251210_141803,True,False,True,-0.0725,-2.0,-0.2771,-7.0229,-2.7252,-0.2595,28.29,2.06,-97.89,,,25.06245,121.544365,0.441,-0.001,1,yellow_stop_001,45817
45818,2346291,20251210_141803,True,False,True,-0.0686,-2.0,-0.27,-7.0534,-2.7634,-0.3053,28.34,1.95,-97.69,,,25.06245,121.544365,0.441,-0.001,1,yellow_stop_001,45818
45819,2346341,20251210_141803,True,False,True,-0.0732,-2.0,-0.2651,-7.1374,-2.9084,-0.2595,28.34,2.08,-97.55,,,25.06245,121.544365,0.441,-0.001,1,yellow_stop_001,45819
45820,2346390,20251210_141804,True,False,True,-0.0725,-2.0,-0.2732,-7.3893,-3.0992,-0.2214,28.44,2.06,-97.78,,,25.062456,121.544388,0.482,0.04,1,yellow_stop_001,45820
45821,2346453,20251210_141804,True,False,True,-0.085,-2.0,-0.2656,-7.3893,-3.0992,-0.2214,28.44,2.41,-97.57,,,25.062456,121.544388,0.482,0.04,1,yellow_stop_001,45821
45822,2346503,20251210_141804,True,False,True,-0.0786,-2.0,-0.2656,-4.0916,-2.0076,0.7328,28.39,2.23,-97.57,,,25.062456,121.544388,0.482,0.04,1,yellow_stop_001,45822
45823,2346552,20251210_141804,True,False,True,-0.0693,-2.0,-0.2654,-3.3435,-1.9847,1.0,28.39,1.97,-97.56,,,25.062456,121.544388,0.482,0.04,1,yellow_stop_001,45823
45824,2346602,20251210_141804,True,False,True,-0.0679,-2.0,-0.2688,-3.2977,-1.8473,1.1908,28.34,1.93,-97.65,,,25.062456,121.544388,0.482,0.04,1,yellow_stop_001,45824
45825,2346651,20251210_141804,True,True,True,-0.0659,-2.0,-0.2661,-3.8092,-1.9008,0.8168,28.34,1.87,-97.58,25.3,44.0,25.062456,121.544388,0.482,0.04,1,yellow_stop_001,45825
45826,2346722,20251210_141804,True,False,True,-0.0823,-2.0,-0.2603,-4.3206,-1.9008,0.6641,28.34,2.34,-97.41,,,25.062456,121.544388,0.482,0.04,1,yellow_stop_001,45826
45827,2346772,20251210_141804,True,False,True,-0.0908,-2.0,-0.2507,-4.9313,-2.855,0.6565,28.29,2.58,-97.15,,,25.062456,121.544388,0.482,0.04,1,yellow_stop_001,45827
45828,2346822,20251210_141804,True,False,True,-0.0764,-2.0,-0.2693,-4.5954,-2.3282,0.6412,28.39,2.17,-97.67,,,25.062456,121.544388,0.482,0.04,1,yellow_stop_001,45828
45829,2346870,20251210_141804,True,False,True,-0.0779,-2.0,-0.2505,-3.7863,-2.2061,0.7863,28.39,2.21,-97.14,,,25.062456,121.544388,0.482,0.04,1,yellow_stop_001,45829
45830,2346920,20251210_141804,True,False,True,-0.0742,-2.0,-0.2581,-3.3282,-1.7176,1.1756,28.34,2.11,-97.35,,,25.062456,121.544388,0.482,0.04,1,yellow_stop_001,45830
45831,2346970,20251210_141804,True,False,True,-0.0715,-2.0,-0.2659,-3.1908,-1.9466,1.084,28.25,2.03,-97.57,,,25.062456,121.544388,0.482,0.04,1,yellow_stop_001,45831
45832,2347018,20251210_141804,True,False,True,-0.0632,-2.0,-0.2722,-3.9008,-1.7634,0.9771,28.34,1.79,-97.75,,,25.062456,121.544388,0.482,0.04,1,yellow_stop_001,45832
45833,2347070,20251210_141804,True,False,True,-0.0623,-2.0,-0.2742,-3.9237,-2.1374,0.8168,28.39,1.77,-97.81,,,25.062456,121.544388,0.482,0.04,1,yellow_stop_001,45833
45834,2347127,20251210_141804,True,False,True,-0.0718,-2.0,-0.2642,-6.0611,-2.1603,0.2672,28.39,2.04,-97.52,,,25.062456,121.544388,0.482,0.04,1,yellow_stop_001,45834
45835,2347187,20251210_141804,True,False,True,-0.0859,-2.0,-0.262,-6.5267,-3.313,0.3893,28.39,2.44,-97.46,,,25.062456,121.544388,0.482,0.04,1,yellow_stop_001,45835
45836,2347239,20251210_141804,True,False,True,-0.0654,-2.0,-0.2644,-3.8473,-2.0458,0.7634,28.44,1.86,-97.53,,,25.062456,121.544388,0.482,0.04,1,yellow_stop_001,45836
45837,2347289,20251210_141804,True,False,True,-0.0586,-2.0,-0.2869,-4.4198,-1.771,0.5802,28.25,1.66,-98.16,,,25.062456,121.544388,0.482,0.04,1,yellow_stop_001,45837
45838,2347337,20251210_141804,True,False,True,-0.0645,-2.0,-0.2905,-5.1145,-2.1832,0.2595,28.34,1.83,-98.27,,,25.062456,121.544388,0.482,0.04,1,yellow_stop_001,45838
45839,2347387,20251210_141805,True,False,True,-0.0725,-2.0,-0.2905,-5.7405,-2.6031,0.1374,28.34,2.05,-98.27,,,25.06246,121.544388,0.496,0.014,1,yellow_stop_001,45839
45840,2347437,20251210_141805,True,False,True,-0.0776,-2.0,-0.2747,-6.1527,-3.3664,0.3511,28.29,2.2,-97.82,,,25.06246,121.544388,0.496,0.014,1,yellow_stop_001,45840
45841,2347485,20251210_141805,True,False,True,-0.0852,-2.0,-0.259,-5.5267,-3.3588,0.5725,28.44,2.42,-97.38,,,25.06246,121.544388,0.496,0.014,1,yellow_stop_001,45841
45842,2347535,20251210_141805,True,False,True,-0.0803,-2.0,-0.2571,-5.3053,-2.4504,0.687,28.39,2.28,-97.32,,,25.06246,121.544388,0.496,0.014,1,yellow_stop_001,45842
45843,2347585,20251210_141805,True,False,True,-0.0735,-2.0,-0.2705,-4.1221,-1.7176,0.6641,28.34,2.09,-97.7,,,25.06246,121.544388,0.496,0.014,1,yellow_stop_001,45843
45844,2347633,20251210_141805,True,False,True,-0.0591,-2.0,-0.2878,-4.2824,-1.6489,0.5954,28.29,1.67,-98.19,,,25.06246,121.544388,0.496,0.014,1,yellow_stop_001,45844
45845,2347682,20251210_141805,True,True,True,-0.0552,-2.0,-0.2883,-4.6489,-1.7786,0.7023,28.39,1.56,-98.2,25.3,44.0,25.06246,121.544388,0.496,0.014,1,yellow_stop_001,45845
45846,2347730,20251210_141805,True,False,True,-0.0647,-2.0,-0.2673,-6.0076,-1.9771,0.0534,28.29,1.84,-97.61,,,25.06246,121.544388,0.496,0.014,1,yellow_stop_001,45846
45847,2347779,20251210_141805,True,False,True,-0.0623,-2.0,-0.2627,-6.6107,-2.9084,0.2977,28.29,1.77,-97.48,,,25.06246,121.544388,0.496,0.014,1,yellow_stop_001,45847
45848,2347831,20251210_141805,True,False,True,-0.0823,-2.0,-0.2651,-6.7176,-3.5802,-0.0382,28.34,2.34,-97.55,,,25.06246,121.544388,0.496,0.014,1,yellow_stop_001,45848
45849,2347879,20251210_141805,True,False,True,-0.0894,-2.0,-0.262,-5.5725,-3.1298,0.5802,28.34,2.54,-97.46,,,25.06246,121.544388,0.496,0.014,1,yellow_stop_001,45849
45850,2347929,20251210_141805,True,False,True,-0.0808,-2.0,-0.2625,-4.916,-3.2519,0.687,28.44,2.29,-97.48,,,25.06246,121.544388,0.496,0.014,1,yellow_stop_001,45850
45851,2347979,20251210_141805,True,False,True,-0.0725,-2.0,-0.2659,-3.9847,-1.7939,0.5344,28.34,2.06,-97.57,,,25.06246,121.544388,0.496,0.014,1,yellow_stop_001,45851
45852,2348027,20251210_141805,True,False,True,-0.0752,-2.0,-0.2556,-3.6107,-1.7023,0.9466,28.29,2.14,-97.28,,,25.06246,121.544388,0.496,0.014,1,yellow_stop_001,45852
45853,2348077,20251210_141805,True,False,True,-0.0596,-2.0,-0.2849,-3.8779,-1.4733,1.0229,28.29,1.69,-98.11,,,25.06246,121.544388,0.496,0.014,1,yellow_stop_001,45853
45854,2348127,20251210_141805,True,False,True,-0.0613,-2.0,-0.282,-4.4885,-1.8779,0.6107,28.29,1.74,-98.03,,,25.06246,121.544388,0.496,0.014,1,yellow_stop_001,45854
45855,2348175,20251210_141805,True,False,True,-0.0552,-2.0,-0.2827,-5.9008,-2.0763,0.3511,28.39,1.56,-98.05,,,25.06246,121.544388,0.496,0.014,1,yellow_stop_001,45855
45856,2348226,20251210_141805,True,False,True,-0.063,-2.0,-0.2756,-6.3893,-3.0153,0.1069,28.34,1.79,-97.85,,,25.06246,121.544388,0.496,0.014,1,yellow_stop_001,45856
45857,2348276,20251210_141805,True,False,True,-0.0754,-2.0,-0.2708,-6.8473,-3.8855,0.313,28.34,2.14,-97.71,,,25.06246,121.544388,0.496,0.014,1,yellow_stop_001,45857
45858,2348324,20251210_141805,True,False,True,-0.0894,-2.0,-0.2817,-6.1145,-3.4198,0.3893,28.34,2.53,-98.02,,,25.06246,121.544388,0.496,0.014,1,yellow_stop_001,45858
45859,2348374,20251210_141806,True,False,True,-0.0908,-2.0,-0.2817,-5.6489,-3.2748,0.3893,28.29,2.57,-98.02,,,25.06246,121.544403,0.621,0.127,1,yellow_stop_001,45859
45860,2348424,20251210_141806,True,False,True,-0.0806,-2.0,-0.2661,-4.5878,-2.4046,0.6565,28.44,2.29,-97.58,,,25.06246,121.544403,0.621,0.127,1,yellow_stop_001,45860
45861,2348473,20251210_141806,True,False,True,-0.0718,-2.0,-0.2671,-4.3511,-1.771,0.8092,28.34,2.04,-97.61,,,25.06246,121.544403,0.621,0.127,1,yellow_stop_001,45861
45862,2348523,20251210_141806,True,False,True,-0.0652,-2.0,-0.2671,-3.9084,-1.5267,0.7939,28.34,1.85,-97.61,,,25.06246,121.544403,0.621,0.127,1,yellow_stop_001,45862
45863,2348573,20251210_141806,True,False,True,-0.0562,-2.0,-0.2886,-4.145,-1.8092,0.9771,28.29,1.59,-98.21,,,25.06246,121.544403,0.621,0.127,1,yellow_stop_001,45863
45864,2348622,20251210_141806,True,False,True,-0.0571,-2.0,-0.271,-4.9084,-1.916,0.4962,28.25,1.62,-97.72,,,25.06246,121.544403,0.621,0.127,1,yellow_stop_001,45864
45865,2348672,20251210_141806,True,False,True,-0.0647,-2.0,-0.27,-5.7557,-2.8321,0.2366,28.25,1.84,-97.69,,,25.06246,121.544403,0.621,0.127,1,yellow_stop_001,45865
45866,2348722,20251210_141806,True,True,True,-0.0732,-2.0,-0.2642,-6.6565,-3.626,0.2443,28.34,2.08,-97.52,25.2,44.0,25.06246,121.544403,0.621,0.127,1,yellow_stop_001,45866
45867,2348793,20251210_141806,True,False,True,-0.0552,-2.0,-0.2842,-6.6183,-3.5191,0.2672,28.29,1.56,-98.09,,,25.06246,121.544403,0.621,0.127,1,yellow_stop_001,45867
45868,2348843,20251210_141806,True,False,True,-0.062,-2.0,-0.2795,-4.7786,-1.9695,0.542,28.34,1.76,-97.96,,,25.06246,121.544403,0.621,0.127,1,yellow_stop_001,45868
45869,2348893,20251210_141806,True,False,True,-0.061,-2.0,-0.281,-6.2214,-2.5954,0.0611,28.25,1.73,-98.0,,,25.06246,121.544403,0.621,0.127,1,yellow_stop_001,45869
45870,2348941,20251210_141806,True,False,True,-0.0718,-2.0,-0.2754,-7.0992,-3.2977,0.084,28.34,2.04,-97.84,,,25.06246,121.544403,0.621,0.127,1,yellow_stop_001,45870
45871,2348992,20251210_141806,True,False,True,-0.0789,-2.0,-0.2678,-6.6107,-3.5115,0.0992,28.34,2.24,-97.63,,,25.06246,121.544403,0.621,0.127,1,yellow_stop_001,45871
45872,2349042,20251210_141806,True,False,True,-0.0906,-2.0,-0.2629,-6.7405,-3.2901,0.2595,28.34,2.57,-97.49,,,25.06246,121.544403,0.621,0.127,1,yellow_stop_001,45872
45873,2349090,20251210_141806,True,False,True,-0.0845,-2.0,-0.2666,-6.0992,-3.313,0.3282,28.25,2.4,-97.59,,,25.06246,121.544403,0.621,0.127,1,yellow_stop_001,45873
45874,2349140,20251210_141806,True,False,True,-0.0891,-2.0,-0.2607,-5.3359,-3.0611,0.3282,27.54,2.53,-97.43,,,25.06246,121.544403,0.621,0.127,1,yellow_stop_001,45874
45875,2349190,20251210_141806,True,False,True,-0.0808,-2.0,-0.259,-4.8855,-2.3664,0.6718,28.2,2.29,-97.38,,,25.06246,121.544403,0.621,0.127,1,yellow_stop_001,45875
45876,2349239,20251210_141806,True,False,True,-0.0881,-2.0,-0.2493,-3.855,-1.6565,0.6794,28.39,2.5,-97.1,,,25.06246,121.544403,0.621,0.127,1,yellow_stop_001,45876
45877,2349289,20251210_141806,True,False,True,-0.073,-2.0,-0.2732,-2.8931,-1.7176,1.1908,28.34,2.07,-97.78,,,25.06246,121.544403,0.621,0.127,1,yellow_stop_001,45877
45878,2349339,20251210_141806,True,False,True,-0.0557,-2.0,-0.2815,-3.2061,-1.4275,1.0916,28.34,1.58,-98.01,,,25.06246,121.544403,0.621,0.127,1,yellow_stop_001,45878
45879,2349388,20251210_141807,True,False,True,-0.0496,-2.0,-0.2815,-4.5191,-1.5496,0.6641,28.34,1.41,-98.01,,,25.06246,121.544418,0.474,-0.145,1,yellow_stop_001,45879
45880,2349438,20251210_141807,True,False,True,-0.0608,-2.0,-0.2717,-5.0458,-1.8779,0.5878,28.34,1.73,-97.74,,,25.06246,121.544418,0.474,-0.145,1,yellow_stop_001,45880
45881,2349487,20251210_141807,True,False,True,-0.0623,-2.0,-0.2717,-5.9618,-3.0305,0.1679,28.29,1.77,-97.74,,,25.06246,121.544418,0.474,-0.145,1,yellow_stop_001,45881
45882,2349537,20251210_141807,True,False,True,-0.0669,-2.0,-0.2795,-7.2519,-3.1832,0.2061,28.39,1.9,-97.96,,,25.06246,121.544418,0.474,-0.145,1,yellow_stop_001,45882
45883,2349588,20251210_141807,True,False,True,-0.0847,-2.0,-0.262,-6.8626,-3.5344,0.2519,28.39,2.4,-97.46,,,25.06246,121.544418,0.474,-0.145,1,yellow_stop_001,45883
45884,2349637,20251210_141807,True,False,True,-0.0859,-2.0,-0.2625,-5.8321,-3.6336,0.2519,28.34,2.44,-97.48,,,25.06246,121.544418,0.474,-0.145,1,yellow_stop_001,45884
45885,2349687,20251210_141807,True,False,True,-0.0859,-2.0,-0.2656,-5.0916,-3.2519,0.4504,28.34,2.44,-97.57,,,25.06246,121.544418,0.474,-0.145,1,yellow_stop_001,45885
45886,2349737,20251210_141807,True,True,True,-0.0876,-2.0,-0.2483,-4.9847,-2.7176,0.5496,28.34,2.49,-97.08,25.2,44.0,25.06246,121.544418,0.474,-0.145,1,yellow_stop_001,45886
45887,2349786,20251210_141807,True,False,True,-0.0776,-2.0,-0.2581,-3.229,-2.1527,0.9313,28.29,2.2,-97.35,,,25.06246,121.544418,0.474,-0.145,1,yellow_stop_001,45887
45888,2349836,20251210_141807,True,False,True,-0.0759,-2.0,-0.27,-3.3664,-1.5802,1.0153,28.29,2.15,-97.69,,,25.06246,121.544418,0.474,-0.145,1,yellow_stop_001,45888
45889,2349886,20251210_141807,True,False,True,-0.0596,-2.0,-0.2769,-3.374,-1.542,0.9695,28.39,1.69,-97.88,,,25.06246,121.544418,0.474,-0.145,1,yellow_stop_001,45889
45890,2349935,20251210_141807,True,False,True,-0.0569,-2.0,-0.2751,-4.3588,-1.8244,0.7863,28.29,1.61,-97.83,,,25.06246,121.544418,0.474,-0.145,1,yellow_stop_001,45890
45891,2349988,20251210_141807,True,False,True,-0.052,-2.0,-0.2993,-5.6489,-2.313,0.2443,28.44,1.47,-98.51,,,25.06246,121.544418,0.474,-0.145,1,yellow_stop_001,45891
45892,2350038,20251210_141807,True,False,True,-0.0669,-2.0,-0.2639,-7.1908,-2.9466,0.0076,28.34,1.9,-97.52,,,25.06246,121.544418,0.474,-0.145,1,yellow_stop_001,45892
45893,2350087,20251210_141807,True,False,True,-0.075,-2.0,-0.2747,-7.0153,-3.8779,0.1908,28.25,2.13,-97.82,,,25.06246,121.544418,0.474,-0.145,1,yellow_stop_001,45893
45894,2350137,20251210_141807,True,False,True,-0.0764,-2.0,-0.2744,-6.4275,-3.5878,0.2595,28.25,2.17,-97.81,,,25.06246,121.544418,0.474,-0.145,1,yellow_stop_001,45894
45895,2350188,20251210_141807,True,False,True,-0.082,-2.0,-0.2656,-6.4046,-3.5344,0.2824,28.29,2.33,-97.57,,,25.06246,121.544418,0.474,-0.145,1,yellow_stop_001,45895
45896,2350237,20251210_141807,True,False,True,-0.0798,-2.0,-0.2539,-5.5802,-2.9466,0.2672,28.48,2.27,-97.24,,,25.06246,121.544418,0.474,-0.145,1,yellow_stop_001,45896
45897,2350287,20251210_141807,True,False,True,-0.0801,-2.0,-0.2578,-5.0153,-2.5878,0.7252,28.34,2.27,-97.35,,,25.06246,121.544418,0.474,-0.145,1,yellow_stop_001,45897
45898,2350337,20251210_141807,True,False,True,-0.0803,-2.0,-0.2542,-3.6336,-2.0992,0.9542,28.25,2.28,-97.24,,,25.06246,121.544418,0.474,-0.145,1,yellow_stop_001,45898
45899,2350388,20251210_141808,True,False,True,-0.0737,-2.0,-0.2542,-3.1069,-1.4122,1.2366,28.34,2.09,-97.24,,,25.062464,121.544403,0.18,-0.294,1,yellow_stop_001,45899
45900,2350438,20251210_141808,True,False,True,-0.0591,-2.0,-0.27,-3.0458,-1.4427,0.9618,28.34,1.68,-97.69,,,25.062464,121.544403,0.18,-0.294,1,yellow_stop_001,45900
45901,2350488,20251210_141808,True,False,True,-0.0579,-2.0,-0.27,-3.855,-1.626,0.9008,28.39,1.64,-97.69,,,25.062464,121.544403,0.18,-0.294,1,yellow_stop_001,45901
45902,2350536,20251210_141808,True,False,True,-0.061,-2.0,-0.2891,-5.6107,-1.8015,0.4351,28.29,1.73,-98.22,,,25.062464,121.544403,0.18,-0.294,1,yellow_stop_001,45902
45903,2350586,20251210_141808,True,False,True,-0.052,-2.0,-0.2876,-7.0153,-3.0687,0.2366,28.34,1.47,-98.18,,,25.062464,121.544403,0.18,-0.294,1,yellow_stop_001,45903
45904,2350637,20251210_141808,True,False,True,-0.0696,-2.0,-0.2771,-7.0153,-3.0687,0.2366,28.34,1.97,-97.89,,,25.062464,121.544403,0.18,-0.294,1,yellow_stop_001,45904
45905,2350685,20251210_141808,True,False,True,-0.0735,-2.0,-0.27,-6.7023,-3.5802,0.3206,28.34,2.09,-97.69,,,25.062464,121.544403,0.18,-0.294,1,yellow_stop_001,45905
45906,2350735,20251210_141808,True,False,True,-0.083,-2.0,-0.2644,-6.5344,-3.7863,0.0534,28.29,2.36,-97.53,,,25.062464,121.544403,0.18,-0.294,1,yellow_stop_001,45906
45907,2350786,20251210_141808,True,True,True,-0.0874,-2.0,-0.2656,-6.7328,-3.3511,-0.084,28.39,2.48,-97.57,25.2,44.0,25.062464,121.544403,0.18,-0.294,1,yellow_stop_001,45907
45908,2350857,20251210_141808,True,False,True,-0.0569,-2.0,-0.2849,-5.458,-2.9008,0.3893,28.29,1.61,-98.11,,,25.062464,121.544403,0.18,-0.294,1,yellow_stop_001,45908
45909,2350908,20251210_141808,True,False,True,-0.0574,-2.0,-0.2922,-6.0229,-2.4046,0.2901,28.39,1.63,-98.31,,,25.062464,121.544403,0.18,-0.294,1,yellow_stop_001,45909
45910,2350958,20251210_141808,True,False,True,-0.0764,-2.0,-0.271,-7.1985,-2.9618,0.0687,28.44,2.17,-97.72,,,25.062464,121.544403,0.18,-0.294,1,yellow_stop_001,45910
45911,2351006,20251210_141808,True,False,True,-0.0649,-2.0,-0.2793,-7.0076,-3.9237,-0.0382,28.34,1.84,-97.95,,,25.062464,121.544403,0.18,-0.294,1,yellow_stop_001,45911
45912,2351056,20251210_141808,True,False,True,-0.0872,-2.0,-0.2625,-6.626,-3.4504,0.2061,28.34,2.47,-97.48,,,25.062464,121.544403,0.18,-0.294,1,yellow_stop_001,45912
45913,2351106,20251210_141808,True,False,True,-0.0872,-2.0,-0.2625,-6.2443,-3.3435,0.2061,28.34,2.47,-97.48,,,25.062464,121.544403,0.18,-0.294,1,yellow_stop_001,45913
45914,2351155,20251210_141808,True,False,True,-0.0889,-2.0,-0.2615,-5.1298,-2.7939,0.5573,28.34,2.52,-97.45,,,25.062464,121.544403,0.18,-0.294,1,yellow_stop_001,45914
45915,2351205,20251210_141808,True,False,True,-0.0835,-2.0,-0.262,-5.1298,-2.9237,0.4046,28.39,2.37,-97.46,,,25.062464,121.544403,0.18,-0.294,1,yellow_stop_001,45915
45916,2351255,20251210_141808,True,False,True,-0.0864,-2.0,-0.2644,-3.9466,-2.1679,0.7481,28.39,2.45,-97.53,,,25.062464,121.544403,0.18,-0.294,1,yellow_stop_001,45916
45917,2351304,20251210_141808,True,False,True,-0.0693,-2.0,-0.2629,-2.9084,-1.9695,1.0305,28.25,1.97,-97.49,,,25.062464,121.544403,0.18,-0.294,1,yellow_stop_001,45917
45918,2351354,20251210_141808,True,False,True,-0.063,-2.0,-0.2695,-3.2214,-1.2748,1.0382,28.34,1.79,-97.68,,,25.062464,121.544403,0.18,-0.294,1,yellow_stop_001,45918
45919,2351403,20251210_141809,True,False,True,-0.0623,-2.0,-0.2695,-4.084,-1.8779,0.9618,28.25,1.77,-97.68,,,25.062468,121.544403,0.099,-0.08,1,yellow_stop_001,45919
45920,2351453,20251210_141809,True,False,True,-0.0544,-2.0,-0.292,-4.7023,-1.7939,0.6565,28.25,1.54,-98.31,,,25.062468,121.544403,0.099,-0.08,1,yellow_stop_001,45920
45921,2351503,20251210_141809,True,False,True,-0.0571,-2.0,-0.292,-6.2519,-2.4198,0.3053,28.44,1.62,-98.31,,,25.062468,121.544403,0.099,-0.08,1,yellow_stop_001,45921
45922,2351551,20251210_141809,True,False,True,-0.0693,-2.0,-0.2664,-6.8855,-3.1374,0.0916,28.44,1.97,-97.59,,,25.062468,121.544403,0.099,-0.08,1,yellow_stop_001,45922
45923,2351601,20251210_141809,True,False,True,-0.0757,-2.0,-0.2659,-7.5649,-3.0,0.1374,28.34,2.15,-97.57,,,25.062468,121.544403,0.099,-0.08,1,yellow_stop_001,45923
45924,2351651,20251210_141809,True,False,True,-0.0767,-2.0,-0.2617,-6.8321,-3.3893,0.2137,28.25,2.18,-97.46,,,25.062468,121.544403,0.099,-0.08,1,yellow_stop_001,45924
45925,2351700,20251210_141809,True,False,True,-0.0806,-2.0,-0.272,-6.6183,-3.0916,0.0,28.25,2.29,-97.74,,,25.062468,121.544403,0.099,-0.08,1,yellow_stop_001,45925
45926,2351750,20251210_141809,True,False,True,-0.085,-2.0,-0.2666,-6.0076,-3.3053,0.3588,28.34,2.41,-97.59,,,25.062468,121.544403,0.099,-0.08,1,yellow_stop_001,45926
45927,2351800,20251210_141809,True,True,True,-0.0759,-2.0,-0.2649,-4.7405,-2.916,0.5267,28.39,2.16,-97.54,25.2,44.0,25.062468,121.544403,0.099,-0.08,1,yellow_stop_001,45927
45928,2351849,20251210_141809,True,False,True,-0.0789,-2.0,-0.2468,-3.458,-1.9618,1.0305,28.29,2.24,-97.04,,,25.062468,121.544403,0.099,-0.08,1,yellow_stop_001,45928
45929,2351900,20251210_141809,True,False,True,-0.0664,-2.0,-0.2671,-2.7863,-1.6947,0.9084,28.29,1.88,-97.61,,,25.062468,121.544403,0.099,-0.08,1,yellow_stop_001,45929
45930,2351950,20251210_141809,True,False,True,-0.0571,-2.0,-0.2744,-3.0229,-1.5038,0.9695,28.34,1.62,-97.81,,,25.062468,121.544403,0.099,-0.08,1,yellow_stop_001,45930
45931,2351999,20251210_141809,True,False,True,-0.0535,-2.0,-0.2915,-3.687,-1.8626,0.8626,28.34,1.52,-98.29,,,25.062468,121.544403,0.099,-0.08,1,yellow_stop_001,45931
45932,2352049,20251210_141809,True,False,True,-0.0635,-2.0,-0.291,-4.6947,-1.9618,0.6794,28.34,1.8,-98.28,,,25.062468,121.544403,0.099,-0.08,1,yellow_stop_001,45932
45933,2352099,20251210_141809,True,False,True,-0.0601,-2.0,-0.28,-5.4885,-2.5191,0.2672,28.39,1.7,-97.97,,,25.062468,121.544403,0.099,-0.08,1,yellow_stop_001,45933
45934,2352148,20251210_141809,True,False,True,-0.0671,-2.0,-0.2817,-6.7863,-3.2595,0.2443,28.29,1.9,-98.02,,,25.062468,121.544403,0.099,-0.08,1,yellow_stop_001,45934
45935,2352198,20251210_141809,True,False,True,-0.0676,-2.0,-0.2703,-7.1145,-3.3435,0.1756,28.39,1.92,-97.7,,,25.062468,121.544403,0.099,-0.08,1,yellow_stop_001,45935
45936,2352248,20251210_141809,True,False,True,-0.0867,-2.0,-0.2568,-6.7023,-3.9466,0.1374,28.29,2.46,-97.32,,,25.062468,121.544403,0.099,-0.08,1,yellow_stop_001,45936
45937,2352297,20251210_141809,True,False,True,-0.0867,-2.0,-0.2661,-6.2824,-3.8244,0.2748,28.34,2.46,-97.58,,,25.062468,121.544403,0.099,-0.08,1,yellow_stop_001,45937
45938,2352347,20251210_141809,True,False,True,-0.0857,-2.0,-0.2561,-5.5649,-2.9084,0.3053,28.44,2.43,-97.3,,,25.062468,121.544403,0.099,-0.08,1,yellow_stop_001,45938
45939,2352397,20251210_141810,True,False,True,-0.0867,-2.0,-0.2561,-4.3511,-2.6336,0.6718,28.29,2.46,-97.3,,,25.062468,121.544403,0.064,-0.035,1,yellow_stop_001,45939
45940,2352445,20251210_141810,True,False,True,-0.0835,-2.0,-0.2468,-3.3969,-1.8092,0.7176,28.34,2.37,-97.04,,,25.062468,121.544403,0.064,-0.035,1,yellow_stop_001,45940
45941,2352495,20251210_141810,True,False,True,-0.0781,-2.0,-0.2625,-3.5191,-1.9618,0.8244,28.29,2.22,-97.48,,,25.062468,121.544403,0.064,-0.035,1,yellow_stop_001,45941
45942,2352547,20251210_141810,True,False,True,-0.0642,-2.0,-0.2659,-3.1985,-1.8244,0.9313,28.34,1.82,-97.57,,,25.062468,121.544403,0.064,-0.035,1,yellow_stop_001,45942
45943,2352596,20251210_141810,True,False,True,-0.0581,-2.0,-0.2717,-3.5191,-1.7863,0.7328,28.34,1.65,-97.74,,,25.062468,121.544403,0.064,-0.035,1,yellow_stop_001,45943
45944,2352646,20251210_141810,True,False,True,-0.0452,-2.0,-0.2859,-4.0229,-2.0992,0.916,28.34,1.28,-98.13,,,25.062468,121.544403,0.064,-0.035,1,yellow_stop_001,45944
45945,2352696,20251210_141810,True,False,True,-0.0574,-2.0,-0.2898,-5.1985,-1.8244,0.4275,28.34,1.63,-98.24,,,25.062468,121.544403,0.064,-0.035,1,yellow_stop_001,45945
45946,2352744,20251210_141810,True,False,True,-0.0598,-2.0,-0.2839,-6.3511,-2.7328,0.3588,28.48,1.7,-98.08,,,25.062468,121.544403,0.064,-0.035,1,yellow_stop_001,45946
45947,2352794,20251210_141810,True,False,True,-0.0596,-2.0,-0.2793,-6.8092,-3.0611,-0.0229,28.29,1.69,-97.95,,,25.062468,121.544403,0.064,-0.035,1,yellow_stop_001,45947
45948,2352844,20251210_141810,True,True,True,-0.073,-2.0,-0.2751,-7.5191,-3.9313,0.2061,28.39,2.07,-97.83,25.3,44.0,25.062468,121.544403,0.064,-0.035,1,yellow_stop_001,45948
45949,2352915,20251210_141810,True,False,True,-0.064,-2.0,-0.2637,-6.8855,-3.8779,0.0229,28.39,1.82,-97.51,,,25.062468,121.544403,0.064,-0.035,1,yellow_stop_001,45949
45950,2352965,20251210_141810,True,False,True,-0.0598,-2.0,-0.2817,-4.0992,-2.2672,1.0534,28.34,1.7,-98.02,,,25.062468,121.544403,0.064,-0.035,1,yellow_stop_001,45950
45951,2353015,20251210_141810,True,False,True,-0.0637,-2.0,-0.2661,-4.8855,-1.855,0.5115,28.34,1.81,-97.58,,,25.062468,121.544403,0.064,-0.035,1,yellow_stop_001,45951
45952,2353066,20251210_141810,True,False,True,-0.0664,-2.0,-0.262,-5.4733,-2.3053,0.5038,28.34,1.89,-97.46,,,25.062468,121.544403,0.064,-0.035,1,yellow_stop_001,45952
45953,2353116,20251210_141810,True,False,True,-0.073,-2.0,-0.27,-7.0763,-2.8092,0.0687,28.34,2.07,-97.69,,,25.062468,121.544403,0.064,-0.035,1,yellow_stop_001,45953
45954,2353166,20251210_141810,True,False,True,-0.0703,-2.0,-0.2747,-7.5115,-3.6565,-0.0076,28.39,1.99,-97.82,,,25.062468,121.544403,0.064,-0.035,1,yellow_stop_001,45954
45955,2353215,20251210_141810,True,False,True,-0.0864,-2.0,-0.2605,-7.2061,-3.6183,-0.0229,28.39,2.45,-97.42,,,25.062468,121.544403,0.064,-0.035,1,yellow_stop_001,45955
45956,2353265,20251210_141810,True,False,True,-0.0876,-2.0,-0.2791,-6.6031,-3.687,0.1069,28.29,2.49,-97.94,,,25.062468,121.544403,0.064,-0.035,1,yellow_stop_001,45956
45957,2353315,20251210_141810,True,False,True,-0.0942,-2.0,-0.2559,-5.7176,-2.8931,0.5115,28.34,2.68,-97.29,,,25.062468,121.544403,0.064,-0.035,1,yellow_stop_001,45957
45958,2353364,20251210_141810,True,False,True,-0.0854,-2.0,-0.2683,-4.4885,-2.7481,0.542,28.34,2.42,-97.64,,,25.062468,121.544403,0.064,-0.035,1,yellow_stop_001,45958
45959,2353414,20251210_141811,True,False,True,-0.0913,-2.0,-0.2683,-4.4962,-2.2595,0.7557,28.39,2.59,-97.64,,,25.062468,121.544403,0.065,0.002,1,yellow_stop_001,45959
45960,2353464,20251210_141811,True,False,True,-0.0776,-2.0,-0.25,-3.4275,-2.0687,1.0611,28.34,2.21,-97.13,,,25.062468,121.544403,0.065,0.002,1,yellow_stop_001,45960
45961,2353514,20251210_141811,True,False,True,-0.0759,-2.0,-0.2656,-2.7023,-2.0992,0.9771,28.39,2.16,-97.57,,,25.062468,121.544403,0.065,0.002,1,yellow_stop_001,45961
45962,2353564,20251210_141811,True,False,True,-0.0728,-2.0,-0.2603,-2.542,-1.3664,1.145,28.39,2.07,-97.41,,,25.062468,121.544403,0.065,0.002,1,yellow_stop_001,45962
45963,2353612,20251210_141811,True,False,True,-0.0693,-2.0,-0.2634,-2.5725,-1.9618,1.3664,28.34,1.97,-97.5,,,25.062468,121.544403,0.065,0.002,1,yellow_stop_001,45963
45964,2353662,20251210_141811,True,False,True,-0.0649,-2.0,-0.2615,-3.8931,-2.6336,0.7786,28.34,1.84,-97.45,,,25.062468,121.544403,0.065,0.002,1,yellow_stop_001,45964
45965,2353713,20251210_141811,True,False,True,-0.0581,-2.0,-0.2737,-3.8931,-2.6336,0.7786,28.34,1.65,-97.79,,,25.062468,121.544403,0.065,0.002,1,yellow_stop_001,45965
45966,2353761,20251210_141811,True,False,True,-0.0605,-2.0,-0.2751,-4.9466,-2.4427,0.2595,28.39,1.72,-97.83,,,25.062468,121.544403,0.065,0.002,1,yellow_stop_001,45966
45967,2353810,20251210_141811,True,False,True,-0.0674,-2.0,-0.269,-5.3282,-2.4962,0.3969,28.29,1.91,-97.66,,,25.062468,121.544403,0.065,0.002,1,yellow_stop_001,45967
45968,2353860,20251210_141811,True,True,True,-0.0659,-2.0,-0.2639,-5.5344,-2.9771,0.5802,28.25,1.87,-97.52,25.3,44.0,25.062468,121.544403,0.065,0.002,1,yellow_stop_001,45968
45969,2353908,20251210_141811,True,False,True,-0.0801,-2.0,-0.2625,-6.0305,-2.9008,0.5267,28.34,2.27,-97.48,,,25.062468,121.544403,0.065,0.002,1,yellow_stop_001,45969
45970,2353958,20251210_141811,True,False,True,-0.0796,-2.0,-0.2546,-5.7481,-3.3969,0.3053,28.34,2.26,-97.26,,,25.062468,121.544403,0.065,0.002,1,yellow_stop_001,45970
45971,2354007,20251210_141811,True,False,True,-0.0894,-2.0,-0.2585,-5.4046,-3.0687,0.4885,28.44,2.54,-97.37,,,25.062468,121.544403,0.065,0.002,1,yellow_stop_001,45971
45972,2354055,20251210_141811,True,False,True,-0.0859,-2.0,-0.2524,-4.4427,-2.855,0.7023,28.34,2.44,-97.19,,,25.062468,121.544403,0.065,0.002,1,yellow_stop_001,45972
45973,2354105,20251210_141811,True,False,True,-0.0852,-2.0,-0.2576,-4.2824,-2.7481,0.5115,28.48,2.42,-97.34,,,25.062468,121.544403,0.065,0.002,1,yellow_stop_001,45973
45974,2354155,20251210_141811,True,False,True,-0.0776,-2.0,-0.2588,-4.2443,-2.9237,0.626,28.48,2.2,-97.37,,,25.062468,121.544403,0.065,0.002,1,yellow_stop_001,45974
45975,2354203,20251210_141811,True,False,True,-0.0842,-2.0,-0.2622,-3.4351,-2.5725,0.9466,28.29,2.39,-97.47,,,25.062468,121.544403,0.065,0.002,1,yellow_stop_001,45975
45976,2354253,20251210_141811,True,False,True,-0.0845,-2.0,-0.2559,-3.7328,-2.7176,0.8702,28.34,2.4,-97.29,,,25.062468,121.544403,0.065,0.002,1,yellow_stop_001,45976
45977,2354304,20251210_141811,True,False,True,-0.0793,-2.0,-0.2649,-3.4427,-2.5802,0.8473,28.34,2.25,-97.54,,,25.062468,121.544403,0.065,0.002,1,yellow_stop_001,45977
45978,2354352,20251210_141811,True,False,True,-0.085,-2.0,-0.2502,-2.6107,-1.9084,0.9084,28.39,2.41,-97.13,,,25.062468,121.544403,0.065,0.002,1,yellow_stop_001,45978
