frame_index,tracker_id,vehicle_type,class_id,time_s,speed_kmh,speed_ms,traffic_light_status,yellow_light,distance_to_stop_line,distance_to_front_vehicle,traffic_density,ttc,yellow_light_decision
34449,1,car,2,1148.3,39.6288,11.008,green,0,44.032,50.0,0.5,4.0,
34450,1,car,2,1148.3333333333333,39.6288,11.008,green,0,43.878330708661416,50.0,0.5,3.9860402169932247,
34451,1,car,2,1148.3666666666666,39.6288,11.008,green,0,43.72466141732283,50.0,0.5,3.972080433986449,
34452,1,car,2,1148.4,39.6288,11.008,green,0,43.57099212598425,50.0,0.5,3.958120650979674,
34453,1,car,2,1148.4333333333334,39.6288,11.008,green,0,43.41732283464567,50.0,0.5,3.944160867972899,
34454,1,car,2,1148.4666666666667,39.6288,11.008,green,0,43.263653543307086,50.0,0.5,3.9302010849661237,
34455,1,car,2,1148.5,39.6288,11.008,green,0,43.1099842519685,50.0,0.5,3.916241301959348,
34456,1,car,2,1148.5333333333333,39.6288,11.008,green,0,42.95631496062992,50.0,0.5,3.902281518952573,
34457,1,car,2,1148.5666666666666,39.6288,11.008,green,0,42.80264566929134,50.0,0.5,3.8883217359457976,
34458,1,car,2,1148.6,39.6288,11.008,green,0,42.64897637795275,50.0,0.5,3.874361952939022,
34459,1,car,2,1148.6333333333334,39.6288,11.008,green,0,42.49530708661417,50.0,0.5,3.8604021699322466,
34460,1,car,2,1148.6666666666667,39.6288,11.008,green,0,42.34163779527559,50.0,0.5,3.846442386925472,
34461,1,car,2,1148.7,39.6288,11.008,green,0,42.18796850393701,50.0,0.5,3.8324826039186966,
34462,1,car,2,1148.7333333333333,39.6288,11.008,green,0,42.03429921259842,50.0,0.5,3.818522820911921,
34463,1,car,2,1148.7666666666667,39.6288,11.008,green,0,41.88062992125984,50.0,0.5,3.8045630379051456,
34464,1,car,2,1148.8,39.6288,11.008,green,0,41.72696062992126,50.0,0.5,3.7906032548983704,
34465,1,car,2,1148.8333333333333,39.6288,11.008,green,0,41.57329133858267,50.0,0.5,3.7766434718915947,
34466,1,car,2,1148.8666666666666,39.6288,11.008,green,0,41.41962204724409,50.0,0.5,3.7626836888848194,
34467,1,car,2,1148.9,39.6288,11.008,green,0,41.26595275590551,50.0,0.5,3.7487239058780446,
34468,1,car,2,1148.9333333333334,39.6288,11.008,green,0,41.11228346456693,50.0,0.5,3.7347641228712694,
34469,1,car,2,1148.9666666666667,38.934,10.815,green,0,40.95861417322834,50.0,0.5,3.787204269369241,
34470,1,car,2,1149.0,38.934,10.815,green,0,40.80494488188976,50.0,0.5,3.772995365870528,
34471,1,car,2,1149.0333333333333,38.934,10.815,green,0,40.65127559055118,50.0,0.5,3.7587864623718152,
34472,1,car,2,1149.0666666666666,38.934,10.815,green,0,40.49760629921259,50.0,0.5,3.7445775588731016,
34473,1,car,2,1149.1,38.934,10.815,green,0,40.34393700787401,50.0,0.5,3.7303686553743884,
34474,1,car,2,1149.1333333333334,38.934,10.815,green,0,40.19026771653543,50.0,0.5,3.7161597518756757,
34475,1,car,2,1149.1666666666667,38.934,10.815,green,0,40.03659842519685,50.0,0.5,3.7019508483769625,
34476,1,car,2,1149.2,38.934,10.815,green,0,39.88292913385826,50.0,0.5,3.687741944878249,
34477,1,car,2,1149.2333333333333,38.934,10.815,green,0,39.72925984251968,50.0,0.5,3.673533041379536,
34478,1,car,2,1149.2666666666667,38.934,10.815,green,0,39.5755905511811,50.0,0.5,3.659324137880823,
34479,1,car,2,1149.3,38.934,10.815,green,0,39.42192125984252,50.0,0.5,3.6451152343821103,
34480,1,car,2,1149.3333333333333,38.934,10.815,green,0,39.26825196850393,50.0,0.5,3.6309063308833966,
34481,1,car,2,1149.3666666666666,38.934,10.815,green,0,39.11458267716535,50.0,0.5,3.6166974273846835,
34482,1,car,2,1149.4,38.934,10.815,green,0,38.96091338582677,50.0,0.5,3.6024885238859707,
34483,1,car,2,1149.4333333333334,38.934,10.815,green,0,38.80724409448818,50.0,0.5,3.588279620387257,
34484,1,car,2,1149.4666666666667,38.934,10.815,green,0,38.6535748031496,50.0,0.5,3.574070716888544,
34485,1,car,2,1149.5,38.934,10.815,green,0,38.49990551181102,50.0,0.5,3.559861813389831,
34486,1,car,2,1149.5333333333333,38.934,10.815,green,0,38.346236220472434,50.0,0.5,3.5456529098911176,
34487,1,car,2,1149.5666666666666,38.934,10.815,green,0,38.192566929133854,50.0,0.5,3.5314440063924044,
34488,1,car,2,1149.6,38.934,10.815,green,0,38.03889763779527,50.0,0.5,3.5172351028936917,
34489,1,car,2,1149.6333333333334,38.815200000000004,10.782,green,0,37.88522834645669,50.0,0.5,3.5137477598271833,
34490,1,car,2,1149.6666666666667,38.815200000000004,10.782,green,0,37.731559055118105,50.0,0.5,3.4994953677534877,
34491,1,car,2,1149.7,38.815200000000004,10.782,green,0,37.577889763779524,50.0,0.5,3.4852429756797925,
34492,1,car,2,1149.7333333333333,38.815200000000004,10.782,green,0,37.42422047244094,50.0,0.5,3.4709905836060977,
34493,1,car,2,1149.7666666666667,38.815200000000004,10.782,green,0,37.27055118110236,50.0,0.5,3.4567381915324025,
34494,1,car,2,1149.8,38.815200000000004,10.782,green,0,37.116881889763775,50.0,0.5,3.442485799458707,
34495,1,car,2,1149.8333333333333,38.815200000000004,10.782,green,0,36.963212598425194,50.0,0.5,3.4282334073850116,
34496,1,car,2,1149.8666666666666,38.815200000000004,10.782,green,0,36.809543307086614,50.0,0.5,3.4139810153113164,
34497,1,car,2,1149.9,38.815200000000004,10.782,green,0,36.655874015748026,50.0,0.5,3.3997286232376207,
34498,1,car,2,1149.9333333333334,38.815200000000004,10.782,green,0,36.502204724409445,50.0,0.5,3.3854762311639255,
34499,1,car,2,1149.9666666666667,38.815200000000004,10.782,green,0,36.348535433070865,50.0,0.5,3.3712238390902303,
34500,1,car,2,1150.0,38.815200000000004,10.782,green,0,36.19486614173228,50.0,0.5,3.3569714470165346,
34501,1,car,2,1150.0333333333333,38.815200000000004,10.782,green,0,36.041196850393696,50.0,0.5,3.3427190549428394,
34502,1,car,2,1150.0666666666666,38.815200000000004,10.782,green,0,35.887527559055115,50.0,0.5,3.3284666628691446,
34503,1,car,2,1150.1,38.815200000000004,10.782,green,0,35.73385826771653,50.0,0.5,3.3142142707954485,
34504,1,car,2,1150.1333333333334,38.815200000000004,10.782,green,0,35.58018897637795,50.0,0.5,3.2999618787217537,
34505,1,car,2,1150.1666666666667,38.815200000000004,10.782,green,0,35.426519685039366,50.0,0.5,3.2857094866480585,
34506,1,car,2,1150.2,38.815200000000004,10.782,green,0,35.272850393700786,50.0,0.5,3.2714570945743633,
34507,1,car,2,1150.2333333333333,38.815200000000004,10.782,green,0,35.119181102362205,50.0,0.5,3.257204702500668,
34508,1,car,2,1150.2666666666667,40.086,11.135,green,0,34.96551181102362,50.0,0.5,3.1401447517758077,
34509,1,car,2,1150.3,40.086,11.135,green,0,34.81184251968504,50.0,0.5,3.1263441867700976,
34510,1,car,2,1150.3333333333333,40.086,11.135,green,0,34.658173228346456,50.0,0.5,3.1125436217643876,
34511,1,car,2,1150.3666666666666,40.086,11.135,green,0,34.50450393700787,50.0,0.5,3.098743056758677,
34512,1,car,2,1150.4,40.086,11.135,green,0,34.35083464566929,50.0,0.5,3.084942491752967,
34513,1,car,2,1150.4333333333334,40.086,11.135,green,0,34.19716535433071,50.0,0.5,3.071141926747257,
34514,1,car,2,1150.4666666666667,40.086,11.135,green,0,34.04349606299212,50.0,0.5,3.0573413617415466,
34515,1,car,2,1150.5,40.086,11.135,green,0,33.88982677165354,50.0,0.5,3.0435407967358366,
34516,1,car,2,1150.5333333333333,40.086,11.135,green,0,33.73615748031496,50.0,0.5,3.0297402317301265,
34517,1,car,2,1150.5666666666666,40.086,11.135,green,0,33.58248818897637,50.0,0.5,3.015939666724416,
34518,1,car,2,1150.6,40.086,11.135,green,0,33.42881889763779,50.0,0.5,3.002139101718706,
34519,1,car,2,1150.6333333333334,40.086,11.135,green,0,33.27514960629921,50.0,0.5,2.988338536712996,
34520,1,car,2,1150.6666666666667,40.086,11.135,green,0,33.12148031496063,50.0,0.5,2.974537971707286,
34521,1,car,2,1150.7,40.086,11.135,green,0,32.96781102362205,50.0,0.5,2.960737406701576,
34522,1,car,2,1150.7333333333333,40.086,11.135,green,0,32.81414173228346,50.0,0.5,2.9469368416958654,
34523,1,car,2,1150.7666666666667,40.086,11.135,green,0,32.66047244094488,50.0,0.5,2.9331362766901554,
34524,1,car,2,1150.8,40.086,11.135,green,0,32.5068031496063,50.0,0.5,2.9193357116844454,
34525,1,car,2,1150.8333333333333,40.086,11.135,green,0,32.35313385826771,50.0,0.5,2.905535146678735,
34526,1,car,2,1150.8666666666666,40.086,11.135,green,0,32.19946456692913,50.0,0.5,2.891734581673025,
34527,1,car,2,1150.9,40.086,11.135,green,0,32.04579527559055,50.0,0.5,2.877934016667315,
34528,1,car,2,1150.9333333333334,39.348,10.93,green,0,31.892125984251965,50.0,0.5,2.917852331587554,
34529,1,car,2,1150.9666666666667,39.348,10.93,green,0,31.73845669291338,50.0,0.5,2.9037929270735026,
34530,1,car,2,1151.0,39.348,10.93,green,0,31.5847874015748,50.0,0.5,2.8897335225594514,
34531,1,car,2,1151.0333333333333,39.348,10.93,green,0,31.431118110236216,50.0,0.5,2.8756741180453997,
34532,1,car,2,1151.0666666666666,39.348,10.93,green,0,31.277448818897632,50.0,0.5,2.861614713531348,
34533,1,car,2,1151.1,39.348,10.93,green,0,31.12377952755905,50.0,0.5,2.8475553090172965,
34534,1,car,2,1151.1333333333334,39.348,10.93,green,0,30.97011023622047,50.0,0.5,2.8334959045032453,
34535,1,car,2,1151.1666666666667,39.348,10.93,green,0,30.816440944881887,50.0,0.5,2.8194364999891937,
34536,1,car,2,1151.2,39.348,10.93,green,0,30.662771653543302,50.0,0.5,2.805377095475142,
34537,1,car,2,1151.2333333333333,39.348,10.93,green,0,30.50910236220472,50.0,0.5,2.791317690961091,
34538,1,car,2,1151.2666666666667,39.348,10.93,green,0,30.355433070866138,50.0,0.5,2.777258286447039,
34539,1,car,2,1151.3,39.348,10.93,green,0,30.201763779527553,50.0,0.5,2.7631988819329876,
34540,1,car,2,1151.3333333333333,39.348,10.93,green,0,30.048094488188973,50.0,0.5,2.7491394774189364,
34541,1,car,2,1151.3666666666666,39.348,10.93,green,0,29.894425196850392,50.0,0.5,2.735080072904885,
34542,1,car,2,1151.4,39.348,10.93,green,0,29.740755905511808,50.0,0.5,2.7210206683908336,
34543,1,car,2,1151.4333333333334,39.348,10.93,green,0,29.587086614173224,50.0,0.5,2.706961263876782,
34544,1,car,2,1151.4666666666667,39.348,10.93,green,0,29.433417322834643,50.0,0.5,2.6929018593627303,
34545,1,car,2,1151.5,39.348,10.93,green,0,29.27974803149606,50.0,0.5,2.6788424548486787,
34546,1,car,2,1151.5333333333333,39.348,10.93,green,0,29.126078740157475,50.0,0.5,2.664783050334627,
34547,1,car,2,1151.5666666666666,39.607200000000006,11.002,green,0,28.972409448818894,50.0,0.5,2.633376608691046,
34548,1,car,2,1151.6,39.607200000000006,11.002,green,0,28.818740157480313,50.0,0.5,2.6194092126413664,
34549,1,car,2,1151.6333333333334,39.607200000000006,11.002,green,0,28.66507086614173,50.0,0.5,2.6054418165916857,
34550,1,car,2,1151.6666666666667,39.607200000000006,11.002,green,0,28.511401574803145,50.0,0.5,2.5914744205420055,
34551,1,car,2,1151.7,39.607200000000006,11.002,green,0,28.357732283464564,50.0,0.5,2.5775070244923253,
34552,1,car,2,1151.7333333333333,39.607200000000006,11.002,green,0,28.204062992125984,50.0,0.5,2.563539628442645,
34553,1,car,2,1151.7666666666667,39.607200000000006,11.002,green,0,28.050393700787396,50.0,0.5,2.5495722323929644,
34554,1,car,2,1151.8,39.607200000000006,11.002,green,0,27.896724409448815,50.0,0.5,2.535604836343284,
34555,1,car,2,1151.8333333333333,39.607200000000006,11.002,green,0,27.743055118110235,50.0,0.5,2.521637440293604,
34556,1,car,2,1151.8666666666666,39.607200000000006,11.002,green,0,27.58938582677165,50.0,0.5,2.5076700442439237,
34557,1,car,2,1151.9,39.607200000000006,11.002,green,0,27.435716535433066,50.0,0.5,2.4937026481942435,
34558,1,car,2,1151.9333333333334,39.607200000000006,11.002,green,0,27.282047244094485,50.0,0.5,2.4797352521445633,
34559,1,car,2,1151.9666666666667,39.607200000000006,11.002,green,0,27.1283779527559,50.0,0.5,2.4657678560948826,
34560,1,car,2,1152.0,39.607200000000006,11.002,green,0,26.97470866141732,50.0,0.5,2.451800460045203,
34561,1,car,2,1152.0333333333333,39.607200000000006,11.002,green,0,26.821039370078736,50.0,0.5,2.437833063995522,
34562,1,car,2,1152.0666666666666,39.607200000000006,11.002,green,0,26.667370078740156,50.0,0.5,2.423865667945842,
34563,1,car,2,1152.1,39.607200000000006,11.002,green,0,26.51370078740157,50.0,0.5,2.4098982718961617,
34564,1,car,2,1152.1333333333334,39.607200000000006,11.002,green,0,26.360031496062987,50.0,0.5,2.395930875846481,
34565,1,car,2,1152.1666666666667,39.607200000000006,11.002,green,0,26.206362204724407,50.0,0.5,2.3819634797968012,
34566,1,car,2,1152.2,39.607200000000006,11.002,green,0,26.052692913385822,50.0,0.5,2.3679960837471206,
34567,1,car,2,1152.2333333333333,40.0176,11.116,green,0,25.899023622047242,50.0,0.5,2.3298869757149374,
34568,1,car,2,1152.2666666666667,40.0176,11.116,green,0,25.745354330708658,50.0,0.5,2.3160628221220456,
34569,1,car,2,1152.3,40.0176,11.116,green,0,25.591685039370077,50.0,0.5,2.3022386685291543,
34570,1,car,2,1152.3333333333333,40.0176,11.116,green,0,25.438015748031493,50.0,0.5,2.2884145149362625,
34571,1,car,2,1152.3666666666666,40.0176,11.116,green,0,25.28434645669291,50.0,0.5,2.2745903613433707,
34572,1,car,2,1152.4,40.0176,11.116,green,0,25.130677165354328,50.0,0.5,2.2607662077504793,
34573,1,car,2,1152.4333333333334,40.0176,11.116,green,0,24.977007874015744,50.0,0.5,2.2469420541575875,
34574,1,car,2,1152.4666666666667,40.0176,11.116,green,0,24.823338582677163,50.0,0.5,2.233117900564696,
34575,1,car,2,1152.5,40.0176,11.116,green,0,24.66966929133858,50.0,0.5,2.2192937469718044,
34576,1,car,2,1152.5333333333333,40.0176,11.116,green,0,24.516,50.0,0.5,2.205469593378913,
34577,1,car,2,1152.5666666666666,40.0176,11.116,green,0,24.362330708661414,50.0,0.5,2.1916454397860217,
34578,1,car,2,1152.6,40.0176,11.116,green,0,24.20866141732283,50.0,0.5,2.17782128619313,
34579,1,car,2,1152.6333333333334,40.0176,11.116,green,0,24.05499212598425,50.0,0.5,2.1639971326002385,
34580,1,car,2,1152.6666666666667,40.0176,11.116,green,0,23.901322834645665,50.0,0.5,2.1501729790073467,
34581,1,car,2,1152.7,40.0176,11.116,green,0,23.747653543307084,50.0,0.5,2.1363488254144554,
34582,1,car,2,1152.7333333333333,40.0176,11.116,green,0,23.5939842519685,50.0,0.5,2.1225246718215636,
34583,1,car,2,1152.7666666666667,40.0176,11.116,green,0,23.44031496062992,50.0,0.5,2.108700518228672,
34584,1,car,2,1152.8,40.0176,11.116,green,0,23.286645669291335,50.0,0.5,2.0948763646357804,
34585,1,car,2,1152.8333333333333,40.0176,11.116,green,0,23.13297637795275,50.0,0.5,2.0810522110428886,
34586,1,car,2,1152.8666666666666,40.0176,11.116,green,0,22.97930708661417,50.0,0.5,2.0672280574499973,
34587,1,car,2,1152.9,41.140800000000006,11.428,green,0,22.825637795275586,50.0,0.5,1.9973431742453258,
34588,1,car,2,1152.9333333333334,41.140800000000006,11.428,green,0,22.671968503937006,50.0,0.5,1.9838964389164337,
34589,1,car,2,1152.9666666666667,41.140800000000006,11.428,green,0,22.51829921259842,50.0,0.5,1.970449703587541,
34590,1,car,2,1153.0,41.140800000000006,11.428,green,0,22.36462992125984,50.0,0.5,1.957002968258649,
34591,1,car,2,1153.0333333333333,41.140800000000006,11.428,green,0,22.210960629921257,50.0,0.5,1.9435562329297562,
34592,1,car,2,1153.0666666666666,41.140800000000006,11.428,green,0,22.057291338582672,50.0,0.5,1.9301094976008637,
34593,1,car,2,1153.1,41.140800000000006,11.428,green,0,21.90362204724409,50.0,0.5,1.9166627622719714,
34594,1,car,2,1153.1333333333334,41.140800000000006,11.428,green,0,21.749952755905507,50.0,0.5,1.903216026943079,
34595,1,car,2,1153.1666666666667,41.140800000000006,11.428,green,0,21.596283464566927,50.0,0.5,1.8897692916141866,
34596,1,car,2,1153.2,41.140800000000006,11.428,green,0,21.442614173228343,50.0,0.5,1.876322556285294,
34597,1,car,2,1153.2333333333333,41.140800000000006,11.428,green,0,21.288944881889762,50.0,0.5,1.8628758209564018,
34598,1,car,2,1153.2666666666667,41.140800000000006,11.428,green,0,21.135275590551178,50.0,0.5,1.8494290856275093,
34599,1,car,2,1153.3,41.140800000000006,11.428,green,0,20.981606299212594,50.0,0.5,1.8359823502986168,
34600,1,car,2,1153.3333333333333,41.140800000000006,11.428,green,0,20.827937007874013,50.0,0.5,1.8225356149697245,
34601,1,car,2,1153.3666666666666,41.140800000000006,11.428,green,0,20.67426771653543,50.0,0.5,1.809088879640832,
34602,1,car,2,1153.4,41.140800000000006,11.428,green,0,20.520598425196848,50.0,0.5,1.7956421443119397,
34603,1,car,2,1153.4333333333334,41.140800000000006,11.428,green,0,20.366929133858264,50.0,0.5,1.7821954089830472,
34604,1,car,2,1153.4666666666667,41.140800000000006,11.428,green,0,20.213259842519683,50.0,0.5,1.768748673654155,
34605,1,car,2,1153.5,41.140800000000006,11.428,green,0,20.0595905511811,50.0,0.5,1.7553019383252624,
34606,1,car,2,1153.5333333333333,42.8544,11.904,green,0,19.905921259842515,50.0,0.5,1.6722044069088133,
34607,1,car,2,1153.5666666666666,42.8544,11.904,green,0,19.752251968503934,50.0,0.5,1.659295360257387,
34608,1,car,2,1153.6,42.8544,11.904,green,0,19.59858267716535,50.0,0.5,1.6463863136059602,
34609,1,car,2,1153.6333333333334,42.8544,11.904,green,0,19.44491338582677,50.0,0.5,1.6334772669545337,
34610,1,car,2,1153.6666666666667,42.8544,11.904,green,0,19.291244094488185,50.0,0.5,1.6205682203031069,
34611,1,car,2,1153.7,42.8544,11.904,green,0,19.137574803149604,50.0,0.5,1.6076591736516805,
34612,1,car,2,1153.7333333333333,42.8544,11.904,green,0,18.98390551181102,50.0,0.5,1.5947501270002538,
34613,1,car,2,1153.7666666666667,42.8544,11.904,green,0,18.830236220472436,50.0,0.5,1.581841080348827,
34614,1,car,2,1153.8,42.8544,11.904,green,0,18.676566929133855,50.0,0.5,1.5689320336974004,
34615,1,car,2,1153.8333333333333,42.8544,11.904,green,0,18.52289763779527,50.0,0.5,1.5560229870459736,
34616,1,car,2,1153.8666666666666,42.8544,11.904,green,0,18.36922834645669,50.0,0.5,1.5431139403945473,
34617,1,car,2,1153.9,42.8544,11.904,green,0,18.215559055118106,50.0,0.5,1.5302048937431205,
34618,1,car,2,1153.9333333333334,42.8544,11.904,green,0,18.061889763779526,50.0,0.5,1.517295847091694,
34619,1,car,2,1153.9666666666667,42.8544,11.904,green,0,17.90822047244094,50.0,0.5,1.5043868004402672,
34620,1,car,2,1154.0,42.8544,11.904,green,0,17.754551181102357,50.0,0.5,1.4914777537888404,
34621,1,car,2,1154.0333333333333,42.8544,11.904,green,0,17.600881889763777,50.0,0.5,1.478568707137414,
34622,1,car,2,1154.0666666666666,42.8544,11.904,green,0,17.447212598425192,50.0,0.5,1.4656596604859873,
34623,1,car,2,1154.1,42.8544,11.904,green,0,17.293543307086612,50.0,0.5,1.4527506138345607,
34624,1,car,2,1154.1333333333334,42.8544,11.904,green,0,17.139874015748028,50.0,0.5,1.439841567183134,
34625,1,car,2,1154.1666666666667,45.4284,12.619,green,0,16.986204724409447,50.0,0.5,1.346081680355769,
34626,1,car,2,1154.2,45.4284,12.619,green,0,16.832535433070863,50.0,0.5,1.3339040679190795,
34627,1,car,2,1154.2333333333333,45.4284,12.619,green,0,16.67886614173228,50.0,0.5,1.32172645548239,
34628,1,car,2,1154.2666666666667,45.4284,12.619,green,0,16.525196850393698,50.0,0.5,1.3095488430457007,
34629,1,car,2,1154.3,45.4284,12.619,green,0,16.371527559055114,50.0,0.5,1.2973712306090113,
34630,1,car,2,1154.3333333333333,45.4284,12.619,green,0,16.217858267716533,50.0,0.5,1.2851936181723222,
34631,1,car,2,1154.3666666666666,45.4284,12.619,green,0,16.06418897637795,50.0,0.5,1.2730160057356328,
34632,1,car,2,1154.4,45.4284,12.619,green,0,15.910519685039368,50.0,0.5,1.2608383932989435,
34633,1,car,2,1154.4333333333334,45.4284,12.619,green,0,15.756850393700784,50.0,0.5,1.248660780862254,
34634,1,car,2,1154.4666666666667,45.4284,12.619,green,0,15.6031811023622,50.0,0.5,1.2364831684255646,
34635,1,car,2,1154.5,45.4284,12.619,green,0,15.44951181102362,50.0,0.5,1.2243055559888754,
34636,1,car,2,1154.5333333333333,45.4284,12.619,green,0,15.295842519685035,50.0,0.5,1.2121279435521861,
34637,1,car,2,1154.5666666666666,45.4284,12.619,green,0,15.142173228346454,50.0,0.5,1.1999503311154969,
34638,1,car,2,1154.6,45.4284,12.619,green,0,14.98850393700787,50.0,0.5,1.1877727186788074,
34639,1,car,2,1154.6333333333334,45.4284,12.619,green,0,14.83483464566929,50.0,0.5,1.1755951062421182,
34640,1,car,2,1154.6666666666667,45.4284,12.619,green,0,14.681165354330705,50.0,0.5,1.1634174938054287,
34641,1,car,2,1154.7,45.4284,12.619,green,0,14.527496062992121,50.0,0.5,1.1512398813687392,
34642,1,car,2,1154.7333333333333,45.4284,12.619,green,0,14.37382677165354,50.0,0.5,1.1390622689320502,
34643,1,car,2,1154.7666666666667,45.4284,12.619,green,0,14.220157480314956,50.0,0.5,1.1268846564953607,
34644,1,car,2,1154.8,45.4284,12.619,green,0,14.066488188976376,50.0,0.5,1.1147070440586715,
34645,1,car,2,1154.8333333333333,47.617200000000004,13.227,green,0,13.912818897637791,50.0,0.5,1.05184992043833,
34646,1,car,2,1154.8666666666666,47.617200000000004,13.227,green,0,13.75914960629921,50.0,0.5,1.0402320712405844,
34647,1,car,2,1154.9,47.617200000000004,13.227,green,0,13.605480314960626,50.0,0.5,1.0286142220428387,
34648,1,car,2,1154.9333333333334,47.617200000000004,13.227,green,0,13.451811023622046,50.0,0.5,1.016996372845093,
34649,1,car,2,1154.9666666666667,47.617200000000004,13.227,green,0,13.298141732283462,50.0,0.5,1.0053785236473471,
34650,1,car,2,1155.0,47.617200000000004,13.227,green,0,13.144472440944877,50.0,0.5,0.9937606744496014,
34651,1,car,2,1155.0333333333333,47.617200000000004,13.227,green,0,12.990803149606297,50.0,0.5,0.9821428252518558,
34652,1,car,2,1155.0666666666666,47.617200000000004,13.227,green,0,12.837133858267713,50.0,0.5,0.9705249760541099,
34653,1,car,2,1155.1,47.617200000000004,13.227,green,0,12.683464566929132,50.0,0.5,0.9589071268563644,
34654,1,car,2,1155.1333333333334,47.617200000000004,13.227,green,0,12.529795275590548,50.0,0.5,0.9472892776586186,
34655,1,car,2,1155.1666666666667,47.617200000000004,13.227,green,0,12.376125984251967,50.0,0.5,0.9356714284608729,
34656,1,car,2,1155.2,47.617200000000004,13.227,green,0,12.222456692913383,50.0,0.5,0.9240535792631271,
34657,1,car,2,1155.2333333333333,47.617200000000004,13.227,green,0,12.068787401574799,50.0,0.5,0.9124357300653813,
34658,1,car,2,1155.2666666666667,47.617200000000004,13.227,green,0,11.915118110236214,50.0,0.5,0.9008178808676355,
34659,1,car,2,1155.3,47.617200000000004,13.227,green,0,11.761448818897634,50.0,0.5,0.8892000316698899,
34660,1,car,2,1155.3333333333333,47.617200000000004,13.227,green,0,11.607779527559053,50.0,0.5,0.8775821824721444,
34661,1,car,2,1155.3666666666666,47.617200000000004,13.227,green,0,11.454110236220473,50.0,0.5,0.8659643332743987,
34662,1,car,2,1155.4,47.617200000000004,13.227,green,0,11.300440944881885,50.0,0.5,0.8543464840766526,
34663,1,car,2,1155.4333333333334,47.617200000000004,13.227,green,0,11.146771653543304,50.0,0.5,0.842728634878907,
34664,1,car,2,1155.4666666666667,47.617200000000004,13.227,green,0,10.993102362204723,50.0,0.5,0.8311107856811615,
34665,1,car,2,1155.5,48.06,13.35,green,0,10.839433070866136,50.0,0.5,0.8119425521248042,
34666,1,car,2,1155.5333333333333,48.06,13.35,green,0,10.685763779527555,50.0,0.5,0.8004317437848356,
34667,1,car,2,1155.5666666666666,48.06,13.35,green,0,10.532094488188974,50.0,0.5,0.788920935444867,
34668,1,car,2,1155.6,48.06,13.35,green,0,10.378425196850394,50.0,0.5,0.7774101271048984,
34669,1,car,2,1155.6333333333334,48.06,13.35,green,0,10.224755905511806,50.0,0.5,0.7658993187649293,
34670,1,car,2,1155.6666666666667,48.06,13.35,green,0,10.071086614173225,50.0,0.5,0.7543885104249607,
34671,1,car,2,1155.7,48.06,13.35,green,0,9.917417322834645,50.0,0.5,0.7428777020849922,
34672,1,car,2,1155.7333333333333,48.06,13.35,green,0,9.763748031496057,50.0,0.5,0.7313668937450231,
34673,1,car,2,1155.7666666666667,48.06,13.35,green,0,9.610078740157476,50.0,0.5,0.7198560854050544,
34674,1,car,2,1155.8,48.06,13.35,green,0,9.456409448818896,50.0,0.5,0.7083452770650859,
34675,1,car,2,1155.8333333333333,48.06,13.35,green,0,9.302740157480315,50.0,0.5,0.6968344687251172,
34676,1,car,2,1155.8666666666666,48.06,13.35,green,0,9.149070866141727,50.0,0.5,0.6853236603851481,
34677,1,car,2,1155.9,48.06,13.35,green,0,8.995401574803147,50.0,0.5,0.6738128520451795,
34678,1,car,2,1155.9333333333334,48.06,13.35,green,0,8.841732283464566,50.0,0.5,0.662302043705211,
34679,1,car,2,1155.9666666666667,48.06,13.35,green,0,8.688062992125978,50.0,0.5,0.6507912353652419,
34680,1,car,2,1156.0,48.06,13.35,green,0,8.534393700787398,50.0,0.5,0.6392804270252732,
34681,1,car,2,1156.0333333333333,48.06,13.35,green,0,8.380724409448817,50.0,0.5,0.6277696186853047,
34682,1,car,2,1156.0666666666666,48.06,13.35,green,0,8.227055118110236,50.0,0.5,0.616258810345336,
34683,1,car,2,1156.1,48.06,13.35,green,0,8.073385826771649,50.0,0.5,0.6047480020053669,
34684,1,car,2,1156.1333333333334,48.06,13.35,green,0,7.919716535433068,50.0,0.5,0.5932371936653984,
34685,1,car,2,1156.1666666666667,47.6064,13.224,green,0,7.766047244094487,50.0,0.5,0.5872691503398735,
34686,1,car,2,1156.2,47.6064,13.224,green,0,7.6123779527558995,50.0,0.5,0.5756486655139065,
34687,1,car,2,1156.2333333333333,47.6064,13.224,green,0,7.458708661417319,50.0,0.5,0.56402818068794,
34688,1,car,2,1156.2666666666667,47.6064,13.224,green,0,7.305039370078738,50.0,0.5,0.5524076958619736,
34689,1,car,2,1156.3,47.6064,13.224,green,0,7.1513700787401575,50.0,0.5,0.540787211036007,
34690,1,car,2,1156.3333333333333,47.6064,13.224,green,0,6.99770078740157,50.0,0.5,0.52916672621004,
34691,1,car,2,1156.3666666666666,47.6064,13.224,green,0,6.844031496062989,50.0,0.5,0.5175462413840736,
34692,1,car,2,1156.4,47.6064,13.224,green,0,6.6903622047244085,50.0,0.5,0.5059257565581071,
34693,1,car,2,1156.4333333333334,47.6064,13.224,green,0,6.536692913385821,50.0,0.5,0.4943052717321401,
34694,1,car,2,1156.4666666666667,47.6064,13.224,green,0,6.38302362204724,50.0,0.5,0.4826847869061736,
34695,1,car,2,1156.5,47.6064,13.224,green,0,6.229354330708659,50.0,0.5,0.47106430208020716,
34696,1,car,2,1156.5333333333333,47.6064,13.224,green,0,6.075685039370079,50.0,0.5,0.45944381725424066,
34697,1,car,2,1156.5666666666666,47.6064,13.224,green,0,5.922015748031491,50.0,0.5,0.44782333242827366,
34698,1,car,2,1156.6,47.6064,13.224,green,0,5.76834645669291,50.0,0.5,0.4362028476023072,
34699,1,car,2,1156.6333333333334,47.6064,13.224,green,0,5.61467716535433,50.0,0.5,0.4245823627763407,
34700,1,car,2,1156.6666666666667,47.6064,13.224,green,0,5.461007874015742,50.0,0.5,0.4129618779503737,
34701,1,car,2,1156.7,47.6064,13.224,green,0,5.307338582677161,50.0,0.5,0.40134139312440725,
34702,1,car,2,1156.7333333333333,47.6064,13.224,green,0,5.153669291338581,50.0,0.5,0.38972090829844075,
34703,1,car,2,1156.7666666666667,47.6064,13.224,green,0,5.0,50.0,0.5,0.3781004234724743,0.0
45016,2,car,2,1500.5333333333333,41.724000000000004,11.59,green,0,46.36,50.0,0.5,4.0,
45017,2,car,2,1500.5666666666666,41.724000000000004,11.59,green,0,46.31700623700624,50.0,0.5,3.996290443227458,
45018,2,car,2,1500.6,41.724000000000004,11.59,green,0,46.27401247401247,50.0,0.5,3.992580886454916,
45019,2,car,2,1500.6333333333334,41.724000000000004,11.59,green,0,46.23101871101871,50.0,0.5,3.988871329682374,
45020,2,car,2,1500.6666666666667,41.724000000000004,11.59,green,0,46.188024948024946,50.0,0.5,3.9851617729098314,
45021,2,car,2,1500.7,41.724000000000004,11.59,green,0,46.145031185031186,50.0,0.5,3.98145221613729,
45022,2,car,2,1500.7333333333333,41.724000000000004,11.59,green,0,46.10203742203742,50.0,0.5,3.9777426593647474,
45023,2,car,2,1500.7666666666667,41.724000000000004,11.59,green,0,46.05904365904366,50.0,0.5,3.9740331025922053,
45024,2,car,2,1500.8,41.724000000000004,11.59,green,0,46.01604989604989,50.0,0.5,3.970323545819663,
45025,2,car,2,1500.8333333333333,41.724000000000004,11.59,green,0,45.97305613305613,50.0,0.5,3.9666139890471213,
45026,2,car,2,1500.8666666666666,41.724000000000004,11.59,green,0,45.930062370062366,50.0,0.5,3.962904432274579,
45027,2,car,2,1500.9,41.724000000000004,11.59,green,0,45.887068607068606,50.0,0.5,3.9591948755020367,
45028,2,car,2,1500.9333333333334,41.724000000000004,11.59,green,0,45.84407484407485,50.0,0.5,3.955485318729495,
45029,2,car,2,1500.9666666666667,41.724000000000004,11.59,green,0,45.80108108108108,50.0,0.5,3.9517757619569527,
45030,2,car,2,1501.0,41.724000000000004,11.59,green,0,45.75808731808732,50.0,0.5,3.9480662051844106,
45031,2,car,2,1501.0333333333333,41.724000000000004,11.59,green,0,45.71509355509355,50.0,0.5,3.944356648411868,
45032,2,car,2,1501.0666666666666,41.724000000000004,11.59,green,0,45.67209979209979,50.0,0.5,3.9406470916393266,
45033,2,car,2,1501.1,41.724000000000004,11.59,green,0,45.629106029106026,50.0,0.5,3.936937534866784,
45034,2,car,2,1501.1333333333334,41.724000000000004,11.59,green,0,45.586112266112266,50.0,0.5,3.933227978094242,
45035,2,car,2,1501.1666666666667,37.53,10.425,green,0,45.5431185031185,50.0,0.5,4.368644460730791,
45036,2,car,2,1501.2,37.53,10.425,green,0,45.50012474012474,50.0,0.5,4.364520358764962,
45037,2,car,2,1501.2333333333333,37.53,10.425,green,0,45.45713097713098,50.0,0.5,4.360396256799135,
45038,2,car,2,1501.2666666666667,37.53,10.425,green,0,45.41413721413721,50.0,0.5,4.356272154833306,
45039,2,car,2,1501.3,37.53,10.425,green,0,45.37114345114345,50.0,0.5,4.352148052867477,
45040,2,car,2,1501.3333333333333,37.53,10.425,green,0,45.328149688149686,50.0,0.5,4.3480239509016485,
45041,2,car,2,1501.3666666666666,37.53,10.425,green,0,45.28515592515593,50.0,0.5,4.34389984893582,
45042,2,car,2,1501.4,37.53,10.425,green,0,45.24216216216216,50.0,0.5,4.339775746969991,
45043,2,car,2,1501.4333333333334,37.53,10.425,green,0,45.1991683991684,50.0,0.5,4.3356516450041624,
45044,2,car,2,1501.4666666666667,37.53,10.425,green,0,45.15617463617463,50.0,0.5,4.331527543038334,
45045,2,car,2,1501.5,37.53,10.425,green,0,45.11318087318087,50.0,0.5,4.327403441072506,
45046,2,car,2,1501.5333333333333,37.53,10.425,green,0,45.070187110187106,50.0,0.5,4.323279339106676,
45047,2,car,2,1501.5666666666666,37.53,10.425,green,0,45.02719334719335,50.0,0.5,4.319155237140849,
45048,2,car,2,1501.6,37.53,10.425,green,0,44.98419958419959,50.0,0.5,4.31503113517502,
45049,2,car,2,1501.6333333333334,37.53,10.425,green,0,44.94120582120582,50.0,0.5,4.310907033209191,
45050,2,car,2,1501.6666666666667,37.53,10.425,green,0,44.89821205821206,50.0,0.5,4.3067829312433625,
45051,2,car,2,1501.7,37.53,10.425,green,0,44.85521829521829,50.0,0.5,4.302658829277534,
45052,2,car,2,1501.7333333333333,37.53,10.425,green,0,44.81222453222453,50.0,0.5,4.298534727311705,
45053,2,car,2,1501.7666666666667,37.53,10.425,green,0,44.76923076923077,50.0,0.5,4.2944106253458765,
45054,2,car,2,1501.8,37.53,10.425,green,0,44.72623700623701,50.0,0.5,4.290286523380049,
45055,2,car,2,1501.8333333333333,32.140800000000006,8.928,green,0,44.68324324324324,50.0,0.5,5.004843553230649,
45056,2,car,2,1501.8666666666666,32.140800000000006,8.928,green,0,44.64024948024948,50.0,0.5,5.00002794357633,
45057,2,car,2,1501.9,32.140800000000006,8.928,green,0,44.59725571725572,50.0,0.5,4.995212333922011,
45058,2,car,2,1501.9333333333334,32.140800000000006,8.928,green,0,44.55426195426195,50.0,0.5,4.990396724267692,
45059,2,car,2,1501.9666666666667,32.140800000000006,8.928,green,0,44.511268191268194,50.0,0.5,4.985581114613373,
45060,2,car,2,1502.0,32.140800000000006,8.928,green,0,44.46827442827443,50.0,0.5,4.980765504959053,
45061,2,car,2,1502.0333333333333,32.140800000000006,8.928,green,0,44.42528066528067,50.0,0.5,4.975949895304733,
45062,2,car,2,1502.0666666666666,32.140800000000006,8.928,green,0,44.3822869022869,50.0,0.5,4.971134285650414,
45063,2,car,2,1502.1,32.140800000000006,8.928,green,0,44.33929313929314,50.0,0.5,4.966318675996095,
45064,2,car,2,1502.1333333333334,32.140800000000006,8.928,green,0,44.29629937629937,50.0,0.5,4.961503066341775,
45065,2,car,2,1502.1666666666667,32.140800000000006,8.928,green,0,44.25330561330561,50.0,0.5,4.956687456687456,
45066,2,car,2,1502.2,32.140800000000006,8.928,green,0,44.21031185031185,50.0,0.5,4.951871847033137,
45067,2,car,2,1502.2333333333333,32.140800000000006,8.928,green,0,44.16731808731809,50.0,0.5,4.947056237378818,
45068,2,car,2,1502.2666666666667,32.140800000000006,8.928,green,0,44.12432432432433,50.0,0.5,4.942240627724498,
45069,2,car,2,1502.3,32.140800000000006,8.928,green,0,44.08133056133056,50.0,0.5,4.937425018070178,
45070,2,car,2,1502.3333333333333,32.140800000000006,8.928,green,0,44.0383367983368,50.0,0.5,4.93260940841586,
45071,2,car,2,1502.3666666666666,32.140800000000006,8.928,green,0,43.99534303534303,50.0,0.5,4.92779379876154,
45072,2,car,2,1502.4,32.140800000000006,8.928,green,0,43.952349272349274,50.0,0.5,4.922978189107221,
45073,2,car,2,1502.4333333333334,32.140800000000006,8.928,green,0,43.90935550935551,50.0,0.5,4.918162579452901,
45074,2,car,2,1502.4666666666667,32.140800000000006,8.928,green,0,43.86636174636175,50.0,0.5,4.9133469697985825,
45075,2,car,2,1502.5,23.1984,6.444,green,0,43.82336798336798,50.0,0.5,6.8006468006468,
45076,2,car,2,1502.5333333333333,23.1984,6.444,green,0,43.78037422037422,50.0,0.5,6.793974894533553,
45077,2,car,2,1502.5666666666666,23.1984,6.444,green,0,43.73738045738045,50.0,0.5,6.787302988420306,
45078,2,car,2,1502.6,23.1984,6.444,green,0,43.694386694386694,50.0,0.5,6.7806310823070595,
45079,2,car,2,1502.6333333333334,23.1984,6.444,green,0,43.651392931392934,50.0,0.5,6.773959176193814,
45080,2,car,2,1502.6666666666667,23.1984,6.444,green,0,43.60839916839917,50.0,0.5,6.767287270080566,
45081,2,car,2,1502.7,23.1984,6.444,green,0,43.56540540540541,50.0,0.5,6.76061536396732,
45082,2,car,2,1502.7333333333333,23.1984,6.444,green,0,43.52241164241164,50.0,0.5,6.7539434578540725,
45083,2,car,2,1502.7666666666667,23.1984,6.444,green,0,43.47941787941788,50.0,0.5,6.747271551740826,
45084,2,car,2,1502.8,23.1984,6.444,green,0,43.436424116424114,50.0,0.5,6.7405996456275785,
45085,2,car,2,1502.8333333333333,23.1984,6.444,green,0,43.393430353430354,50.0,0.5,6.733927739514332,
45086,2,car,2,1502.8666666666666,23.1984,6.444,green,0,43.35043659043659,50.0,0.5,6.727255833401085,
45087,2,car,2,1502.9,23.1984,6.444,green,0,43.30744282744283,50.0,0.5,6.720583927287838,
45088,2,car,2,1502.9333333333334,23.1984,6.444,green,0,43.26444906444907,50.0,0.5,6.7139120211745915,
45089,2,car,2,1502.9666666666667,23.1984,6.444,green,0,43.2214553014553,50.0,0.5,6.707240115061344,
45090,2,car,2,1503.0,23.1984,6.444,green,0,43.17846153846154,50.0,0.5,6.700568208948098,
45091,2,car,2,1503.0333333333333,23.1984,6.444,green,0,43.135467775467774,50.0,0.5,6.69389630283485,
45092,2,car,2,1503.0666666666666,23.1984,6.444,green,0,43.092474012474014,50.0,0.5,6.687224396721604,
45093,2,car,2,1503.1,23.1984,6.444,green,0,43.04948024948025,50.0,0.5,6.680552490608356,
45094,2,car,2,1503.1333333333334,13.3956,3.721,green,0,43.00648648648649,50.0,0.5,11.557776534933213,
45095,2,car,2,1503.1666666666667,13.3956,3.721,green,0,42.96349272349272,50.0,0.5,11.546222177772835,
45096,2,car,2,1503.2,13.3956,3.721,green,0,42.92049896049896,50.0,0.5,11.534667820612459,
45097,2,car,2,1503.2333333333333,13.3956,3.721,green,0,42.877505197505194,50.0,0.5,11.52311346345208,
45098,2,car,2,1503.2666666666667,13.3956,3.721,green,0,42.834511434511434,50.0,0.5,11.511559106291704,
45099,2,car,2,1503.3,13.3956,3.721,green,0,42.791517671517674,50.0,0.5,11.500004749131328,
45100,2,car,2,1503.3333333333333,13.3956,3.721,green,0,42.74852390852391,50.0,0.5,11.48845039197095,
45101,2,car,2,1503.3666666666666,13.3956,3.721,green,0,42.70553014553015,50.0,0.5,11.476896034810574,
45102,2,car,2,1503.4,13.3956,3.721,green,0,42.66253638253638,50.0,0.5,11.465341677650196,
45103,2,car,2,1503.4333333333334,13.3956,3.721,green,0,42.61954261954262,50.0,0.5,11.45378732048982,
45104,2,car,2,1503.4666666666667,13.3956,3.721,green,0,42.576548856548854,50.0,0.5,11.442232963329442,
45105,2,car,2,1503.5,13.3956,3.721,green,0,42.533555093555094,50.0,0.5,11.430678606169066,
45106,2,car,2,1503.5333333333333,13.3956,3.721,green,0,42.49056133056133,50.0,0.5,11.419124249008687,
45107,2,car,2,1503.5666666666666,13.3956,3.721,green,0,42.44756756756757,50.0,0.5,11.407569891848311,
45108,2,car,2,1503.6,13.3956,3.721,green,0,42.4045738045738,50.0,0.5,11.396015534687933,
45109,2,car,2,1503.6333333333334,13.3956,3.721,green,0,42.36158004158004,50.0,0.5,11.384461177527557,
45110,2,car,2,1503.6666666666667,13.3956,3.721,green,0,42.31858627858628,50.0,0.5,11.37290682036718,
45111,2,car,2,1503.7,13.3956,3.721,green,0,42.275592515592514,50.0,0.5,11.361352463206803,
45112,2,car,2,1503.7333333333333,13.3956,3.721,green,0,42.232598752598754,50.0,0.5,11.349798106046427,
45113,2,car,2,1503.7666666666667,13.3956,3.721,green,0,42.18960498960499,50.0,0.5,11.338243748886049,
45114,2,car,2,1503.8,5.9796000000000005,1.661,green,0,42.14661122661123,50.0,0.5,20.0,
45115,2,car,2,1503.8333333333333,5.9796000000000005,1.661,green,0,42.10361746361746,50.0,0.5,20.0,
45116,2,car,2,1503.8666666666666,5.9796000000000005,1.661,green,0,42.0606237006237,50.0,0.5,20.0,
45117,2,car,2,1503.9,5.9796000000000005,1.661,green,0,42.017629937629934,50.0,0.5,20.0,
45118,2,car,2,1503.9333333333334,5.9796000000000005,1.661,green,0,41.974636174636174,50.0,0.5,20.0,
45119,2,car,2,1503.9666666666667,5.9796000000000005,1.661,green,0,41.931642411642414,50.0,0.5,20.0,
45120,2,car,2,1504.0,5.9796000000000005,1.661,green,0,41.88864864864865,50.0,0.5,20.0,
45121,2,car,2,1504.0333333333333,5.9796000000000005,1.661,green,0,41.84565488565489,50.0,0.5,20.0,
45122,2,car,2,1504.0666666666666,5.9796000000000005,1.661,green,0,41.80266112266112,50.0,0.5,20.0,
45123,2,car,2,1504.1,5.9796000000000005,1.661,green,0,41.75966735966736,50.0,0.5,20.0,
45124,2,car,2,1504.1333333333334,5.9796000000000005,1.661,green,0,41.716673596673594,50.0,0.5,20.0,
45125,2,car,2,1504.1666666666667,5.9796000000000005,1.661,green,0,41.673679833679834,50.0,0.5,20.0,
45126,2,car,2,1504.2,5.9796000000000005,1.661,green,0,41.63068607068607,50.0,0.5,20.0,
45127,2,car,2,1504.2333333333333,5.9796000000000005,1.661,green,0,41.58769230769231,50.0,0.5,20.0,
45128,2,car,2,1504.2666666666667,5.9796000000000005,1.661,green,0,41.54469854469855,50.0,0.5,20.0,
45129,2,car,2,1504.3,5.9796000000000005,1.661,green,0,41.50170478170478,50.0,0.5,20.0,
45130,2,car,2,1504.3333333333333,5.9796000000000005,1.661,green,0,41.45871101871102,50.0,0.5,20.0,
45131,2,car,2,1504.3666666666666,5.9796000000000005,1.661,green,0,41.415717255717254,50.0,0.5,20.0,
45132,2,car,2,1504.4,5.9796000000000005,1.661,green,0,41.372723492723495,50.0,0.5,20.0,
45133,2,car,2,1504.4333333333334,2.9088000000000003,0.808,green,0,41.32972972972973,50.0,0.5,20.0,
45134,2,car,2,1504.4666666666667,2.9088000000000003,0.808,green,0,41.28673596673597,50.0,0.5,20.0,
45135,2,car,2,1504.5,2.9088000000000003,0.808,green,0,41.2437422037422,50.0,0.5,20.0,
45136,2,car,2,1504.5333333333333,2.9088000000000003,0.808,green,0,41.20074844074844,50.0,0.5,20.0,
45137,2,car,2,1504.5666666666666,2.9088000000000003,0.808,green,0,41.157754677754674,50.0,0.5,20.0,
45138,2,car,2,1504.6,2.9088000000000003,0.808,green,0,41.114760914760915,50.0,0.5,20.0,
45139,2,car,2,1504.6333333333334,2.9088000000000003,0.808,green,0,41.07176715176715,50.0,0.5,20.0,
45140,2,car,2,1504.6666666666667,2.9088000000000003,0.808,green,0,41.02877338877339,50.0,0.5,20.0,
45141,2,car,2,1504.7,2.9088000000000003,0.808,green,0,40.98577962577963,50.0,0.5,20.0,
45142,2,car,2,1504.7333333333333,2.9088000000000003,0.808,green,0,40.94278586278586,50.0,0.5,20.0,
45143,2,car,2,1504.7666666666667,2.9088000000000003,0.808,green,0,40.8997920997921,50.0,0.5,20.0,
45144,2,car,2,1504.8,2.9088000000000003,0.808,green,0,40.856798336798335,50.0,0.5,20.0,
45145,2,car,2,1504.8333333333333,2.9088000000000003,0.808,green,0,40.813804573804575,50.0,0.5,20.0,
45146,2,car,2,1504.8666666666666,2.9088000000000003,0.808,green,0,40.77081081081081,50.0,0.5,20.0,
45147,2,car,2,1504.9,2.9088000000000003,0.808,green,0,40.72781704781705,50.0,0.5,20.0,
45148,2,car,2,1504.9333333333334,2.9088000000000003,0.808,green,0,40.68482328482328,50.0,0.5,20.0,
45149,2,car,2,1504.9666666666667,2.9088000000000003,0.808,green,0,40.64182952182952,50.0,0.5,20.0,
45150,2,car,2,1505.0,2.9088000000000003,0.808,green,0,40.59883575883576,50.0,0.5,20.0,
45151,2,car,2,1505.0333333333333,2.9088000000000003,0.808,green,0,40.555841995841995,50.0,0.5,20.0,
45152,2,car,2,1505.0666666666666,2.79,0.775,green,0,40.512848232848235,50.0,0.5,20.0,
45153,2,car,2,1505.1,2.79,0.775,green,0,40.46985446985447,50.0,0.5,20.0,
45154,2,car,2,1505.1333333333334,2.79,0.775,green,0,40.42686070686071,50.0,0.5,20.0,
45155,2,car,2,1505.1666666666667,2.79,0.775,green,0,40.38386694386694,50.0,0.5,20.0,
45156,2,car,2,1505.2,2.79,0.775,green,0,40.34087318087318,50.0,0.5,20.0,
45157,2,car,2,1505.2333333333333,2.79,0.775,green,0,40.297879417879415,50.0,0.5,20.0,
45158,2,car,2,1505.2666666666667,2.79,0.775,green,0,40.254885654885655,50.0,0.5,20.0,
45159,2,car,2,1505.3,2.79,0.775,green,0,40.211891891891895,50.0,0.5,20.0,
45160,2,car,2,1505.3333333333333,2.79,0.775,green,0,40.16889812889813,50.0,0.5,20.0,
45161,2,car,2,1505.3666666666666,2.79,0.775,green,0,40.12590436590437,50.0,0.5,20.0,
45162,2,car,2,1505.4,2.79,0.775,green,0,40.0829106029106,50.0,0.5,20.0,
45163,2,car,2,1505.4333333333334,2.79,0.775,green,0,40.03991683991684,50.0,0.5,20.0,
45164,2,car,2,1505.4666666666667,2.79,0.775,green,0,39.996923076923075,50.0,0.5,20.0,
45165,2,car,2,1505.5,2.79,0.775,green,0,39.953929313929315,50.0,0.5,20.0,
45166,2,car,2,1505.5333333333333,2.79,0.775,green,0,39.91093555093555,50.0,0.5,20.0,
45167,2,car,2,1505.5666666666666,2.79,0.775,green,0,39.86794178794179,50.0,0.5,20.0,
45168,2,car,2,1505.6,2.79,0.775,green,0,39.82494802494802,50.0,0.5,20.0,
45169,2,car,2,1505.6333333333334,2.79,0.775,green,0,39.78195426195426,50.0,0.5,20.0,
45170,2,car,2,1505.6666666666667,2.79,0.775,green,0,39.738960498960495,50.0,0.5,20.0,
45171,2,car,2,1505.7,2.79,0.775,green,0,39.695966735966735,50.0,0.5,20.0,
45172,2,car,2,1505.7333333333333,3.6323999999999996,1.009,green,0,39.652972972972975,50.0,0.5,20.0,
45173,2,car,2,1505.7666666666667,3.6323999999999996,1.009,green,0,39.60997920997921,50.0,0.5,20.0,
45174,2,car,2,1505.8,3.6323999999999996,1.009,green,0,39.56698544698545,50.0,0.5,20.0,
45175,2,car,2,1505.8333333333333,3.6323999999999996,1.009,green,0,39.52399168399168,50.0,0.5,20.0,
45176,2,car,2,1505.8666666666666,3.6323999999999996,1.009,green,0,39.48099792099792,50.0,0.5,20.0,
45177,2,car,2,1505.9,3.6323999999999996,1.009,green,0,39.438004158004155,50.0,0.5,20.0,
45178,2,car,2,1505.9333333333334,3.6323999999999996,1.009,green,0,39.395010395010395,50.0,0.5,20.0,
45179,2,car,2,1505.9666666666667,3.6323999999999996,1.009,green,0,39.35201663201663,50.0,0.5,20.0,
45180,2,car,2,1506.0,3.6323999999999996,1.009,green,0,39.30902286902287,50.0,0.5,20.0,
45181,2,car,2,1506.0333333333333,3.6323999999999996,1.009,green,0,39.26602910602911,50.0,0.5,20.0,
45182,2,car,2,1506.0666666666666,3.6323999999999996,1.009,green,0,39.22303534303534,50.0,0.5,20.0,
45183,2,car,2,1506.1,3.6323999999999996,1.009,green,0,39.18004158004158,50.0,0.5,20.0,
45184,2,car,2,1506.1333333333334,3.6323999999999996,1.009,green,0,39.137047817047815,50.0,0.5,20.0,
45185,2,car,2,1506.1666666666667,3.6323999999999996,1.009,green,0,39.094054054054055,50.0,0.5,20.0,
45186,2,car,2,1506.2,3.6323999999999996,1.009,green,0,39.05106029106029,50.0,0.5,20.0,
45187,2,car,2,1506.2333333333333,3.6323999999999996,1.009,green,0,39.00806652806653,50.0,0.5,20.0,
45188,2,car,2,1506.2666666666667,3.6323999999999996,1.009,green,0,38.96507276507276,50.0,0.5,20.0,
45189,2,car,2,1506.3,3.6323999999999996,1.009,green,0,38.922079002079,50.0,0.5,20.0,
45190,2,car,2,1506.3333333333333,3.6323999999999996,1.009,green,0,38.87908523908524,50.0,0.5,20.0,
45191,2,car,2,1506.3666666666666,3.6323999999999996,1.009,green,0,38.836091476091475,50.0,0.5,20.0,
45192,2,car,2,1506.4,3.258,0.905,green,0,38.793097713097715,50.0,0.5,20.0,
45193,2,car,2,1506.4333333333334,3.258,0.905,green,0,38.75010395010395,50.0,0.5,20.0,
45194,2,car,2,1506.4666666666667,3.258,0.905,green,0,38.70711018711019,50.0,0.5,20.0,
45195,2,car,2,1506.5,3.258,0.905,green,0,38.66411642411642,50.0,0.5,20.0,
45196,2,car,2,1506.5333333333333,3.258,0.905,green,0,38.62112266112266,50.0,0.5,20.0,
45197,2,car,2,1506.5666666666666,3.258,0.905,green,0,38.578128898128895,50.0,0.5,20.0,
45198,2,car,2,1506.6,3.258,0.905,green,0,38.535135135135135,50.0,0.5,20.0,
45199,2,car,2,1506.6333333333334,3.258,0.905,green,0,38.49214137214137,50.0,0.5,20.0,
45200,2,car,2,1506.6666666666667,3.258,0.905,green,0,38.44914760914761,50.0,0.5,20.0,
45201,2,car,2,1506.7,3.258,0.905,green,0,38.40615384615384,50.0,0.5,20.0,
45202,2,car,2,1506.7333333333333,3.258,0.905,green,0,38.36316008316008,50.0,0.5,20.0,
45203,2,car,2,1506.7666666666667,3.258,0.905,green,0,38.32016632016632,50.0,0.5,20.0,
45204,2,car,2,1506.8,3.258,0.905,green,0,38.277172557172555,50.0,0.5,20.0,
45205,2,car,2,1506.8333333333333,3.258,0.905,green,0,38.234178794178796,50.0,0.5,20.0,
45206,2,car,2,1506.8666666666666,3.258,0.905,green,0,38.19118503118503,50.0,0.5,20.0,
45207,2,car,2,1506.9,3.258,0.905,green,0,38.14819126819127,50.0,0.5,20.0,
45208,2,car,2,1506.9333333333334,3.258,0.905,green,0,38.10519750519751,50.0,0.5,20.0,
45209,2,car,2,1506.9666666666667,3.258,0.905,green,0,38.06220374220374,50.0,0.5,20.0,
45210,2,car,2,1507.0,3.258,0.905,green,0,38.019209979209975,50.0,0.5,20.0,
45211,2,car,2,1507.0333333333333,3.258,0.905,green,0,37.976216216216216,50.0,0.5,20.0,
45212,2,car,2,1507.0666666666666,4.4064,1.224,green,0,37.933222453222456,50.0,0.5,20.0,
45213,2,car,2,1507.1,4.4064,1.224,green,0,37.89022869022869,50.0,0.5,20.0,
45214,2,car,2,1507.1333333333334,4.4064,1.224,green,0,37.84723492723493,50.0,0.5,20.0,
45215,2,car,2,1507.1666666666667,4.4064,1.224,green,0,37.80424116424116,50.0,0.5,20.0,
45216,2,car,2,1507.2,4.4064,1.224,green,0,37.7612474012474,50.0,0.5,20.0,
45217,2,car,2,1507.2333333333333,4.4064,1.224,green,0,37.718253638253636,50.0,0.5,20.0,
45218,2,car,2,1507.2666666666667,4.4064,1.224,green,0,37.675259875259876,50.0,0.5,20.0,
45219,2,car,2,1507.3,4.4064,1.224,green,0,37.63226611226611,50.0,0.5,20.0,
45220,2,car,2,1507.3333333333333,4.4064,1.224,green,0,37.58927234927235,50.0,0.5,20.0,
45221,2,car,2,1507.3666666666666,4.4064,1.224,green,0,37.54627858627859,50.0,0.5,20.0,
45222,2,car,2,1507.4,4.4064,1.224,green,0,37.50328482328482,50.0,0.5,20.0,
45223,2,car,2,1507.4333333333334,4.4064,1.224,green,0,37.460291060291055,50.0,0.5,20.0,
45224,2,car,2,1507.4666666666667,4.4064,1.224,green,0,37.417297297297296,50.0,0.5,20.0,
45225,2,car,2,1507.5,4.4064,1.224,green,0,37.374303534303536,50.0,0.5,20.0,
45226,2,car,2,1507.5333333333333,4.4064,1.224,green,0,37.33130977130977,50.0,0.5,20.0,
45227,2,car,2,1507.5666666666666,4.4064,1.224,green,0,37.28831600831601,50.0,0.5,20.0,
45228,2,car,2,1507.6,4.4064,1.224,green,0,37.24532224532224,50.0,0.5,20.0,
45229,2,car,2,1507.6333333333334,4.4064,1.224,green,0,37.20232848232848,50.0,0.5,20.0,
45230,2,car,2,1507.6666666666667,4.4064,1.224,green,0,37.15933471933472,50.0,0.5,20.0,
45231,2,car,2,1507.7,4.4064,1.224,green,0,37.116340956340956,50.0,0.5,20.0,
45232,2,car,2,1507.7333333333333,3.7331999999999996,1.037,green,0,37.07334719334719,50.0,0.5,20.0,
45233,2,car,2,1507.7666666666667,3.7331999999999996,1.037,green,0,37.03035343035343,50.0,0.5,20.0,
45234,2,car,2,1507.8,3.7331999999999996,1.037,green,0,36.98735966735967,50.0,0.5,20.0,
45235,2,car,2,1507.8333333333333,3.7331999999999996,1.037,green,0,36.9443659043659,50.0,0.5,20.0,
45236,2,car,2,1507.8666666666666,3.7331999999999996,1.037,green,0,36.90137214137214,50.0,0.5,20.0,
45237,2,car,2,1507.9,3.7331999999999996,1.037,green,0,36.858378378378376,50.0,0.5,20.0,
45238,2,car,2,1507.9333333333334,3.7331999999999996,1.037,green,0,36.815384615384616,50.0,0.5,20.0,
45239,2,car,2,1507.9666666666667,3.7331999999999996,1.037,green,0,36.772390852390856,50.0,0.5,20.0,
45240,2,car,2,1508.0,3.7331999999999996,1.037,green,0,36.72939708939709,50.0,0.5,20.0,
45241,2,car,2,1508.0333333333333,3.7331999999999996,1.037,green,0,36.68640332640332,50.0,0.5,20.0,
45242,2,car,2,1508.0666666666666,3.7331999999999996,1.037,green,0,36.64340956340956,50.0,0.5,20.0,
45243,2,car,2,1508.1,3.7331999999999996,1.037,green,0,36.6004158004158,50.0,0.5,20.0,
45244,2,car,2,1508.1333333333334,3.7331999999999996,1.037,green,0,36.557422037422036,50.0,0.5,20.0,
45245,2,car,2,1508.1666666666667,3.7331999999999996,1.037,green,0,36.514428274428276,50.0,0.5,20.0,
45246,2,car,2,1508.2,3.7331999999999996,1.037,green,0,36.47143451143451,50.0,0.5,20.0,
45247,2,car,2,1508.2333333333333,3.7331999999999996,1.037,green,0,36.42844074844075,50.0,0.5,20.0,
45248,2,car,2,1508.2666666666667,3.7331999999999996,1.037,green,0,36.38544698544698,50.0,0.5,20.0,
45249,2,car,2,1508.3,3.7331999999999996,1.037,green,0,36.34245322245322,50.0,0.5,20.0,
45250,2,car,2,1508.3333333333333,3.7331999999999996,1.037,green,0,36.299459459459456,50.0,0.5,20.0,
45251,2,car,2,1508.3666666666666,4.176,1.16,green,0,36.256465696465696,50.0,0.5,20.0,
45252,2,car,2,1508.4,4.176,1.16,green,0,36.213471933471936,50.0,0.5,20.0,
45253,2,car,2,1508.4333333333334,4.176,1.16,green,0,36.17047817047817,50.0,0.5,20.0,
45254,2,car,2,1508.4666666666667,4.176,1.16,green,0,36.1274844074844,50.0,0.5,20.0,
45255,2,car,2,1508.5,4.176,1.16,green,0,36.08449064449064,50.0,0.5,20.0,
45256,2,car,2,1508.5333333333333,4.176,1.16,green,0,36.04149688149688,50.0,0.5,20.0,
45257,2,car,2,1508.5666666666666,4.176,1.16,green,0,35.998503118503116,50.0,0.5,20.0,
45258,2,car,2,1508.6,4.176,1.16,green,0,35.955509355509356,50.0,0.5,20.0,
45259,2,car,2,1508.6333333333334,4.176,1.16,green,0,35.91251559251559,50.0,0.5,20.0,
45260,2,car,2,1508.6666666666667,4.176,1.16,green,0,35.86952182952183,50.0,0.5,20.0,
45261,2,car,2,1508.7,4.176,1.16,green,0,35.82652806652807,50.0,0.5,20.0,
45262,2,car,2,1508.7333333333333,4.176,1.16,green,0,35.7835343035343,50.0,0.5,20.0,
45263,2,car,2,1508.7666666666667,4.176,1.16,green,0,35.740540540540536,50.0,0.5,20.0,
45264,2,car,2,1508.8,4.176,1.16,green,0,35.697546777546776,50.0,0.5,20.0,
45265,2,car,2,1508.8333333333333,4.176,1.16,green,0,35.65455301455302,50.0,0.5,20.0,
45266,2,car,2,1508.8666666666666,4.176,1.16,green,0,35.61155925155925,50.0,0.5,20.0,
45267,2,car,2,1508.9,4.176,1.16,green,0,35.56856548856549,50.0,0.5,20.0,
45268,2,car,2,1508.9333333333334,4.176,1.16,green,0,35.52557172557172,50.0,0.5,20.0,
45269,2,car,2,1508.9666666666667,4.176,1.16,green,0,35.48257796257796,50.0,0.5,20.0,
45270,2,car,2,1509.0,4.176,1.16,green,0,35.4395841995842,50.0,0.5,20.0,
45271,2,car,2,1509.0333333333333,4.8384,1.344,green,0,35.39659043659044,50.0,0.5,20.0,
45272,2,car,2,1509.0666666666666,4.8384,1.344,green,0,35.35359667359667,50.0,0.5,20.0,
45273,2,car,2,1509.1,4.8384,1.344,green,0,35.31060291060291,50.0,0.5,20.0,
45274,2,car,2,1509.1333333333334,4.8384,1.344,green,0,35.26760914760915,50.0,0.5,20.0,
45275,2,car,2,1509.1666666666667,4.8384,1.344,green,0,35.22461538461538,50.0,0.5,20.0,
45276,2,car,2,1509.2,4.8384,1.344,green,0,35.18162162162162,50.0,0.5,20.0,
45277,2,car,2,1509.2333333333333,4.8384,1.344,green,0,35.138627858627856,50.0,0.5,20.0,
45278,2,car,2,1509.2666666666667,4.8384,1.344,green,0,35.0956340956341,50.0,0.5,20.0,
45279,2,car,2,1509.3,4.8384,1.344,green,0,35.05264033264033,50.0,0.5,20.0,
45280,2,car,2,1509.3333333333333,4.8384,1.344,green,0,35.00964656964657,50.0,0.5,20.0,
45281,2,car,2,1509.3666666666666,4.8384,1.344,green,0,34.9666528066528,50.0,0.5,20.0,
45282,2,car,2,1509.4,4.8384,1.344,green,0,34.92365904365904,50.0,0.5,20.0,
45283,2,car,2,1509.4333333333334,4.8384,1.344,green,0,34.88066528066528,50.0,0.5,20.0,
45284,2,car,2,1509.4666666666667,4.8384,1.344,green,0,34.83767151767152,50.0,0.5,20.0,
45285,2,car,2,1509.5,4.8384,1.344,green,0,34.79467775467776,50.0,0.5,20.0,
45286,2,car,2,1509.5333333333333,4.8384,1.344,green,0,34.75168399168399,50.0,0.5,20.0,
45287,2,car,2,1509.5666666666666,4.8384,1.344,green,0,34.70869022869023,50.0,0.5,20.0,
45288,2,car,2,1509.6,4.8384,1.344,green,0,34.66569646569646,50.0,0.5,20.0,
45289,2,car,2,1509.6333333333334,4.8384,1.344,green,0,34.6227027027027,50.0,0.5,20.0,
45290,2,car,2,1509.6666666666667,4.5360000000000005,1.26,green,0,34.57970893970894,50.0,0.5,20.0,
45291,2,car,2,1509.7,4.5360000000000005,1.26,green,0,34.53671517671518,50.0,0.5,20.0,
45292,2,car,2,1509.7333333333333,4.5360000000000005,1.26,green,0,34.49372141372142,50.0,0.5,20.0,
45293,2,car,2,1509.7666666666667,4.5360000000000005,1.26,green,0,34.45072765072765,50.0,0.5,20.0,
45294,2,car,2,1509.8,4.5360000000000005,1.26,green,0,34.40773388773388,50.0,0.5,20.0,
45295,2,car,2,1509.8333333333333,4.5360000000000005,1.26,green,0,34.36474012474012,50.0,0.5,20.0,
45296,2,car,2,1509.8666666666666,4.5360000000000005,1.26,green,0,34.321746361746364,50.0,0.5,20.0,
45297,2,car,2,1509.9,4.5360000000000005,1.26,green,0,34.2787525987526,50.0,0.5,20.0,
45298,2,car,2,1509.9333333333334,4.5360000000000005,1.26,green,0,34.23575883575884,50.0,0.5,20.0,
45299,2,car,2,1509.9666666666667,4.5360000000000005,1.26,green,0,34.19276507276507,50.0,0.5,20.0,
45300,2,car,2,1510.0,4.5360000000000005,1.26,green,0,34.14977130977131,50.0,0.5,20.0,
45301,2,car,2,1510.0333333333333,4.5360000000000005,1.26,green,0,34.10677754677755,50.0,0.5,20.0,
45302,2,car,2,1510.0666666666666,4.5360000000000005,1.26,green,0,34.063783783783784,50.0,0.5,20.0,
45303,2,car,2,1510.1,4.5360000000000005,1.26,green,0,34.02079002079002,50.0,0.5,20.0,
45304,2,car,2,1510.1333333333334,4.5360000000000005,1.26,green,0,33.97779625779626,50.0,0.5,20.0,
45305,2,car,2,1510.1666666666667,4.5360000000000005,1.26,green,0,33.9348024948025,50.0,0.5,20.0,
45306,2,car,2,1510.2,4.5360000000000005,1.26,green,0,33.89180873180873,50.0,0.5,20.0,
45307,2,car,2,1510.2333333333333,4.5360000000000005,1.26,green,0,33.84881496881497,50.0,0.5,20.0,
45308,2,car,2,1510.2666666666667,4.5360000000000005,1.26,green,0,33.8058212058212,50.0,0.5,20.0,
45309,2,car,2,1510.3,4.5360000000000005,1.26,green,0,33.762827442827444,50.0,0.5,20.0,
45310,2,car,2,1510.3333333333333,5.1624,1.434,green,0,33.71983367983368,50.0,0.5,20.0,
45311,2,car,2,1510.3666666666666,5.1624,1.434,green,0,33.67683991683992,50.0,0.5,20.0,
45312,2,car,2,1510.4,5.1624,1.434,green,0,33.63384615384615,50.0,0.5,20.0,
45313,2,car,2,1510.4333333333334,5.1624,1.434,green,0,33.59085239085239,50.0,0.5,20.0,
45314,2,car,2,1510.4666666666667,5.1624,1.434,green,0,33.54785862785863,50.0,0.5,20.0,
45315,2,car,2,1510.5,5.1624,1.434,green,0,33.504864864864864,50.0,0.5,20.0,
45316,2,car,2,1510.5333333333333,5.1624,1.434,green,0,33.461871101871104,50.0,0.5,20.0,
45317,2,car,2,1510.5666666666666,5.1624,1.434,green,0,33.41887733887734,50.0,0.5,20.0,
45318,2,car,2,1510.6,5.1624,1.434,green,0,33.37588357588358,50.0,0.5,20.0,
45319,2,car,2,1510.6333333333334,5.1624,1.434,green,0,33.33288981288981,50.0,0.5,20.0,
45320,2,car,2,1510.6666666666667,5.1624,1.434,green,0,33.28989604989605,50.0,0.5,20.0,
45321,2,car,2,1510.7,5.1624,1.434,green,0,33.246902286902284,50.0,0.5,20.0,
45322,2,car,2,1510.7333333333333,5.1624,1.434,green,0,33.203908523908524,50.0,0.5,20.0,
45323,2,car,2,1510.7666666666667,5.1624,1.434,green,0,33.160914760914764,50.0,0.5,20.0,
45324,2,car,2,1510.8,5.1624,1.434,green,0,33.117920997921,50.0,0.5,20.0,
45325,2,car,2,1510.8333333333333,5.1624,1.434,green,0,33.07492723492723,50.0,0.5,20.0,
45326,2,car,2,1510.8666666666666,5.1624,1.434,green,0,33.03193347193347,50.0,0.5,20.0,
45327,2,car,2,1510.9,5.1624,1.434,green,0,32.98893970893971,50.0,0.5,20.0,
45328,2,car,2,1510.9333333333334,5.1624,1.434,green,0,32.945945945945944,50.0,0.5,20.0,
45329,2,car,2,1510.9666666666667,5.1624,1.434,green,0,32.902952182952184,50.0,0.5,20.0,
45330,2,car,2,1511.0,4.1616,1.156,green,0,32.85995841995842,50.0,0.5,20.0,
45331,2,car,2,1511.0333333333333,4.1616,1.156,green,0,32.81696465696466,50.0,0.5,20.0,
45332,2,car,2,1511.0666666666666,4.1616,1.156,green,0,32.7739708939709,50.0,0.5,20.0,
45333,2,car,2,1511.1,4.1616,1.156,green,0,32.73097713097713,50.0,0.5,20.0,
45334,2,car,2,1511.1333333333334,4.1616,1.156,green,0,32.687983367983364,50.0,0.5,20.0,
45335,2,car,2,1511.1666666666667,4.1616,1.156,green,0,32.644989604989604,50.0,0.5,20.0,
45336,2,car,2,1511.2,4.1616,1.156,green,0,32.601995841995844,50.0,0.5,20.0,
45337,2,car,2,1511.2333333333333,4.1616,1.156,green,0,32.55900207900208,50.0,0.5,20.0,
45338,2,car,2,1511.2666666666667,4.1616,1.156,green,0,32.51600831600832,50.0,0.5,20.0,
45339,2,car,2,1511.3,4.1616,1.156,green,0,32.47301455301455,50.0,0.5,20.0,
45340,2,car,2,1511.3333333333333,4.1616,1.156,green,0,32.43002079002079,50.0,0.5,20.0,
45341,2,car,2,1511.3666666666666,4.1616,1.156,green,0,32.387027027027024,50.0,0.5,20.0,
45342,2,car,2,1511.4,4.1616,1.156,green,0,32.344033264033264,50.0,0.5,20.0,
45343,2,car,2,1511.4333333333334,4.1616,1.156,green,0,32.3010395010395,50.0,0.5,20.0,
45344,2,car,2,1511.4666666666667,4.1616,1.156,green,0,32.25804573804574,50.0,0.5,20.0,
45345,2,car,2,1511.5,4.1616,1.156,green,0,32.21505197505198,50.0,0.5,20.0,
45346,2,car,2,1511.5333333333333,4.1616,1.156,green,0,32.17205821205821,50.0,0.5,20.0,
45347,2,car,2,1511.5666666666666,4.1616,1.156,green,0,32.12906444906445,50.0,0.5,20.0,
45348,2,car,2,1511.6,4.1616,1.156,green,0,32.086070686070684,50.0,0.5,20.0,
45349,2,car,2,1511.6333333333334,4.1616,1.156,green,0,32.043076923076924,50.0,0.5,20.0,
45350,2,car,2,1511.6666666666667,3.042,0.845,green,0,32.00008316008316,50.0,0.5,20.0,
45351,2,car,2,1511.7,3.042,0.845,green,0,31.957089397089398,50.0,0.5,20.0,
45352,2,car,2,1511.7333333333333,3.042,0.845,green,0,31.914095634095634,50.0,0.5,20.0,
45353,2,car,2,1511.7666666666667,3.042,0.845,green,0,31.87110187110187,50.0,0.5,20.0,
45354,2,car,2,1511.8,3.042,0.845,green,0,31.828108108108108,50.0,0.5,20.0,
45355,2,car,2,1511.8333333333333,3.042,0.845,green,0,31.785114345114344,50.0,0.5,20.0,
45356,2,car,2,1511.8666666666666,3.042,0.845,green,0,31.74212058212058,50.0,0.5,20.0,
45357,2,car,2,1511.9,3.042,0.845,green,0,31.699126819126818,50.0,0.5,20.0,
45358,2,car,2,1511.9333333333334,3.042,0.845,green,0,31.656133056133058,50.0,0.5,20.0,
45359,2,car,2,1511.9666666666667,3.042,0.845,green,0,31.61313929313929,50.0,0.5,20.0,
45360,2,car,2,1512.0,3.042,0.845,green,0,31.57014553014553,50.0,0.5,20.0,
45361,2,car,2,1512.0333333333333,3.042,0.845,green,0,31.527151767151764,50.0,0.5,20.0,
45362,2,car,2,1512.0666666666666,3.042,0.845,green,0,31.484158004158004,50.0,0.5,20.0,
45363,2,car,2,1512.1,3.042,0.845,green,0,31.44116424116424,50.0,0.5,20.0,
45364,2,car,2,1512.1333333333334,3.042,0.845,green,0,31.398170478170478,50.0,0.5,20.0,
45365,2,car,2,1512.1666666666667,3.042,0.845,green,0,31.355176715176714,50.0,0.5,20.0,
45366,2,car,2,1512.2,3.042,0.845,green,0,31.31218295218295,50.0,0.5,20.0,
45367,2,car,2,1512.2333333333333,3.042,0.845,green,0,31.26918918918919,50.0,0.5,20.0,
45368,2,car,2,1512.2666666666667,3.042,0.845,green,0,31.226195426195424,50.0,0.5,20.0,
45369,2,car,2,1512.3,1.8612000000000002,0.517,green,0,31.183201663201665,50.0,0.5,20.0,
45370,2,car,2,1512.3333333333333,1.8612000000000002,0.517,green,0,31.140207900207898,50.0,0.5,20.0,
45371,2,car,2,1512.3666666666666,1.8612000000000002,0.517,green,0,31.097214137214138,50.0,0.5,20.0,
45372,2,car,2,1512.4,1.8612000000000002,0.517,green,0,31.054220374220375,50.0,0.5,20.0,
45373,2,car,2,1512.4333333333334,1.8612000000000002,0.517,green,0,31.01122661122661,50.0,0.5,20.0,
45374,2,car,2,1512.4666666666667,1.8612000000000002,0.517,green,0,30.968232848232848,50.0,0.5,20.0,
45375,2,car,2,1512.5,1.8612000000000002,0.517,green,0,30.925239085239085,50.0,0.5,20.0,
45376,2,car,2,1512.5333333333333,1.8612000000000002,0.517,green,0,30.88224532224532,50.0,0.5,20.0,
45377,2,car,2,1512.5666666666666,1.8612000000000002,0.517,green,0,30.839251559251558,50.0,0.5,20.0,
45378,2,car,2,1512.6,1.8612000000000002,0.517,green,0,30.796257796257798,50.0,0.5,20.0,
45379,2,car,2,1512.6333333333334,1.8612000000000002,0.517,green,0,30.75326403326403,50.0,0.5,20.0,
45380,2,car,2,1512.6666666666667,1.8612000000000002,0.517,green,0,30.71027027027027,50.0,0.5,20.0,
45381,2,car,2,1512.7,1.8612000000000002,0.517,green,0,30.667276507276505,50.0,0.5,20.0,
45382,2,car,2,1512.7333333333333,1.8612000000000002,0.517,green,0,30.624282744282745,50.0,0.5,20.0,
45383,2,car,2,1512.7666666666667,1.8612000000000002,0.517,green,0,30.58128898128898,50.0,0.5,20.0,
45384,2,car,2,1512.8,1.8612000000000002,0.517,green,0,30.538295218295218,50.0,0.5,20.0,
45385,2,car,2,1512.8333333333333,1.8612000000000002,0.517,green,0,30.495301455301455,50.0,0.5,20.0,
45386,2,car,2,1512.8666666666666,1.8612000000000002,0.517,green,0,30.45230769230769,50.0,0.5,20.0,
45387,2,car,2,1512.9,1.8612000000000002,0.517,green,0,30.409313929313928,50.0,0.5,20.0,
45388,2,car,2,1512.9333333333334,1.8612000000000002,0.517,green,0,30.366320166320165,50.0,0.5,20.0,
45389,2,car,2,1512.9666666666667,2.1528,0.598,green,0,30.3233264033264,50.0,0.5,20.0,
45390,2,car,2,1513.0,2.1528,0.598,green,0,30.28033264033264,50.0,0.5,20.0,
45391,2,car,2,1513.0333333333333,2.1528,0.598,green,0,30.23733887733888,50.0,0.5,20.0,
45392,2,car,2,1513.0666666666666,2.1528,0.598,green,0,30.194345114345115,50.0,0.5,20.0,
45393,2,car,2,1513.1,2.1528,0.598,green,0,30.15135135135135,50.0,0.5,20.0,
45394,2,car,2,1513.1333333333334,2.1528,0.598,green,0,30.10835758835759,50.0,0.5,20.0,
45395,2,car,2,1513.1666666666667,2.1528,0.598,green,0,30.065363825363825,50.0,0.5,20.0,
45396,2,car,2,1513.2,2.1528,0.598,green,0,30.02237006237006,50.0,0.5,20.0,
45397,2,car,2,1513.2333333333333,2.1528,0.598,green,0,29.979376299376298,50.0,0.5,20.0,
45398,2,car,2,1513.2666666666667,2.1528,0.598,green,0,29.936382536382535,50.0,0.5,20.0,
45399,2,car,2,1513.3,2.1528,0.598,green,0,29.89338877338877,50.0,0.5,20.0,
45400,2,car,2,1513.3333333333333,2.1528,0.598,green,0,29.85039501039501,50.0,0.5,20.0,
45401,2,car,2,1513.3666666666666,2.1528,0.598,green,0,29.80740124740125,50.0,0.5,20.0,
45402,2,car,2,1513.4,2.1528,0.598,green,0,29.764407484407485,50.0,0.5,20.0,
45403,2,car,2,1513.4333333333334,2.1528,0.598,green,0,29.72141372141372,50.0,0.5,20.0,
45404,2,car,2,1513.4666666666667,2.1528,0.598,green,0,29.67841995841996,50.0,0.5,20.0,
45405,2,car,2,1513.5,2.1528,0.598,green,0,29.635426195426195,50.0,0.5,20.0,
45406,2,car,2,1513.5333333333333,2.1528,0.598,green,0,29.59243243243243,50.0,0.5,20.0,
45407,2,car,2,1513.5666666666666,2.1528,0.598,green,0,29.54943866943867,50.0,0.5,20.0,
45408,2,car,2,1513.6,2.1528,0.598,green,0,29.506444906444905,50.0,0.5,20.0,
45409,2,car,2,1513.6333333333334,2.1528,0.598,green,0,29.46345114345114,50.0,0.5,20.0,
45410,2,car,2,1513.6666666666667,2.1528,0.598,green,0,29.42045738045738,50.0,0.5,20.0,
45411,2,car,2,1513.7,2.1528,0.598,green,0,29.37746361746362,50.0,0.5,20.0,
45412,2,car,2,1513.7333333333333,2.1528,0.598,green,0,29.334469854469855,50.0,0.5,20.0,
45413,2,car,2,1513.7666666666667,2.1528,0.598,green,0,29.291476091476092,50.0,0.5,20.0,
45414,2,car,2,1513.8,2.1528,0.598,green,0,29.24848232848233,50.0,0.5,20.0,
45415,2,car,2,1513.8333333333333,2.1528,0.598,green,0,29.205488565488565,50.0,0.5,20.0,
45416,2,car,2,1513.8666666666666,2.1528,0.598,green,0,29.162494802494802,50.0,0.5,20.0,
45417,2,car,2,1513.9,2.1528,0.598,green,0,29.11950103950104,50.0,0.5,20.0,
45418,2,car,2,1513.9333333333334,2.1528,0.598,green,0,29.076507276507275,50.0,0.5,20.0,
45419,2,car,2,1513.9666666666667,2.1528,0.598,green,0,29.033513513513512,50.0,0.5,20.0,
45420,2,car,2,1514.0,2.1528,0.598,green,0,28.99051975051975,50.0,0.5,20.0,
45421,2,car,2,1514.0333333333333,2.1528,0.598,green,0,28.94752598752599,50.0,0.5,20.0,
45422,2,car,2,1514.0666666666666,2.1528,0.598,green,0,28.904532224532225,50.0,0.5,20.0,
45423,2,car,2,1514.1,2.1528,0.598,green,0,28.861538461538462,50.0,0.5,20.0,
45424,2,car,2,1514.1333333333334,2.1528,0.598,green,0,28.8185446985447,50.0,0.5,20.0,
45425,2,car,2,1514.1666666666667,2.1528,0.598,green,0,28.775550935550935,50.0,0.5,20.0,
45426,2,car,2,1514.2,2.1528,0.598,green,0,28.732557172557172,50.0,0.5,20.0,
45427,2,car,2,1514.2333333333333,2.8296,0.786,green,0,28.68956340956341,50.0,0.5,20.0,
45428,2,car,2,1514.2666666666667,2.8296,0.786,green,0,28.646569646569645,50.0,0.5,20.0,
45429,2,car,2,1514.3,2.8296,0.786,green,0,28.603575883575882,50.0,0.5,20.0,
45430,2,car,2,1514.3333333333333,2.8296,0.786,green,0,28.56058212058212,50.0,0.5,20.0,
45431,2,car,2,1514.3666666666666,2.8296,0.786,green,0,28.51758835758836,50.0,0.5,20.0,
45432,2,car,2,1514.4,2.8296,0.786,green,0,28.474594594594596,50.0,0.5,20.0,
45433,2,car,2,1514.4333333333334,2.8296,0.786,green,0,28.431600831600832,50.0,0.5,20.0,
45434,2,car,2,1514.4666666666667,2.8296,0.786,green,0,28.38860706860707,50.0,0.5,20.0,
45435,2,car,2,1514.5,2.8296,0.786,green,0,28.345613305613305,50.0,0.5,20.0,
45436,2,car,2,1514.5333333333333,2.8296,0.786,green,0,28.302619542619542,50.0,0.5,20.0,
45437,2,car,2,1514.5666666666666,2.8296,0.786,green,0,28.25962577962578,50.0,0.5,20.0,
45438,2,car,2,1514.6,2.8296,0.786,green,0,28.216632016632015,50.0,0.5,20.0,
45439,2,car,2,1514.6333333333334,2.8296,0.786,green,0,28.173638253638252,50.0,0.5,20.0,
45440,2,car,2,1514.6666666666667,2.8296,0.786,green,0,28.13064449064449,50.0,0.5,20.0,
45441,2,car,2,1514.7,2.8296,0.786,green,0,28.08765072765073,50.0,0.5,20.0,
45442,2,car,2,1514.7333333333333,2.8296,0.786,green,0,28.044656964656966,50.0,0.5,20.0,
45443,2,car,2,1514.7666666666667,2.8296,0.786,green,0,28.001663201663202,50.0,0.5,20.0,
45444,2,car,2,1514.8,2.8296,0.786,green,0,27.95866943866944,50.0,0.5,20.0,
45445,2,car,2,1514.8333333333333,2.8296,0.786,green,0,27.915675675675676,50.0,0.5,20.0,
45446,2,car,2,1514.8666666666666,2.8296,0.786,green,0,27.872681912681912,50.0,0.5,20.0,
45447,2,car,2,1514.9,2.4947999999999997,0.693,green,0,27.82968814968815,50.0,0.5,20.0,
45448,2,car,2,1514.9333333333334,2.4947999999999997,0.693,green,0,27.786694386694386,50.0,0.5,20.0,
45449,2,car,2,1514.9666666666667,2.4947999999999997,0.693,green,0,27.743700623700622,50.0,0.5,20.0,
45450,2,car,2,1515.0,2.4947999999999997,0.693,green,0,27.70070686070686,50.0,0.5,20.0,
45451,2,car,2,1515.0333333333333,2.4947999999999997,0.693,green,0,27.657713097713096,50.0,0.5,20.0,
45452,2,car,2,1515.0666666666666,2.4947999999999997,0.693,green,0,27.614719334719336,50.0,0.5,20.0,
45453,2,car,2,1515.1,2.4947999999999997,0.693,green,0,27.571725571725572,50.0,0.5,20.0,
45454,2,car,2,1515.1333333333334,2.4947999999999997,0.693,green,0,27.52873180873181,50.0,0.5,20.0,
45455,2,car,2,1515.1666666666667,2.4947999999999997,0.693,green,0,27.485738045738046,50.0,0.5,20.0,
45456,2,car,2,1515.2,2.4947999999999997,0.693,green,0,27.442744282744282,50.0,0.5,20.0,
45457,2,car,2,1515.2333333333333,2.4947999999999997,0.693,green,0,27.39975051975052,50.0,0.5,20.0,
45458,2,car,2,1515.2666666666667,2.4947999999999997,0.693,green,0,27.356756756756756,50.0,0.5,20.0,
45459,2,car,2,1515.3,2.4947999999999997,0.693,green,0,27.313762993762992,50.0,0.5,20.0,
45460,2,car,2,1515.3333333333333,2.4947999999999997,0.693,green,0,27.27076923076923,50.0,0.5,20.0,
45461,2,car,2,1515.3666666666666,2.4947999999999997,0.693,green,0,27.227775467775466,50.0,0.5,20.0,
45462,2,car,2,1515.4,2.4947999999999997,0.693,green,0,27.184781704781706,50.0,0.5,20.0,
45463,2,car,2,1515.4333333333334,2.4947999999999997,0.693,green,0,27.141787941787943,50.0,0.5,20.0,
45464,2,car,2,1515.4666666666667,2.4947999999999997,0.693,green,0,27.09879417879418,50.0,0.5,20.0,
45465,2,car,2,1515.5,2.4947999999999997,0.693,green,0,27.055800415800416,50.0,0.5,20.0,
45466,2,car,2,1515.5333333333333,2.4947999999999997,0.693,green,0,27.012806652806653,50.0,0.5,20.0,
45467,2,car,2,1515.5666666666666,0.48960000000000004,0.136,green,0,26.96981288981289,50.0,0.5,20.0,
45468,2,car,2,1515.6,0.48960000000000004,0.136,green,0,26.926819126819126,50.0,0.5,20.0,
45469,2,car,2,1515.6333333333334,0.48960000000000004,0.136,green,0,26.883825363825363,50.0,0.5,20.0,
45470,2,car,2,1515.6666666666667,0.48960000000000004,0.136,green,0,26.8408316008316,50.0,0.5,20.0,
45471,2,car,2,1515.7,0.48960000000000004,0.136,green,0,26.797837837837836,50.0,0.5,20.0,
45472,2,car,2,1515.7333333333333,0.48960000000000004,0.136,green,0,26.754844074844076,50.0,0.5,20.0,
45473,2,car,2,1515.7666666666667,0.48960000000000004,0.136,green,0,26.711850311850313,50.0,0.5,20.0,
45474,2,car,2,1515.8,0.48960000000000004,0.136,green,0,26.66885654885655,50.0,0.5,20.0,
45475,2,car,2,1515.8333333333333,0.48960000000000004,0.136,green,0,26.625862785862786,50.0,0.5,20.0,
45476,2,car,2,1515.8666666666666,0.48960000000000004,0.136,green,0,26.582869022869023,50.0,0.5,20.0,
45477,2,car,2,1515.9,0.48960000000000004,0.136,green,0,26.53987525987526,50.0,0.5,20.0,
45478,2,car,2,1515.9333333333334,0.48960000000000004,0.136,green,0,26.496881496881496,50.0,0.5,20.0,
45479,2,car,2,1515.9666666666667,0.48960000000000004,0.136,green,0,26.453887733887733,50.0,0.5,20.0,
45480,2,car,2,1516.0,0.48960000000000004,0.136,green,0,26.41089397089397,50.0,0.5,20.0,
45481,2,car,2,1516.0333333333333,0.48960000000000004,0.136,green,0,26.367900207900206,50.0,0.5,20.0,
45482,2,car,2,1516.0666666666666,0.48960000000000004,0.136,green,0,26.324906444906446,50.0,0.5,20.0,
45483,2,car,2,1516.1,0.48960000000000004,0.136,green,0,26.281912681912683,50.0,0.5,20.0,
45484,2,car,2,1516.1333333333334,0.48960000000000004,0.136,green,0,26.23891891891892,50.0,0.5,20.0,
45485,2,car,2,1516.1666666666667,0.48960000000000004,0.136,green,0,26.195925155925156,50.0,0.5,20.0,
45486,2,car,2,1516.2,0.48960000000000004,0.136,green,0,26.152931392931393,50.0,0.5,20.0,
45487,2,car,2,1516.2333333333333,0.3348,0.093,green,0,26.10993762993763,50.0,0.5,10.0,
45488,2,car,2,1516.2666666666667,0.3348,0.093,green,0,26.066943866943866,50.0,0.5,10.0,
45489,2,car,2,1516.3,0.3348,0.093,green,0,26.023950103950103,50.0,0.5,10.0,
45490,2,car,2,1516.3333333333333,0.3348,0.093,green,0,25.98095634095634,50.0,0.5,10.0,
45491,2,car,2,1516.3666666666666,0.3348,0.093,green,0,25.937962577962576,50.0,0.5,10.0,
45492,2,car,2,1516.4,0.3348,0.093,green,0,25.894968814968813,50.0,0.5,10.0,
45493,2,car,2,1516.4333333333334,0.3348,0.093,green,0,25.851975051975053,50.0,0.5,10.0,
45494,2,car,2,1516.4666666666667,0.3348,0.093,green,0,25.80898128898129,50.0,0.5,10.0,
45495,2,car,2,1516.5,0.3348,0.093,green,0,25.765987525987526,50.0,0.5,10.0,
45496,2,car,2,1516.5333333333333,0.3348,0.093,green,0,25.722993762993763,50.0,0.5,10.0,
45497,2,car,2,1516.5666666666666,0.3348,0.093,green,0,25.68,50.0,0.5,10.0,
45498,2,car,2,1516.6,0.3348,0.093,green,0,25.637006237006236,50.0,0.5,10.0,
45499,2,car,2,1516.6333333333334,0.3348,0.093,green,0,25.594012474012473,50.0,0.5,10.0,
45500,2,car,2,1516.6666666666667,0.3348,0.093,green,0,25.55101871101871,50.0,0.5,10.0,
45501,2,car,2,1516.7,0.3348,0.093,green,0,25.508024948024946,50.0,0.5,10.0,
45502,2,car,2,1516.7333333333333,0.3348,0.093,green,0,25.465031185031183,50.0,0.5,10.0,
45503,2,car,2,1516.7666666666667,0.3348,0.093,green,0,25.422037422037423,50.0,0.5,10.0,
45504,2,car,2,1516.8,0.3348,0.093,green,0,25.37904365904366,50.0,0.5,10.0,
45505,2,car,2,1516.8333333333333,0.3348,0.093,green,0,25.336049896049897,50.0,0.5,10.0,
45506,2,car,2,1516.8666666666666,0.8316,0.231,green,0,25.293056133056133,50.0,0.5,20.0,
45507,2,car,2,1516.9,0.8316,0.231,green,0,25.25006237006237,50.0,0.5,20.0,
45508,2,car,2,1516.9333333333334,0.8316,0.231,green,0,25.207068607068607,50.0,0.5,20.0,
45509,2,car,2,1516.9666666666667,0.8316,0.231,green,0,25.164074844074843,50.0,0.5,20.0,
45510,2,car,2,1517.0,0.8316,0.231,green,0,25.12108108108108,50.0,0.5,20.0,
45511,2,car,2,1517.0333333333333,0.8316,0.231,green,0,25.078087318087317,50.0,0.5,20.0,
45512,2,car,2,1517.0666666666666,0.8316,0.231,green,0,25.035093555093553,50.0,0.5,20.0,
45513,2,car,2,1517.1,0.8316,0.231,green,0,24.992099792099793,50.0,0.5,20.0,
45514,2,car,2,1517.1333333333334,0.8316,0.231,green,0,24.94910602910603,50.0,0.5,20.0,
45515,2,car,2,1517.1666666666667,0.8316,0.231,green,0,24.906112266112267,50.0,0.5,20.0,
45516,2,car,2,1517.2,0.8316,0.231,green,0,24.863118503118503,50.0,0.5,20.0,
45517,2,car,2,1517.2333333333333,0.8316,0.231,green,0,24.82012474012474,50.0,0.5,20.0,
45518,2,car,2,1517.2666666666667,0.8316,0.231,green,0,24.777130977130977,50.0,0.5,20.0,
45519,2,car,2,1517.3,0.8316,0.231,green,0,24.734137214137213,50.0,0.5,20.0,
45520,2,car,2,1517.3333333333333,0.8316,0.231,green,0,24.69114345114345,50.0,0.5,20.0,
45521,2,car,2,1517.3666666666666,0.8316,0.231,green,0,24.648149688149687,50.0,0.5,20.0,
45522,2,car,2,1517.4,0.8316,0.231,green,0,24.605155925155923,50.0,0.5,20.0,
45523,2,car,2,1517.4333333333334,0.8316,0.231,green,0,24.562162162162164,50.0,0.5,20.0,
45524,2,car,2,1517.4666666666667,0.8316,0.231,green,0,24.5191683991684,50.0,0.5,20.0,
45525,2,car,2,1517.5,0.8316,0.231,green,0,24.476174636174637,50.0,0.5,20.0,
45526,2,car,2,1517.5333333333333,0.7343999999999999,0.204,green,0,24.433180873180874,50.0,0.5,20.0,
45527,2,car,2,1517.5666666666666,0.7343999999999999,0.204,green,0,24.39018711018711,50.0,0.5,20.0,
45528,2,car,2,1517.6,0.7343999999999999,0.204,green,0,24.347193347193347,50.0,0.5,20.0,
45529,2,car,2,1517.6333333333334,0.7343999999999999,0.204,green,0,24.304199584199583,50.0,0.5,20.0,
45530,2,car,2,1517.6666666666667,0.7343999999999999,0.204,green,0,24.26120582120582,50.0,0.5,20.0,
45531,2,car,2,1517.7,0.7343999999999999,0.204,green,0,24.218212058212057,50.0,0.5,20.0,
45532,2,car,2,1517.7333333333333,0.7343999999999999,0.204,green,0,24.175218295218293,50.0,0.5,20.0,
45533,2,car,2,1517.7666666666667,0.7343999999999999,0.204,green,0,24.13222453222453,50.0,0.5,20.0,
45534,2,car,2,1517.8,0.7343999999999999,0.204,green,0,24.08923076923077,50.0,0.5,20.0,
45535,2,car,2,1517.8333333333333,0.7343999999999999,0.204,green,0,24.046237006237007,50.0,0.5,20.0,
45536,2,car,2,1517.8666666666666,0.7343999999999999,0.204,green,0,24.003243243243244,50.0,0.5,20.0,
45537,2,car,2,1517.9,0.7343999999999999,0.204,green,0,23.96024948024948,50.0,0.5,20.0,
45538,2,car,2,1517.9333333333334,0.7343999999999999,0.204,green,0,23.917255717255717,50.0,0.5,20.0,
45539,2,car,2,1517.9666666666667,0.7343999999999999,0.204,green,0,23.874261954261954,50.0,0.5,20.0,
45540,2,car,2,1518.0,0.7343999999999999,0.204,green,0,23.83126819126819,50.0,0.5,20.0,
45541,2,car,2,1518.0333333333333,0.7343999999999999,0.204,green,0,23.788274428274427,50.0,0.5,20.0,
45542,2,car,2,1518.0666666666666,0.7343999999999999,0.204,green,0,23.745280665280664,50.0,0.5,20.0,
45543,2,car,2,1518.1,0.7343999999999999,0.204,green,0,23.7022869022869,50.0,0.5,20.0,
45544,2,car,2,1518.1333333333334,0.7343999999999999,0.204,green,0,23.65929313929314,50.0,0.5,20.0,
45545,2,car,2,1518.1666666666667,0.7992,0.222,green,0,23.616299376299377,50.0,0.5,20.0,
45546,2,car,2,1518.2,0.7992,0.222,green,0,23.573305613305614,50.0,0.5,20.0,
45547,2,car,2,1518.2333333333333,0.7992,0.222,green,0,23.53031185031185,50.0,0.5,20.0,
45548,2,car,2,1518.2666666666667,0.7992,0.222,green,0,23.487318087318087,50.0,0.5,20.0,
45549,2,car,2,1518.3,0.7992,0.222,green,0,23.444324324324324,50.0,0.5,20.0,
45550,2,car,2,1518.3333333333333,0.7992,0.222,green,0,23.40133056133056,50.0,0.5,20.0,
45551,2,car,2,1518.3666666666666,0.7992,0.222,green,0,23.358336798336797,50.0,0.5,20.0,
45552,2,car,2,1518.4,0.7992,0.222,green,0,23.315343035343034,50.0,0.5,20.0,
45553,2,car,2,1518.4333333333334,0.7992,0.222,green,0,23.27234927234927,50.0,0.5,20.0,
45554,2,car,2,1518.4666666666667,0.7992,0.222,green,0,23.22935550935551,50.0,0.5,20.0,
45555,2,car,2,1518.5,0.7992,0.222,green,0,23.186361746361747,50.0,0.5,20.0,
45556,2,car,2,1518.5333333333333,0.7992,0.222,green,0,23.143367983367984,50.0,0.5,20.0,
45557,2,car,2,1518.5666666666666,0.7992,0.222,green,0,23.10037422037422,50.0,0.5,20.0,
45558,2,car,2,1518.6,0.7992,0.222,green,0,23.057380457380457,50.0,0.5,20.0,
45559,2,car,2,1518.6333333333334,0.7992,0.222,green,0,23.014386694386694,50.0,0.5,20.0,
45560,2,car,2,1518.6666666666667,0.7992,0.222,green,0,22.97139293139293,50.0,0.5,20.0,
45561,2,car,2,1518.7,0.7992,0.222,green,0,22.928399168399167,50.0,0.5,20.0,
45562,2,car,2,1518.7333333333333,0.7992,0.222,green,0,22.885405405405404,50.0,0.5,20.0,
45563,2,car,2,1518.7666666666667,0.7992,0.222,green,0,22.84241164241164,50.0,0.5,20.0,
45564,2,car,2,1518.8,0.7992,0.222,green,0,22.79941787941788,50.0,0.5,20.0,
45565,2,car,2,1518.8333333333333,0.9216000000000001,0.256,green,0,22.756424116424117,50.0,0.5,20.0,
45566,2,car,2,1518.8666666666666,0.9216000000000001,0.256,green,0,22.713430353430354,50.0,0.5,20.0,
45567,2,car,2,1518.9,0.9216000000000001,0.256,green,0,22.67043659043659,50.0,0.5,20.0,
45568,2,car,2,1518.9333333333334,0.9216000000000001,0.256,green,0,22.627442827442827,50.0,0.5,20.0,
45569,2,car,2,1518.9666666666667,0.9216000000000001,0.256,green,0,22.584449064449064,50.0,0.5,20.0,
45570,2,car,2,1519.0,0.9216000000000001,0.256,green,0,22.5414553014553,50.0,0.5,20.0,
45571,2,car,2,1519.0333333333333,0.9216000000000001,0.256,green,0,22.498461538461537,50.0,0.5,20.0,
45572,2,car,2,1519.0666666666666,0.9216000000000001,0.256,green,0,22.455467775467774,50.0,0.5,20.0,
45573,2,car,2,1519.1,0.9216000000000001,0.256,green,0,22.41247401247401,50.0,0.5,20.0,
45574,2,car,2,1519.1333333333334,0.9216000000000001,0.256,green,0,22.369480249480247,50.0,0.5,20.0,
45575,2,car,2,1519.1666666666667,0.9216000000000001,0.256,green,0,22.326486486486488,50.0,0.5,20.0,
45576,2,car,2,1519.2,0.9216000000000001,0.256,green,0,22.283492723492724,50.0,0.5,20.0,
45577,2,car,2,1519.2333333333333,0.9216000000000001,0.256,green,0,22.24049896049896,50.0,0.5,20.0,
45578,2,car,2,1519.2666666666667,0.9216000000000001,0.256,green,0,22.197505197505198,50.0,0.5,20.0,
45579,2,car,2,1519.3,0.9216000000000001,0.256,green,0,22.154511434511434,50.0,0.5,20.0,
45580,2,car,2,1519.3333333333333,0.9216000000000001,0.256,green,0,22.11151767151767,50.0,0.5,20.0,
45581,2,car,2,1519.3666666666666,0.9216000000000001,0.256,green,0,22.068523908523908,50.0,0.5,20.0,
45582,2,car,2,1519.4,0.9216000000000001,0.256,green,0,22.025530145530144,50.0,0.5,20.0,
45583,2,car,2,1519.4333333333334,0.9216000000000001,0.256,green,0,21.98253638253638,50.0,0.5,20.0,
45584,2,car,2,1519.4666666666667,0.47880000000000006,0.133,green,0,21.939542619542618,50.0,0.5,20.0,
45585,2,car,2,1519.5,0.47880000000000006,0.133,green,0,21.896548856548858,50.0,0.5,20.0,
45586,2,car,2,1519.5333333333333,0.47880000000000006,0.133,green,0,21.853555093555094,50.0,0.5,20.0,
45587,2,car,2,1519.5666666666666,0.47880000000000006,0.133,green,0,21.81056133056133,50.0,0.5,20.0,
45588,2,car,2,1519.6,0.47880000000000006,0.133,green,0,21.767567567567568,50.0,0.5,20.0,
45589,2,car,2,1519.6333333333334,0.47880000000000006,0.133,green,0,21.724573804573804,50.0,0.5,20.0,
45590,2,car,2,1519.6666666666667,0.47880000000000006,0.133,green,0,21.68158004158004,50.0,0.5,20.0,
45591,2,car,2,1519.7,0.47880000000000006,0.133,green,0,21.638586278586278,50.0,0.5,20.0,
45592,2,car,2,1519.7333333333333,0.47880000000000006,0.133,green,0,21.595592515592514,50.0,0.5,20.0,
45593,2,car,2,1519.7666666666667,0.47880000000000006,0.133,green,0,21.55259875259875,50.0,0.5,20.0,
45594,2,car,2,1519.8,0.47880000000000006,0.133,green,0,21.509604989604988,50.0,0.5,20.0,
45595,2,car,2,1519.8333333333333,0.47880000000000006,0.133,green,0,21.466611226611228,50.0,0.5,20.0,
45596,2,car,2,1519.8666666666666,0.47880000000000006,0.133,green,0,21.423617463617465,50.0,0.5,20.0,
45597,2,car,2,1519.9,0.47880000000000006,0.133,green,0,21.3806237006237,50.0,0.5,20.0,
45598,2,car,2,1519.9333333333334,0.47880000000000006,0.133,green,0,21.337629937629938,50.0,0.5,20.0,
45599,2,car,2,1519.9666666666667,0.47880000000000006,0.133,green,0,21.294636174636175,50.0,0.5,20.0,
45600,2,car,2,1520.0,0.47880000000000006,0.133,green,0,21.25164241164241,50.0,0.5,20.0,
45601,2,car,2,1520.0333333333333,0.47880000000000006,0.133,green,0,21.208648648648648,50.0,0.5,20.0,
45602,2,car,2,1520.0666666666666,0.47880000000000006,0.133,green,0,21.165654885654885,50.0,0.5,20.0,
45603,2,car,2,1520.1,0.47880000000000006,0.133,green,0,21.12266112266112,50.0,0.5,20.0,
45604,2,car,2,1520.1333333333334,0.774,0.215,green,0,21.079667359667358,50.0,0.5,20.0,
45605,2,car,2,1520.1666666666667,0.774,0.215,green,0,21.036673596673598,50.0,0.5,20.0,
45606,2,car,2,1520.2,0.774,0.215,green,0,20.993679833679835,50.0,0.5,20.0,
45607,2,car,2,1520.2333333333333,0.774,0.215,green,0,20.95068607068607,50.0,0.5,20.0,
45608,2,car,2,1520.2666666666667,0.774,0.215,green,0,20.907692307692308,50.0,0.5,20.0,
45609,2,car,2,1520.3,0.774,0.215,green,0,20.864698544698545,50.0,0.5,20.0,
45610,2,car,2,1520.3333333333333,0.774,0.215,green,0,20.82170478170478,50.0,0.5,20.0,
45611,2,car,2,1520.3666666666666,0.774,0.215,green,0,20.778711018711018,50.0,0.5,20.0,
45612,2,car,2,1520.4,0.774,0.215,green,0,20.735717255717255,50.0,0.5,20.0,
45613,2,car,2,1520.4333333333334,0.774,0.215,green,0,20.69272349272349,50.0,0.5,20.0,
45614,2,car,2,1520.4666666666667,0.774,0.215,green,0,20.649729729729728,50.0,0.5,20.0,
45615,2,car,2,1520.5,0.774,0.215,green,0,20.606735966735965,50.0,0.5,20.0,
45616,2,car,2,1520.5333333333333,0.774,0.215,green,0,20.563742203742205,50.0,0.5,20.0,
45617,2,car,2,1520.5666666666666,0.774,0.215,green,0,20.52074844074844,50.0,0.5,20.0,
45618,2,car,2,1520.6,0.774,0.215,green,0,20.477754677754678,50.0,0.5,20.0,
45619,2,car,2,1520.6333333333334,0.774,0.215,green,0,20.434760914760915,50.0,0.5,20.0,
45620,2,car,2,1520.6666666666667,0.774,0.215,green,0,20.39176715176715,50.0,0.5,20.0,
45621,2,car,2,1520.7,0.774,0.215,green,0,20.348773388773388,50.0,0.5,20.0,
45622,2,car,2,1520.7333333333333,0.774,0.215,green,0,20.305779625779625,50.0,0.5,20.0,
45623,2,car,2,1520.7666666666667,0.774,0.215,green,0,20.26278586278586,50.0,0.5,20.0,
45624,2,car,2,1520.8,0.35640000000000005,0.099,green,0,20.219792099792098,50.0,0.5,10.0,
45625,2,car,2,1520.8333333333333,0.35640000000000005,0.099,green,0,20.176798336798335,50.0,0.5,10.0,
45626,2,car,2,1520.8666666666666,0.35640000000000005,0.099,green,0,20.133804573804575,50.0,0.5,10.0,
45627,2,car,2,1520.9,0.35640000000000005,0.099,green,0,20.09081081081081,50.0,0.5,10.0,
45628,2,car,2,1520.9333333333334,0.35640000000000005,0.099,green,0,20.04781704781705,50.0,0.5,10.0,
45629,2,car,2,1520.9666666666667,0.35640000000000005,0.099,green,0,20.004823284823285,50.0,0.5,10.0,
45630,2,car,2,1521.0,0.35640000000000005,0.099,green,0,19.96182952182952,50.0,0.5,10.0,
45631,2,car,2,1521.0333333333333,0.35640000000000005,0.099,green,0,19.91883575883576,50.0,0.5,10.0,
45632,2,car,2,1521.0666666666666,0.35640000000000005,0.099,green,0,19.875841995841995,50.0,0.5,10.0,
45633,2,car,2,1521.1,0.35640000000000005,0.099,green,0,19.83284823284823,50.0,0.5,10.0,
45634,2,car,2,1521.1333333333334,0.35640000000000005,0.099,green,0,19.78985446985447,50.0,0.5,10.0,
45635,2,car,2,1521.1666666666667,0.35640000000000005,0.099,green,0,19.746860706860705,50.0,0.5,10.0,
45636,2,car,2,1521.2,0.35640000000000005,0.099,green,0,19.703866943866945,50.0,0.5,10.0,
45637,2,car,2,1521.2333333333333,0.35640000000000005,0.099,green,0,19.660873180873182,50.0,0.5,10.0,
45638,2,car,2,1521.2666666666667,0.35640000000000005,0.099,green,0,19.61787941787942,50.0,0.5,10.0,
45639,2,car,2,1521.3,0.35640000000000005,0.099,green,0,19.574885654885655,50.0,0.5,10.0,
45640,2,car,2,1521.3333333333333,0.35640000000000005,0.099,green,0,19.531891891891892,50.0,0.5,10.0,
45641,2,car,2,1521.3666666666666,0.35640000000000005,0.099,green,0,19.48889812889813,50.0,0.5,10.0,
45642,2,car,2,1521.4,0.35640000000000005,0.099,green,0,19.445904365904365,50.0,0.5,10.0,
45643,2,car,2,1521.4333333333334,0.35640000000000005,0.099,green,0,19.4029106029106,50.0,0.5,10.0,
45644,2,car,2,1521.4666666666667,0.0936,0.026,green,0,19.35991683991684,50.0,0.5,10.0,
45645,2,car,2,1521.5,0.0936,0.026,green,0,19.316923076923075,50.0,0.5,10.0,
45646,2,car,2,1521.5333333333333,0.0936,0.026,green,0,19.273929313929315,50.0,0.5,10.0,
45647,2,car,2,1521.5666666666666,0.0936,0.026,green,0,19.230935550935552,50.0,0.5,10.0,
45648,2,car,2,1521.6,0.0936,0.026,green,0,19.18794178794179,50.0,0.5,10.0,
45649,2,car,2,1521.6333333333334,0.0936,0.026,green,0,19.144948024948025,50.0,0.5,10.0,
45650,2,car,2,1521.6666666666667,0.0936,0.026,green,0,19.101954261954262,50.0,0.5,10.0,
45651,2,car,2,1521.7,0.0936,0.026,green,0,19.0589604989605,50.0,0.5,10.0,
45652,2,car,2,1521.7333333333333,0.0936,0.026,green,0,19.015966735966735,50.0,0.5,10.0,
45653,2,car,2,1521.7666666666667,0.0936,0.026,green,0,18.972972972972972,50.0,0.5,10.0,
45654,2,car,2,1521.8,0.0936,0.026,green,0,18.92997920997921,50.0,0.5,10.0,
45655,2,car,2,1521.8333333333333,0.0936,0.026,green,0,18.886985446985445,50.0,0.5,10.0,
45656,2,car,2,1521.8666666666666,0.0936,0.026,green,0,18.843991683991682,50.0,0.5,10.0,
45657,2,car,2,1521.9,0.0936,0.026,green,0,18.800997920997922,50.0,0.5,10.0,
45658,2,car,2,1521.9333333333334,0.0936,0.026,green,0,18.75800415800416,50.0,0.5,10.0,
45659,2,car,2,1521.9666666666667,0.0936,0.026,green,0,18.715010395010395,50.0,0.5,10.0,
45660,2,car,2,1522.0,0.0936,0.026,green,0,18.672016632016632,50.0,0.5,10.0,
45661,2,car,2,1522.0333333333333,0.0936,0.026,green,0,18.62902286902287,50.0,0.5,10.0,
45662,2,car,2,1522.0666666666666,0.0936,0.026,green,0,18.586029106029105,50.0,0.5,10.0,
45663,2,car,2,1522.1,0.0936,0.026,green,0,18.543035343035342,50.0,0.5,10.0,
45664,2,car,2,1522.1333333333334,1.746,0.485,green,0,18.50004158004158,50.0,0.5,20.0,
45665,2,car,2,1522.1666666666667,1.746,0.485,green,0,18.457047817047815,50.0,0.5,20.0,
45666,2,car,2,1522.2,1.746,0.485,green,0,18.414054054054052,50.0,0.5,20.0,
45667,2,car,2,1522.2333333333333,1.746,0.485,green,0,18.371060291060292,50.0,0.5,20.0,
45668,2,car,2,1522.2666666666667,1.746,0.485,green,0,18.32806652806653,50.0,0.5,20.0,
45669,2,car,2,1522.3,1.746,0.485,green,0,18.285072765072766,50.0,0.5,20.0,
45670,2,car,2,1522.3333333333333,1.746,0.485,green,0,18.242079002079002,50.0,0.5,20.0,
45671,2,car,2,1522.3666666666666,1.746,0.485,green,0,18.19908523908524,50.0,0.5,20.0,
45672,2,car,2,1522.4,1.746,0.485,green,0,18.156091476091476,50.0,0.5,20.0,
45673,2,car,2,1522.4333333333334,1.746,0.485,green,0,18.113097713097712,50.0,0.5,20.0,
45674,2,car,2,1522.4666666666667,1.746,0.485,green,0,18.07010395010395,50.0,0.5,20.0,
45675,2,car,2,1522.5,1.746,0.485,green,0,18.027110187110186,50.0,0.5,20.0,
45676,2,car,2,1522.5333333333333,1.746,0.485,green,0,17.984116424116422,50.0,0.5,20.0,
45677,2,car,2,1522.5666666666666,1.746,0.485,green,0,17.941122661122662,50.0,0.5,20.0,
45678,2,car,2,1522.6,1.746,0.485,green,0,17.8981288981289,50.0,0.5,20.0,
45679,2,car,2,1522.6333333333334,1.746,0.485,green,0,17.855135135135136,50.0,0.5,20.0,
45680,2,car,2,1522.6666666666667,1.746,0.485,green,0,17.812141372141372,50.0,0.5,20.0,
45681,2,car,2,1522.7,1.746,0.485,green,0,17.76914760914761,50.0,0.5,20.0,
45682,2,car,2,1522.7333333333333,1.746,0.485,green,0,17.726153846153846,50.0,0.5,20.0,
45683,2,car,2,1522.7666666666667,1.7532,0.487,green,0,17.683160083160082,50.0,0.5,20.0,
45684,2,car,2,1522.8,1.7532,0.487,green,0,17.64016632016632,50.0,0.5,20.0,
45685,2,car,2,1522.8333333333333,1.7532,0.487,green,0,17.597172557172556,50.0,0.5,20.0,
45686,2,car,2,1522.8666666666666,1.7532,0.487,green,0,17.554178794178792,50.0,0.5,20.0,
45687,2,car,2,1522.9,1.7532,0.487,green,0,17.511185031185033,50.0,0.5,20.0,
45688,2,car,2,1522.9333333333334,1.7532,0.487,green,0,17.46819126819127,50.0,0.5,20.0,
45689,2,car,2,1522.9666666666667,1.7532,0.487,green,0,17.425197505197506,50.0,0.5,20.0,
45690,2,car,2,1523.0,1.7532,0.487,green,0,17.382203742203743,50.0,0.5,20.0,
45691,2,car,2,1523.0333333333333,1.7532,0.487,green,0,17.33920997920998,50.0,0.5,20.0,
45692,2,car,2,1523.0666666666666,1.7532,0.487,green,0,17.296216216216216,50.0,0.5,20.0,
45693,2,car,2,1523.1,1.7532,0.487,green,0,17.253222453222453,50.0,0.5,20.0,
45694,2,car,2,1523.1333333333334,1.7532,0.487,green,0,17.21022869022869,50.0,0.5,20.0,
45695,2,car,2,1523.1666666666667,1.7532,0.487,green,0,17.167234927234926,50.0,0.5,20.0,
45696,2,car,2,1523.2,1.7532,0.487,green,0,17.124241164241162,50.0,0.5,20.0,
45697,2,car,2,1523.2333333333333,1.7532,0.487,green,0,17.081247401247403,50.0,0.5,20.0,
45698,2,car,2,1523.2666666666667,1.7532,0.487,green,0,17.03825363825364,50.0,0.5,20.0,
45699,2,car,2,1523.3,1.7532,0.487,green,0,16.995259875259876,50.0,0.5,20.0,
45700,2,car,2,1523.3333333333333,1.7532,0.487,green,0,16.952266112266113,50.0,0.5,20.0,
45701,2,car,2,1523.3666666666666,1.7532,0.487,green,0,16.90927234927235,50.0,0.5,20.0,
45702,2,car,2,1523.4,1.7532,0.487,green,0,16.866278586278586,50.0,0.5,20.0,
45703,2,car,2,1523.4333333333334,1.1952,0.332,green,0,16.823284823284823,50.0,0.5,20.0,
45704,2,car,2,1523.4666666666667,1.1952,0.332,green,0,16.78029106029106,50.0,0.5,20.0,
45705,2,car,2,1523.5,1.1952,0.332,green,0,16.737297297297296,50.0,0.5,20.0,
45706,2,car,2,1523.5333333333333,1.1952,0.332,green,0,16.694303534303533,50.0,0.5,20.0,
45707,2,car,2,1523.5666666666666,1.1952,0.332,green,0,16.65130977130977,50.0,0.5,20.0,
45708,2,car,2,1523.6,1.1952,0.332,green,0,16.60831600831601,50.0,0.5,20.0,
45709,2,car,2,1523.6333333333334,1.1952,0.332,green,0,16.565322245322246,50.0,0.5,20.0,
45710,2,car,2,1523.6666666666667,1.1952,0.332,green,0,16.522328482328483,50.0,0.5,20.0,
45711,2,car,2,1523.7,1.1952,0.332,green,0,16.47933471933472,50.0,0.5,20.0,
45712,2,car,2,1523.7333333333333,1.1952,0.332,green,0,16.436340956340956,50.0,0.5,20.0,
45713,2,car,2,1523.7666666666667,1.1952,0.332,green,0,16.393347193347193,50.0,0.5,20.0,
45714,2,car,2,1523.8,1.1952,0.332,green,0,16.35035343035343,50.0,0.5,20.0,
45715,2,car,2,1523.8333333333333,1.1952,0.332,green,0,16.307359667359666,50.0,0.5,20.0,
45716,2,car,2,1523.8666666666666,1.1952,0.332,green,0,16.264365904365903,50.0,0.5,20.0,
45717,2,car,2,1523.9,1.1952,0.332,green,0,16.22137214137214,50.0,0.5,20.0,
45718,2,car,2,1523.9333333333334,1.1952,0.332,green,0,16.17837837837838,50.0,0.5,20.0,
45719,2,car,2,1523.9666666666667,1.1952,0.332,green,0,16.135384615384616,50.0,0.5,20.0,
45720,2,car,2,1524.0,1.1952,0.332,green,0,16.092390852390853,50.0,0.5,20.0,
45721,2,car,2,1524.0333333333333,1.1952,0.332,green,0,16.04939708939709,50.0,0.5,20.0,
45722,2,car,2,1524.0666666666666,1.0224,0.284,green,0,16.006403326403326,50.0,0.5,20.0,
45723,2,car,2,1524.1,1.0224,0.284,green,0,15.963409563409563,50.0,0.5,20.0,
45724,2,car,2,1524.1333333333334,1.0224,0.284,green,0,15.9204158004158,50.0,0.5,20.0,
45725,2,car,2,1524.1666666666667,1.0224,0.284,green,0,15.877422037422036,50.0,0.5,20.0,
45726,2,car,2,1524.2,1.0224,0.284,green,0,15.834428274428273,50.0,0.5,20.0,
45727,2,car,2,1524.2333333333333,1.0224,0.284,green,0,15.79143451143451,50.0,0.5,20.0,
45728,2,car,2,1524.2666666666667,1.0224,0.284,green,0,15.74844074844075,50.0,0.5,20.0,
45729,2,car,2,1524.3,1.0224,0.284,green,0,15.705446985446986,50.0,0.5,20.0,
45730,2,car,2,1524.3333333333333,1.0224,0.284,green,0,15.662453222453223,50.0,0.5,20.0,
45731,2,car,2,1524.3666666666666,1.0224,0.284,green,0,15.61945945945946,50.0,0.5,20.0,
45732,2,car,2,1524.4,1.0224,0.284,green,0,15.576465696465696,50.0,0.5,20.0,
45733,2,car,2,1524.4333333333334,1.0224,0.284,green,0,15.533471933471933,50.0,0.5,20.0,
45734,2,car,2,1524.4666666666667,1.0224,0.284,green,0,15.49047817047817,50.0,0.5,20.0,
45735,2,car,2,1524.5,1.0224,0.284,green,0,15.447484407484406,50.0,0.5,20.0,
45736,2,car,2,1524.5333333333333,1.0224,0.284,green,0,15.404490644490643,50.0,0.5,20.0,
45737,2,car,2,1524.5666666666666,1.0224,0.284,green,0,15.36149688149688,50.0,0.5,20.0,
45738,2,car,2,1524.6,1.0224,0.284,green,0,15.31850311850312,50.0,0.5,20.0,
45739,2,car,2,1524.6333333333334,1.0224,0.284,green,0,15.275509355509357,50.0,0.5,20.0,
45740,2,car,2,1524.6666666666667,1.0224,0.284,green,0,15.232515592515593,50.0,0.5,20.0,
45741,2,car,2,1524.7,1.0224,0.284,green,0,15.18952182952183,50.0,0.5,20.0,
45742,2,car,2,1524.7333333333333,0.9972000000000001,0.277,green,0,15.146528066528067,50.0,0.5,20.0,
45743,2,car,2,1524.7666666666667,0.9972000000000001,0.277,green,0,15.103534303534303,50.0,0.5,20.0,
45744,2,car,2,1524.8,0.9972000000000001,0.277,green,0,15.06054054054054,50.0,0.5,20.0,
45745,2,car,2,1524.8333333333333,0.9972000000000001,0.277,green,0,15.017546777546777,50.0,0.5,20.0,
45746,2,car,2,1524.8666666666666,0.9972000000000001,0.277,green,0,14.974553014553013,50.0,0.5,20.0,
45747,2,car,2,1524.9,0.9972000000000001,0.277,green,0,14.93155925155925,50.0,0.5,20.0,
45748,2,car,2,1524.9333333333334,0.9972000000000001,0.277,green,0,14.888565488565487,50.0,0.5,20.0,
45749,2,car,2,1524.9666666666667,0.9972000000000001,0.277,green,0,14.845571725571727,50.0,0.5,20.0,
45750,2,car,2,1525.0,0.9972000000000001,0.277,green,0,14.802577962577963,50.0,0.5,20.0,
45751,2,car,2,1525.0333333333333,0.9972000000000001,0.277,green,0,14.7595841995842,50.0,0.5,20.0,
45752,2,car,2,1525.0666666666666,0.9972000000000001,0.277,green,0,14.716590436590437,50.0,0.5,20.0,
45753,2,car,2,1525.1,0.9972000000000001,0.277,green,0,14.673596673596673,50.0,0.5,20.0,
45754,2,car,2,1525.1333333333334,0.9972000000000001,0.277,green,0,14.63060291060291,50.0,0.5,20.0,
45755,2,car,2,1525.1666666666667,0.9972000000000001,0.277,green,0,14.587609147609147,50.0,0.5,20.0,
45756,2,car,2,1525.2,0.9972000000000001,0.277,green,0,14.544615384615383,50.0,0.5,20.0,
45757,2,car,2,1525.2333333333333,0.9972000000000001,0.277,green,0,14.50162162162162,50.0,0.5,20.0,
45758,2,car,2,1525.2666666666667,0.9972000000000001,0.277,green,0,14.458627858627857,50.0,0.5,20.0,
45759,2,car,2,1525.3,0.9972000000000001,0.277,green,0,14.415634095634097,50.0,0.5,20.0,
45760,2,car,2,1525.3333333333333,0.9972000000000001,0.277,green,0,14.372640332640334,50.0,0.5,20.0,
45761,2,car,2,1525.3666666666666,1.6056000000000001,0.446,green,0,14.32964656964657,50.0,0.5,20.0,
45762,2,car,2,1525.4,1.6056000000000001,0.446,green,0,14.286652806652803,50.0,0.5,20.0,
45763,2,car,2,1525.4333333333334,1.6056000000000001,0.446,green,0,14.243659043659044,50.0,0.5,20.0,
45764,2,car,2,1525.4666666666667,1.6056000000000001,0.446,green,0,14.200665280665284,50.0,0.5,20.0,
45765,2,car,2,1525.5,1.6056000000000001,0.446,green,0,14.157671517671517,50.0,0.5,20.0,
45766,2,car,2,1525.5333333333333,1.6056000000000001,0.446,green,0,14.114677754677757,50.0,0.5,20.0,
45767,2,car,2,1525.5666666666666,1.6056000000000001,0.446,green,0,14.07168399168399,50.0,0.5,20.0,
45768,2,car,2,1525.6,1.6056000000000001,0.446,green,0,14.02869022869023,50.0,0.5,20.0,
45769,2,car,2,1525.6333333333334,1.6056000000000001,0.446,green,0,13.985696465696464,50.0,0.5,20.0,
45770,2,car,2,1525.6666666666667,1.6056000000000001,0.446,green,0,13.942702702702704,50.0,0.5,20.0,
45771,2,car,2,1525.7,1.6056000000000001,0.446,green,0,13.899708939708937,50.0,0.5,20.0,
45772,2,car,2,1525.7333333333333,1.6056000000000001,0.446,green,0,13.856715176715177,50.0,0.5,20.0,
45773,2,car,2,1525.7666666666667,1.6056000000000001,0.446,green,0,13.81372141372141,50.0,0.5,20.0,
45774,2,car,2,1525.8,1.6056000000000001,0.446,green,0,13.77072765072765,50.0,0.5,20.0,
45775,2,car,2,1525.8333333333333,1.6056000000000001,0.446,green,0,13.72773388773389,50.0,0.5,20.0,
45776,2,car,2,1525.8666666666666,1.6056000000000001,0.446,green,0,13.684740124740124,50.0,0.5,20.0,
45777,2,car,2,1525.9,1.6056000000000001,0.446,green,0,13.641746361746364,50.0,0.5,20.0,
45778,2,car,2,1525.9333333333334,1.6056000000000001,0.446,green,0,13.598752598752597,50.0,0.5,20.0,
45779,2,car,2,1525.9666666666667,1.6056000000000001,0.446,green,0,13.555758835758837,50.0,0.5,20.0,
45780,2,car,2,1526.0,1.6056000000000001,0.446,green,0,13.51276507276507,50.0,0.5,20.0,
45781,2,car,2,1526.0333333333333,1.5876000000000001,0.441,green,0,13.46977130977131,50.0,0.5,20.0,
45782,2,car,2,1526.0666666666666,1.5876000000000001,0.441,green,0,13.426777546777544,50.0,0.5,20.0,
45783,2,car,2,1526.1,1.5876000000000001,0.441,green,0,13.383783783783784,50.0,0.5,20.0,
45784,2,car,2,1526.1333333333334,1.5876000000000001,0.441,green,0,13.340790020790024,50.0,0.5,20.0,
45785,2,car,2,1526.1666666666667,1.5876000000000001,0.441,green,0,13.297796257796257,50.0,0.5,20.0,
45786,2,car,2,1526.2,1.5876000000000001,0.441,green,0,13.254802494802497,50.0,0.5,20.0,
45787,2,car,2,1526.2333333333333,1.5876000000000001,0.441,green,0,13.21180873180873,50.0,0.5,20.0,
45788,2,car,2,1526.2666666666667,1.5876000000000001,0.441,green,0,13.16881496881497,50.0,0.5,20.0,
45789,2,car,2,1526.3,1.5876000000000001,0.441,green,0,13.125821205821204,50.0,0.5,20.0,
45790,2,car,2,1526.3333333333333,1.5876000000000001,0.441,green,0,13.082827442827444,50.0,0.5,20.0,
45791,2,car,2,1526.3666666666666,1.5876000000000001,0.441,green,0,13.039833679833677,50.0,0.5,20.0,
45792,2,car,2,1526.4,1.5876000000000001,0.441,green,0,12.996839916839917,50.0,0.5,20.0,
45793,2,car,2,1526.4333333333334,1.5876000000000001,0.441,green,0,12.95384615384615,50.0,0.5,20.0,
45794,2,car,2,1526.4666666666667,1.5876000000000001,0.441,green,0,12.91085239085239,50.0,0.5,20.0,
45795,2,car,2,1526.5,1.5876000000000001,0.441,green,0,12.86785862785863,50.0,0.5,20.0,
45796,2,car,2,1526.5333333333333,1.5876000000000001,0.441,green,0,12.824864864864864,50.0,0.5,20.0,
45797,2,car,2,1526.5666666666666,1.5876000000000001,0.441,green,0,12.781871101871104,50.0,0.5,20.0,
45798,2,car,2,1526.6,1.5876000000000001,0.441,green,0,12.738877338877337,50.0,0.5,20.0,
45799,2,car,2,1526.6333333333334,1.5876000000000001,0.441,green,0,12.695883575883578,50.0,0.5,20.0,
45800,2,car,2,1526.6666666666667,1.5876000000000001,0.441,green,0,12.65288981288981,50.0,0.5,20.0,
45801,2,car,2,1526.7,1.5876000000000001,0.441,green,0,12.60989604989605,50.0,0.5,20.0,
45802,2,car,2,1526.7333333333333,1.5876000000000001,0.441,green,0,12.566902286902284,50.0,0.5,20.0,
45803,2,car,2,1526.7666666666667,1.5876000000000001,0.441,green,0,12.523908523908524,50.0,0.5,20.0,
45804,2,car,2,1526.8,1.5876000000000001,0.441,green,0,12.480914760914757,50.0,0.5,20.0,
45805,2,car,2,1526.8333333333333,1.5876000000000001,0.441,green,0,12.437920997920997,50.0,0.5,20.0,
45806,2,car,2,1526.8666666666666,1.5876000000000001,0.441,green,0,12.394927234927238,50.0,0.5,20.0,
45807,2,car,2,1526.9,1.5876000000000001,0.441,green,0,12.35193347193347,50.0,0.5,20.0,
45808,2,car,2,1526.9333333333334,1.5876000000000001,0.441,green,0,12.308939708939711,50.0,0.5,20.0,
45809,2,car,2,1526.9666666666667,1.5876000000000001,0.441,green,0,12.265945945945944,50.0,0.5,20.0,
45810,2,car,2,1527.0,1.5876000000000001,0.441,green,0,12.222952182952184,50.0,0.5,20.0,
45811,2,car,2,1527.0333333333333,1.5876000000000001,0.441,green,0,12.179958419958417,50.0,0.5,20.0,
45812,2,car,2,1527.0666666666666,1.5876000000000001,0.441,green,0,12.136964656964658,50.0,0.5,20.0,
45813,2,car,2,1527.1,1.5876000000000001,0.441,green,0,12.09397089397089,50.0,0.5,20.0,
45814,2,car,2,1527.1333333333334,1.5876000000000001,0.441,green,0,12.050977130977131,50.0,0.5,20.0,
45815,2,car,2,1527.1666666666667,1.5876000000000001,0.441,green,0,12.007983367983371,50.0,0.5,20.0,
45816,2,car,2,1527.2,1.5876000000000001,0.441,green,0,11.964989604989604,50.0,0.5,20.0,
45817,2,car,2,1527.2333333333333,1.5876000000000001,0.441,green,0,11.921995841995845,50.0,0.5,20.0,
45818,2,car,2,1527.2666666666667,1.5876000000000001,0.441,green,0,11.879002079002078,50.0,0.5,20.0,
45819,2,car,2,1527.3,1.5876000000000001,0.441,green,0,11.836008316008318,50.0,0.5,20.0,
45820,2,car,2,1527.3333333333333,1.7352,0.482,green,0,11.793014553014551,50.0,0.5,20.0,
45821,2,car,2,1527.3666666666666,1.7352,0.482,green,0,11.750020790020791,50.0,0.5,20.0,
45822,2,car,2,1527.4,1.7352,0.482,green,0,11.707027027027024,50.0,0.5,20.0,
45823,2,car,2,1527.4333333333334,1.7352,0.482,green,0,11.664033264033264,50.0,0.5,20.0,
45824,2,car,2,1527.4666666666667,1.7352,0.482,green,0,11.621039501039498,50.0,0.5,20.0,
45825,2,car,2,1527.5,1.7352,0.482,green,0,11.578045738045738,50.0,0.5,20.0,
45826,2,car,2,1527.5333333333333,1.7352,0.482,green,0,11.535051975051978,50.0,0.5,20.0,
45827,2,car,2,1527.5666666666666,1.7352,0.482,green,0,11.492058212058211,50.0,0.5,20.0,
45828,2,car,2,1527.6,1.7352,0.482,green,0,11.449064449064451,50.0,0.5,20.0,
45829,2,car,2,1527.6333333333334,1.7352,0.482,green,0,11.406070686070684,50.0,0.5,20.0,
45830,2,car,2,1527.6666666666667,1.7352,0.482,green,0,11.363076923076925,50.0,0.5,20.0,
45831,2,car,2,1527.7,1.7352,0.482,green,0,11.320083160083158,50.0,0.5,20.0,
45832,2,car,2,1527.7333333333333,1.7352,0.482,green,0,11.277089397089398,50.0,0.5,20.0,
45833,2,car,2,1527.7666666666667,1.7352,0.482,green,0,11.234095634095631,50.0,0.5,20.0,
45834,2,car,2,1527.8,1.7352,0.482,green,0,11.191101871101871,50.0,0.5,20.0,
45835,2,car,2,1527.8333333333333,1.7352,0.482,green,0,11.148108108108104,50.0,0.5,20.0,
45836,2,car,2,1527.8666666666666,1.7352,0.482,green,0,11.105114345114345,50.0,0.5,20.0,
45837,2,car,2,1527.9,1.7352,0.482,green,0,11.062120582120585,50.0,0.5,20.0,
45838,2,car,2,1527.9333333333334,1.7352,0.482,green,0,11.019126819126818,50.0,0.5,20.0,
45839,2,car,2,1527.9666666666667,1.7856,0.496,green,0,10.976133056133058,50.0,0.5,20.0,
45840,2,car,2,1528.0,1.7856,0.496,green,0,10.933139293139291,50.0,0.5,20.0,
45841,2,car,2,1528.0333333333333,1.7856,0.496,green,0,10.890145530145531,50.0,0.5,20.0,
45842,2,car,2,1528.0666666666666,1.7856,0.496,green,0,10.847151767151765,50.0,0.5,20.0,
45843,2,car,2,1528.1,1.7856,0.496,green,0,10.804158004158005,50.0,0.5,20.0,
45844,2,car,2,1528.1333333333334,1.7856,0.496,green,0,10.761164241164238,50.0,0.5,20.0,
45845,2,car,2,1528.1666666666667,1.7856,0.496,green,0,10.718170478170478,50.0,0.5,20.0,
45846,2,car,2,1528.2,1.7856,0.496,green,0,10.675176715176718,50.0,0.5,20.0,
45847,2,car,2,1528.2333333333333,1.7856,0.496,green,0,10.632182952182951,50.0,0.5,20.0,
45848,2,car,2,1528.2666666666667,1.7856,0.496,green,0,10.589189189189192,50.0,0.5,20.0,
45849,2,car,2,1528.3,1.7856,0.496,green,0,10.546195426195425,50.0,0.5,20.0,
45850,2,car,2,1528.3333333333333,1.7856,0.496,green,0,10.503201663201665,50.0,0.5,20.0,
45851,2,car,2,1528.3666666666666,1.7856,0.496,green,0,10.460207900207898,50.0,0.5,20.0,
45852,2,car,2,1528.4,1.7856,0.496,green,0,10.417214137214138,50.0,0.5,20.0,
45853,2,car,2,1528.4333333333334,1.7856,0.496,green,0,10.374220374220371,50.0,0.5,20.0,
45854,2,car,2,1528.4666666666667,1.7856,0.496,green,0,10.331226611226612,50.0,0.5,20.0,
45855,2,car,2,1528.5,1.7856,0.496,green,0,10.288232848232845,50.0,0.5,20.0,
45856,2,car,2,1528.5333333333333,1.7856,0.496,green,0,10.245239085239085,50.0,0.5,20.0,
45857,2,car,2,1528.5666666666666,1.7856,0.496,green,0,10.202245322245325,50.0,0.5,20.0,
45858,2,car,2,1528.6,1.7856,0.496,green,0,10.159251559251558,50.0,0.5,20.0,
45859,2,car,2,1528.6333333333334,2.2356000000000003,0.621,green,0,10.116257796257798,50.0,0.5,16.290270203313685,
45860,2,car,2,1528.6666666666667,2.2356000000000003,0.621,green,0,10.073264033264032,50.0,0.5,16.221037090602305,
45861,2,car,2,1528.7,2.2356000000000003,0.621,green,0,10.030270270270272,50.0,0.5,16.151803977890935,
45862,2,car,2,1528.7333333333333,2.2356000000000003,0.621,green,0,9.987276507276505,50.0,0.5,16.08257086517956,
45863,2,car,2,1528.7666666666667,2.2356000000000003,0.621,green,0,9.944282744282745,50.0,0.5,16.01333775246819,
45864,2,car,2,1528.8,2.2356000000000003,0.621,green,0,9.901288981288978,50.0,0.5,15.944104639756809,
45865,2,car,2,1528.8333333333333,2.2356000000000003,0.621,green,0,9.858295218295218,50.0,0.5,15.87487152704544,
45866,2,car,2,1528.8666666666666,2.2356000000000003,0.621,green,0,9.815301455301459,50.0,0.5,15.805638414334071,
45867,2,car,2,1528.9,2.2356000000000003,0.621,green,0,9.772307692307692,50.0,0.5,15.736405301622693,
45868,2,car,2,1528.9333333333334,2.2356000000000003,0.621,green,0,9.729313929313932,50.0,0.5,15.667172188911323,
45869,2,car,2,1528.9666666666667,2.2356000000000003,0.621,green,0,9.686320166320165,50.0,0.5,15.597939076199944,
45870,2,car,2,1529.0,2.2356000000000003,0.621,green,0,9.643326403326405,50.0,0.5,15.528705963488575,
45871,2,car,2,1529.0333333333333,2.2356000000000003,0.621,green,0,9.600332640332638,50.0,0.5,15.459472850777196,
45872,2,car,2,1529.0666666666666,2.2356000000000003,0.621,green,0,9.557338877338879,50.0,0.5,15.390239738065826,
45873,2,car,2,1529.1,2.2356000000000003,0.621,green,0,9.514345114345112,50.0,0.5,15.321006625354448,
45874,2,car,2,1529.1333333333334,2.2356000000000003,0.621,green,0,9.471351351351352,50.0,0.5,15.251773512643078,
45875,2,car,2,1529.1666666666667,2.2356000000000003,0.621,green,0,9.428357588357585,50.0,0.5,15.1825403999317,
45876,2,car,2,1529.2,2.2356000000000003,0.621,green,0,9.385363825363825,50.0,0.5,15.11330728722033,
45877,2,car,2,1529.2333333333333,2.2356000000000003,0.621,green,0,9.342370062370065,50.0,0.5,15.044074174508962,
45878,2,car,2,1529.2666666666667,2.2356000000000003,0.621,green,0,9.299376299376299,50.0,0.5,14.974841061797582,
45879,2,car,2,1529.3,1.7064,0.474,green,0,9.256382536382539,50.0,0.5,19.52823319911928,
45880,2,car,2,1529.3333333333333,1.7064,0.474,green,0,9.213388773388772,50.0,0.5,19.43752905778222,
45881,2,car,2,1529.3666666666666,1.7064,0.474,green,0,9.170395010395012,50.0,0.5,19.346824916445176,
45882,2,car,2,1529.4,1.7064,0.474,green,0,9.127401247401245,50.0,0.5,19.256120775108112,
45883,2,car,2,1529.4333333333334,1.7064,0.474,green,0,9.084407484407485,50.0,0.5,19.165416633771066,
45884,2,car,2,1529.4666666666667,1.7064,0.474,green,0,9.041413721413718,50.0,0.5,19.074712492434006,
45885,2,car,2,1529.5,1.7064,0.474,green,0,8.998419958419959,50.0,0.5,18.98400835109696,
45886,2,car,2,1529.5333333333333,1.7064,0.474,green,0,8.955426195426192,50.0,0.5,18.8933042097599,
45887,2,car,2,1529.5666666666666,1.7064,0.474,green,0,8.912432432432432,50.0,0.5,18.802600068422855,
45888,2,car,2,1529.6,1.7064,0.474,green,0,8.869438669438672,50.0,0.5,18.711895927085806,
45889,2,car,2,1529.6333333333334,1.7064,0.474,green,0,8.826444906444905,50.0,0.5,18.621191785748746,
45890,2,car,2,1529.6666666666667,1.7064,0.474,green,0,8.783451143451146,50.0,0.5,18.5304876444117,
45891,2,car,2,1529.7,1.7064,0.474,green,0,8.740457380457379,50.0,0.5,18.43978350307464,
45892,2,car,2,1529.7333333333333,1.7064,0.474,green,0,8.697463617463619,50.0,0.5,18.349079361737594,
45893,2,car,2,1529.7666666666667,1.7064,0.474,green,0,8.654469854469852,50.0,0.5,18.25837522040053,
45894,2,car,2,1529.8,1.7064,0.474,green,0,8.611476091476092,50.0,0.5,18.167671079063485,
45895,2,car,2,1529.8333333333333,1.7064,0.474,green,0,8.568482328482325,50.0,0.5,18.076966937726425,
45896,2,car,2,1529.8666666666666,1.7064,0.474,green,0,8.525488565488565,50.0,0.5,17.98626279638938,
45897,2,car,2,1529.9,1.7064,0.474,green,0,8.482494802494806,50.0,0.5,17.895558655052334,
45898,2,car,2,1529.9333333333334,1.7064,0.474,green,0,8.439501039501039,50.0,0.5,17.804854513715274,
45899,2,car,2,1529.9666666666667,0.648,0.18,green,0,8.396507276507279,50.0,0.5,20.0,
45900,2,car,2,1530.0,0.648,0.18,green,0,8.353513513513512,50.0,0.5,20.0,
45901,2,car,2,1530.0333333333333,0.648,0.18,green,0,8.310519750519752,50.0,0.5,20.0,
45902,2,car,2,1530.0666666666666,0.648,0.18,green,0,8.267525987525985,50.0,0.5,20.0,
45903,2,car,2,1530.1,0.648,0.18,green,0,8.224532224532226,50.0,0.5,20.0,
45904,2,car,2,1530.1333333333334,0.648,0.18,green,0,8.181538461538459,50.0,0.5,20.0,
45905,2,car,2,1530.1666666666667,0.648,0.18,green,0,8.138544698544699,50.0,0.5,20.0,
45906,2,car,2,1530.2,0.648,0.18,green,0,8.095550935550932,50.0,0.5,20.0,
45907,2,car,2,1530.2333333333333,0.648,0.18,green,0,8.052557172557172,50.0,0.5,20.0,
45908,2,car,2,1530.2666666666667,0.648,0.18,green,0,8.009563409563413,50.0,0.5,20.0,
45909,2,car,2,1530.3,0.648,0.18,green,0,7.966569646569646,50.0,0.5,20.0,
45910,2,car,2,1530.3333333333333,0.648,0.18,green,0,7.923575883575886,50.0,0.5,20.0,
45911,2,car,2,1530.3666666666666,0.648,0.18,green,0,7.880582120582119,50.0,0.5,20.0,
45912,2,car,2,1530.4,0.648,0.18,green,0,7.837588357588359,50.0,0.5,20.0,
45913,2,car,2,1530.4333333333334,0.648,0.18,green,0,7.794594594594592,50.0,0.5,20.0,
45914,2,car,2,1530.4666666666667,0.648,0.18,green,0,7.7516008316008325,50.0,0.5,20.0,
45915,2,car,2,1530.5,0.648,0.18,green,0,7.708607068607066,50.0,0.5,20.0,
45916,2,car,2,1530.5333333333333,0.648,0.18,green,0,7.665613305613306,50.0,0.5,20.0,
45917,2,car,2,1530.5666666666666,0.648,0.18,green,0,7.622619542619539,50.0,0.5,20.0,
45918,2,car,2,1530.6,0.648,0.18,green,0,7.579625779625779,50.0,0.5,20.0,
45919,2,car,2,1530.6333333333334,0.35640000000000005,0.099,green,0,7.536632016632019,50.0,0.5,10.0,
45920,2,car,2,1530.6666666666667,0.35640000000000005,0.099,green,0,7.493638253638252,50.0,0.5,10.0,
45921,2,car,2,1530.7,0.35640000000000005,0.099,green,0,7.450644490644493,50.0,0.5,10.0,
45922,2,car,2,1530.7333333333333,0.35640000000000005,0.099,green,0,7.407650727650726,50.0,0.5,10.0,
45923,2,car,2,1530.7666666666667,0.35640000000000005,0.099,green,0,7.364656964656966,50.0,0.5,10.0,
45924,2,car,2,1530.8,0.35640000000000005,0.099,green,0,7.321663201663199,50.0,0.5,10.0,
45925,2,car,2,1530.8333333333333,0.35640000000000005,0.099,green,0,7.278669438669439,50.0,0.5,10.0,
45926,2,car,2,1530.8666666666666,0.35640000000000005,0.099,green,0,7.235675675675672,50.0,0.5,10.0,
45927,2,car,2,1530.9,0.35640000000000005,0.099,green,0,7.192681912681913,50.0,0.5,10.0,
45928,2,car,2,1530.9333333333334,0.35640000000000005,0.099,green,0,7.149688149688153,50.0,0.5,10.0,
45929,2,car,2,1530.9666666666667,0.35640000000000005,0.099,green,0,7.106694386694386,50.0,0.5,10.0,
45930,2,car,2,1531.0,0.35640000000000005,0.099,green,0,7.063700623700626,50.0,0.5,10.0,
45931,2,car,2,1531.0333333333333,0.35640000000000005,0.099,green,0,7.020706860706859,50.0,0.5,10.0,
45932,2,car,2,1531.0666666666666,0.35640000000000005,0.099,green,0,6.977713097713099,50.0,0.5,10.0,
45933,2,car,2,1531.1,0.35640000000000005,0.099,green,0,6.9347193347193326,50.0,0.5,10.0,
45934,2,car,2,1531.1333333333334,0.35640000000000005,0.099,green,0,6.891725571725573,50.0,0.5,10.0,
45935,2,car,2,1531.1666666666667,0.35640000000000005,0.099,green,0,6.848731808731806,50.0,0.5,10.0,
45936,2,car,2,1531.2,0.35640000000000005,0.099,green,0,6.805738045738046,50.0,0.5,10.0,
45937,2,car,2,1531.2333333333333,0.35640000000000005,0.099,green,0,6.762744282744279,50.0,0.5,10.0,
45938,2,car,2,1531.2666666666667,0.35640000000000005,0.099,green,0,6.719750519750519,50.0,0.5,10.0,
45939,2,car,2,1531.3,0.23040000000000002,0.064,green,0,6.67675675675676,50.0,0.5,10.0,
45940,2,car,2,1531.3333333333333,0.23040000000000002,0.064,green,0,6.633762993762993,50.0,0.5,10.0,
45941,2,car,2,1531.3666666666666,0.23040000000000002,0.064,green,0,6.590769230769233,50.0,0.5,10.0,
45942,2,car,2,1531.4,0.23040000000000002,0.064,green,0,6.547775467775466,50.0,0.5,10.0,
45943,2,car,2,1531.4333333333334,0.23040000000000002,0.064,green,0,6.504781704781706,50.0,0.5,10.0,
45944,2,car,2,1531.4666666666667,0.23040000000000002,0.064,green,0,6.461787941787939,50.0,0.5,10.0,
45945,2,car,2,1531.5,0.23040000000000002,0.064,green,0,6.41879417879418,50.0,0.5,10.0,
45946,2,car,2,1531.5333333333333,0.23040000000000002,0.064,green,0,6.375800415800413,50.0,0.5,10.0,
45947,2,car,2,1531.5666666666666,0.23040000000000002,0.064,green,0,6.332806652806653,50.0,0.5,10.0,
45948,2,car,2,1531.6,0.23040000000000002,0.064,green,0,6.289812889812893,50.0,0.5,10.0,
45949,2,car,2,1531.6333333333334,0.23040000000000002,0.064,green,0,6.246819126819126,50.0,0.5,10.0,
45950,2,car,2,1531.6666666666667,0.23040000000000002,0.064,green,0,6.203825363825366,50.0,0.5,10.0,
45951,2,car,2,1531.7,0.23040000000000002,0.064,green,0,6.1608316008315995,50.0,0.5,10.0,
45952,2,car,2,1531.7333333333333,0.23040000000000002,0.064,green,0,6.11783783783784,50.0,0.5,10.0,
45953,2,car,2,1531.7666666666667,0.23040000000000002,0.064,green,0,6.074844074844073,50.0,0.5,10.0,
45954,2,car,2,1531.8,0.23040000000000002,0.064,green,0,6.031850311850313,50.0,0.5,10.0,
45955,2,car,2,1531.8333333333333,0.23040000000000002,0.064,green,0,5.988856548856546,50.0,0.5,10.0,
45956,2,car,2,1531.8666666666666,0.23040000000000002,0.064,green,0,5.945862785862786,50.0,0.5,10.0,
45957,2,car,2,1531.9,0.23040000000000002,0.064,green,0,5.9028690228690195,50.0,0.5,10.0,
45958,2,car,2,1531.9333333333334,0.23040000000000002,0.064,green,0,5.85987525987526,50.0,0.5,10.0,
45959,2,car,2,1531.9666666666667,0.234,0.065,green,0,5.8168814968815,50.0,0.5,10.0,
45960,2,car,2,1532.0,0.234,0.065,green,0,5.773887733887733,50.0,0.5,10.0,
45961,2,car,2,1532.0333333333333,0.234,0.065,green,0,5.730893970893973,50.0,0.5,10.0,
45962,2,car,2,1532.0666666666666,0.234,0.065,green,0,5.687900207900206,50.0,0.5,10.0,
45963,2,car,2,1532.1,0.234,0.065,green,0,5.6449064449064466,50.0,0.5,10.0,
45964,2,car,2,1532.1333333333334,0.234,0.065,green,0,5.60191268191268,50.0,0.5,10.0,
45965,2,car,2,1532.1666666666667,0.234,0.065,green,0,5.55891891891892,50.0,0.5,10.0,
45966,2,car,2,1532.2,0.234,0.065,green,0,5.515925155925153,50.0,0.5,10.0,
45967,2,car,2,1532.2333333333333,0.234,0.065,green,0,5.472931392931393,50.0,0.5,10.0,
45968,2,car,2,1532.2666666666667,0.234,0.065,green,0,5.429937629937626,50.0,0.5,10.0,
45969,2,car,2,1532.3,0.234,0.065,green,0,5.3869438669438665,50.0,0.5,10.0,
45970,2,car,2,1532.3333333333333,0.234,0.065,green,0,5.343950103950107,50.0,0.5,10.0,
45971,2,car,2,1532.3666666666666,0.234,0.065,green,0,5.30095634095634,50.0,0.5,10.0,
45972,2,car,2,1532.4,0.234,0.065,green,0,5.25796257796258,50.0,0.5,10.0,
45973,2,car,2,1532.4333333333334,0.234,0.065,green,0,5.214968814968813,50.0,0.5,10.0,
45974,2,car,2,1532.4666666666667,0.234,0.065,green,0,5.171975051975053,50.0,0.5,10.0,
45975,2,car,2,1532.5,0.234,0.065,green,0,5.1289812889812865,50.0,0.5,10.0,
45976,2,car,2,1532.5333333333333,0.234,0.065,green,0,5.085987525987527,50.0,0.5,10.0,
45977,2,car,2,1532.5666666666666,0.234,0.065,green,0,5.04299376299376,50.0,0.5,10.0,
45978,2,car,2,1532.6,0.234,0.065,green,0,5.0,50.0,0.5,10.0,1.0
