frame_index,tracker_id,vehicle_type,class_id,x,y,distance,time_s,speed_kmh,speed_ms,traffic_light_status,yellow_light,distance_to_stop_line,distance_to_front_vehicle,traffic_density,ttc,yellow_light_decision,go_stop_label
0,1,car,2,4,28,,,,0.0,YELLOW,True,28.0,,1,999.0,,0
1,1,car,2,4,28,,,,0.0,YELLOW,True,28.0,,1,999.0,,0
2,1,car,2,4,28,,,,0.0,YELLOW,True,28.0,,1,999.0,,0
3,1,car,2,4,28,,,,0.0,YELLOW,True,28.0,,1,999.0,,0
4,1,car,2,4,28,,,,0.0,YELLOW,True,28.0,,1,999.0,,0
5,1,car,2,4,28,,,,0.0,YELLOW,True,28.0,,1,999.0,,0
6,1,car,2,4,28,,,,0.0,YELLOW,True,28.0,,1,999.0,,0
7,1,car,2,4,28,,,,0.0,YELLOW,True,28.0,,1,999.0,,0
8,1,car,2,4,28,,,,0.0,YELLOW,True,28.0,,1,999.0,,0
9,1,car,2,4,28,,,,0.0,YELLOW,True,28.0,,1,999.0,,0
10,1,car,2,4,28,,,,0.0,YELLOW,True,28.0,,1,999.0,,0
11,1,car,2,4,28,,,,0.0,YELLOW,True,28.0,,1,999.0,,0
12,1,car,2,4,28,0.0,0.5,0.0,0.0,YELLOW,True,28.0,,1,999.0,,0
13,1,car,2,4,28,0.0,0.5384615384615384,0.0,0.0,YELLOW,True,28.0,,1,999.0,,0
14,1,car,2,4,28,0.0,0.5769230769230769,0.0,0.0,YELLOW,True,28.0,,1,999.0,,0
15,1,car,2,4,28,0.0,0.6153846153846154,0.0,0.0,YELLOW,True,28.0,,1,999.0,,0
16,1,car,2,4,28,0.0,0.6538461538461539,0.0,0.0,YELLOW,True,28.0,,1,999.0,,0
17,1,car,2,4,28,0.0,0.6923076923076923,0.0,0.0,YELLOW,True,28.0,,1,999.0,,0
18,1,car,2,4,28,0.0,0.7307692307692307,0.0,0.0,YELLOW,True,28.0,,1,999.0,,0
19,1,car,2,4,28,0.0,0.7692307692307693,0.0,0.0,YELLOW,True,28.0,,1,999.0,,0
20,1,car,2,4,28,0.0,0.8076923076923077,0.0,0.0,YELLOW,True,28.0,,1,999.0,,0
21,1,car,2,4,28,0.0,0.8461538461538461,0.0,0.0,YELLOW,True,28.0,,1,999.0,,0
22,1,car,2,4,28,0.0,0.8846153846153846,0.0,0.0,YELLOW,True,28.0,,1,999.0,,0
23,1,car,2,4,28,0.0,0.9230769230769232,0.0,0.0,YELLOW,True,28.0,,1,999.0,,0
24,1,car,2,4,28,0.0,0.9615384615384616,0.0,0.0,YELLOW,True,28.0,,1,999.0,,0
25,1,car,2,4,28,0.0,1.0,0.0,0.0,YELLOW,True,28.0,,1,999.0,,0
26,1,car,2,4,28,0.0,1.0,0.0,0.0,YELLOW,True,28.0,,1,999.0,,0
27,1,car,2,4,28,0.0,1.0,0.0,0.0,YELLOW,True,28.0,,1,999.0,,0
28,1,car,2,4,28,0.0,1.0,0.0,0.0,YELLOW,True,28.0,,1,999.0,,0
29,1,car,2,4,28,0.0,1.0,0.0,0.0,YELLOW,True,28.0,,1,999.0,,0
30,1,car,2,4,28,0.0,1.0,0.0,0.0,YELLOW,True,28.0,,1,999.0,,0
31,1,car,2,4,28,0.0,1.0,0.0,0.0,YELLOW,True,28.0,,1,999.0,,0
32,1,car,2,4,28,0.0,1.0,0.0,0.0,YELLOW,True,28.0,,1,999.0,,0
33,1,car,2,4,28,0.0,1.0,0.0,0.0,YELLOW,True,28.0,,1,999.0,,0
34,1,car,2,4,28,0.0,1.0,0.0,0.0,YELLOW,True,28.0,,1,999.0,,0
35,1,car,2,4,28,0.0,1.0,0.0,0.0,YELLOW,True,28.0,,1,999.0,,0
36,1,car,2,4,28,0.0,1.0,0.0,0.0,YELLOW,True,28.0,,1,999.0,,0
37,1,car,2,4,28,0.0,1.0,0.0,0.0,YELLOW,True,28.0,,1,999.0,,0
38,1,car,2,4,28,0.0,1.0,0.0,0.0,YELLOW,True,28.0,,1,999.0,,0
39,1,car,2,4,28,0.0,1.0,0.0,0.0,YELLOW,True,28.0,,1,999.0,,0
40,1,car,2,4,28,0.0,1.0,0.0,0.0,YELLOW,True,28.0,,1,999.0,,0
41,1,car,2,4,28,0.0,1.0,0.0,0.0,YELLOW,True,28.0,,1,999.0,,0
42,1,car,2,4,28,0.0,1.0,0.0,0.0,YELLOW,True,28.0,,1,999.0,,0
43,1,car,2,4,28,0.0,1.0,0.0,0.0,YELLOW,True,28.0,,1,999.0,,0
44,1,car,2,4,28,0.0,1.0,0.0,0.0,YELLOW,True,28.0,,1,999.0,,0
45,1,car,2,4,28,0.0,1.0,0.0,0.0,YELLOW,True,28.0,,1,999.0,,0
46,1,car,2,4,28,0.0,1.0,0.0,0.0,YELLOW,True,28.0,,1,999.0,,0
47,1,car,2,4,28,0.0,1.0,0.0,0.0,YELLOW,True,28.0,,1,999.0,,0
48,1,car,2,4,28,0.0,1.0,0.0,0.0,YELLOW,True,28.0,,1,999.0,,0
49,1,car,2,4,28,0.0,1.0,0.0,0.0,YELLOW,True,28.0,,1,999.0,,0
50,1,car,2,4,28,0.0,1.0,0.0,0.0,YELLOW,True,28.0,,1,999.0,,0
51,1,car,2,4,28,0.0,1.0,0.0,0.0,YELLOW,True,28.0,,1,999.0,,0
52,1,car,2,4,28,0.0,1.0,0.0,0.0,YELLOW,True,28.0,,1,999.0,,0
53,1,car,2,4,28,0.0,1.0,0.0,0.0,YELLOW,True,28.0,,1,999.0,,0
54,1,car,2,4,28,0.0,1.0,0.0,0.0,YELLOW,True,28.0,,1,999.0,,0
55,1,car,2,4,28,0.0,1.0,0.0,0.0,YELLOW,True,28.0,,1,999.0,,0
56,1,car,2,4,28,0.0,1.0,0.0,0.0,YELLOW,True,28.0,,1,999.0,,0
57,1,car,2,4,28,0.0,1.0,0.0,0.0,YELLOW,True,28.0,,1,999.0,,0
58,1,car,2,4,28,0.0,1.0,0.0,0.0,YELLOW,True,28.0,,1,999.0,,0
59,1,car,2,4,28,0.0,1.0,0.0,0.0,YELLOW,True,28.0,,1,999.0,,0
60,1,car,2,4,28,0.0,1.0,0.0,0.0,YELLOW,True,28.0,,1,999.0,,0
61,1,car,2,4,28,0.0,1.0,0.0,0.0,YELLOW,True,28.0,,1,999.0,,0
62,1,car,2,4,28,0.0,1.0,0.0,0.0,YELLOW,True,28.0,,1,999.0,,0
63,1,car,2,4,28,0.0,1.0,0.0,0.0,YELLOW,True,28.0,,1,999.0,,0
64,1,car,2,4,28,0.0,1.0,0.0,0.0,YELLOW,True,28.0,,1,999.0,,0
65,1,car,2,4,28,0.0,1.0,0.0,0.0,YELLOW,True,28.0,,1,999.0,,0
66,1,car,2,4,28,0.0,1.0,0.0,0.0,YELLOW,True,28.0,,1,999.0,,0
67,1,car,2,4,28,0.0,1.0,0.0,0.0,YELLOW,True,28.0,,1,999.0,,0
68,1,car,2,4,28,0.0,1.0,0.0,0.0,YELLOW,True,28.0,,1,999.0,,0
69,1,car,2,4,28,0.0,1.0,0.0,0.0,YELLOW,True,28.0,,1,999.0,,0
70,1,car,2,4,28,0.0,1.0,0.0,0.0,YELLOW,True,28.0,,1,999.0,,0
71,1,car,2,4,28,0.0,1.0,0.0,0.0,YELLOW,True,28.0,,1,999.0,,0
72,1,car,2,4,28,0.0,1.0,0.0,0.0,YELLOW,True,28.0,,1,999.0,,0
73,1,car,2,4,28,0.0,1.0,0.0,0.0,YELLOW,True,28.0,,1,999.0,,0
74,1,car,2,4,28,0.0,1.0,0.0,0.0,RED,False,28.0,,1,999.0,,0
75,1,car,2,4,28,0.0,1.0,0.0,0.0,YELLOW,True,28.0,,1,999.0,,0
76,1,car,2,4,28,0.0,1.0,0.0,0.0,YELLOW,True,28.0,,1,999.0,,0
77,1,car,2,4,28,0.0,1.0,0.0,0.0,YELLOW,True,28.0,,1,999.0,,0
78,1,car,2,4,28,0.0,1.0,0.0,0.0,YELLOW,True,28.0,,1,999.0,,0
79,1,car,2,4,28,0.0,1.0,0.0,0.0,YELLOW,True,28.0,,1,999.0,,0
80,1,car,2,4,28,0.0,1.0,0.0,0.0,YELLOW,True,28.0,,1,999.0,,0
81,1,car,2,4,28,0.0,1.0,0.0,0.0,YELLOW,True,28.0,,1,999.0,,0
82,1,car,2,4,28,0.0,1.0,0.0,0.0,YELLOW,True,28.0,,1,999.0,,0
83,1,car,2,4,28,0.0,1.0,0.0,0.0,YELLOW,True,28.0,,1,999.0,,0
84,1,car,2,4,28,0.0,1.0,0.0,0.0,YELLOW,True,28.0,,1,999.0,,0
85,1,car,2,4,28,0.0,1.0,0.0,0.0,YELLOW,True,28.0,,1,999.0,,0
86,1,car,2,4,28,0.0,1.0,0.0,0.0,YELLOW,True,28.0,,1,999.0,,0
87,1,car,2,4,28,0.0,1.0,0.0,0.0,YELLOW,True,28.0,,1,999.0,,0
88,1,car,2,4,28,0.0,1.0,0.0,0.0,YELLOW,True,28.0,,1,999.0,,0
89,1,car,2,4,28,0.0,1.0,0.0,0.0,YELLOW,True,28.0,,1,999.0,,0
90,1,car,2,4,28,0.0,1.0,0.0,0.0,YELLOW,True,28.0,,1,999.0,,0
91,1,car,2,4,28,0.0,1.0,0.0,0.0,YELLOW,True,28.0,,1,999.0,,0
92,1,car,2,4,28,0.0,1.0,0.0,0.0,YELLOW,True,28.0,,1,999.0,,0
93,1,car,2,4,28,0.0,1.0,0.0,0.0,YELLOW,True,28.0,,1,999.0,,0
94,1,car,2,4,28,0.0,1.0,0.0,0.0,YELLOW,True,28.0,,1,999.0,,0
95,1,car,2,4,28,0.0,1.0,0.0,0.0,YELLOW,True,28.0,,1,999.0,,0
96,1,car,2,4,28,0.0,1.0,0.0,0.0,YELLOW,True,28.0,,1,999.0,,0
97,1,car,2,4,28,0.0,1.0,0.0,0.0,YELLOW,True,28.0,,1,999.0,,0
98,1,car,2,4,28,0.0,1.0,0.0,0.0,YELLOW,True,28.0,,1,999.0,,0
99,1,car,2,4,28,0.0,1.0,0.0,0.0,YELLOW,True,28.0,,1,999.0,,0
100,1,car,2,4,28,0.0,1.0,0.0,0.0,YELLOW,True,28.0,,1,999.0,,0
101,1,car,2,4,28,0.0,1.0,0.0,0.0,YELLOW,True,28.0,,1,999.0,,0
102,1,car,2,4,28,0.0,1.0,0.0,0.0,YELLOW,True,28.0,,1,999.0,,0
103,1,car,2,4,28,0.0,1.0,0.0,0.0,YELLOW,True,28.0,,1,999.0,,0
104,1,car,2,4,28,0.0,1.0,0.0,0.0,YELLOW,True,28.0,,1,999.0,,0
105,1,car,2,4,28,0.0,1.0,0.0,0.0,YELLOW,True,28.0,,1,999.0,,0
106,1,car,2,4,28,0.0,1.0,0.0,0.0,YELLOW,True,28.0,,1,999.0,,0
107,1,car,2,4,28,0.0,1.0,0.0,0.0,YELLOW,True,28.0,,1,999.0,,0
108,1,car,2,4,28,0.0,1.0,0.0,0.0,YELLOW,True,28.0,,1,999.0,,0
109,1,car,2,4,28,0.0,1.0,0.0,0.0,YELLOW,True,28.0,,1,999.0,,0
110,1,car,2,4,28,0.0,1.0,0.0,0.0,YELLOW,True,28.0,,1,999.0,,0
111,1,car,2,4,28,0.0,1.0,0.0,0.0,YELLOW,True,28.0,,1,999.0,,0
112,1,car,2,4,28,0.0,1.0,0.0,0.0,YELLOW,True,28.0,,1,999.0,,0
113,1,car,2,4,28,0.0,1.0,0.0,0.0,YELLOW,True,28.0,,1,999.0,,0
114,1,car,2,4,28,0.0,1.0,0.0,0.0,YELLOW,True,28.0,,1,999.0,,0
115,1,car,2,4,28,0.0,1.0,0.0,0.0,YELLOW,True,28.0,,1,999.0,,0
116,1,car,2,4,28,0.0,1.0,0.0,0.0,YELLOW,True,28.0,,1,999.0,,0
117,1,car,2,4,28,0.0,1.0,0.0,0.0,YELLOW,True,28.0,,1,999.0,,0
118,1,car,2,4,28,0.0,1.0,0.0,0.0,YELLOW,True,28.0,,1,999.0,,0
119,1,car,2,4,28,0.0,1.0,0.0,0.0,YELLOW,True,28.0,,1,999.0,,0
120,1,car,2,4,28,0.0,1.0,0.0,0.0,YELLOW,True,28.0,,1,999.0,,0
121,1,car,2,4,28,0.0,1.0,0.0,0.0,YELLOW,True,28.0,,1,999.0,,0
122,1,car,2,4,28,0.0,1.0,0.0,0.0,YELLOW,True,28.0,,1,999.0,,0
123,1,car,2,4,28,0.0,1.0,0.0,0.0,YELLOW,True,28.0,,1,999.0,,0
124,1,car,2,4,28,0.0,1.0,0.0,0.0,YELLOW,True,28.0,,1,999.0,,0
125,1,car,2,4,28,0.0,1.0,0.0,0.0,YELLOW,True,28.0,,1,999.0,,0
126,1,car,2,4,28,0.0,1.0,0.0,0.0,YELLOW,True,28.0,,1,999.0,,0
127,1,car,2,4,28,0.0,1.0,0.0,0.0,YELLOW,True,28.0,,1,999.0,,0
128,1,car,2,4,28,0.0,1.0,0.0,0.0,YELLOW,True,28.0,,1,999.0,,0
129,1,car,2,4,28,0.0,1.0,0.0,0.0,YELLOW,True,28.0,,1,999.0,,0
130,1,car,2,4,28,0.0,1.0,0.0,0.0,YELLOW,True,28.0,,1,999.0,,0
131,1,car,2,4,28,0.0,1.0,0.0,0.0,YELLOW,True,28.0,,1,999.0,,0
132,1,car,2,4,28,0.0,1.0,0.0,0.0,YELLOW,True,28.0,,1,999.0,,0
133,1,car,2,4,28,0.0,1.0,0.0,0.0,YELLOW,True,28.0,,1,999.0,,0
134,1,car,2,4,28,0.0,1.0,0.0,0.0,YELLOW,True,28.0,,1,999.0,,0
135,1,car,2,4,28,0.0,1.0,0.0,0.0,YELLOW,True,28.0,,1,999.0,,0
136,1,car,2,4,28,0.0,1.0,0.0,0.0,YELLOW,True,28.0,,1,999.0,,0
137,1,car,2,4,28,0.0,1.0,0.0,0.0,YELLOW,True,28.0,,1,999.0,,0
138,1,car,2,4,28,0.0,1.0,0.0,0.0,YELLOW,True,28.0,,1,999.0,,0
139,1,car,2,4,28,0.0,1.0,0.0,0.0,YELLOW,True,28.0,,1,999.0,,0
140,1,car,2,4,28,0.0,1.0,0.0,0.0,YELLOW,True,28.0,,1,999.0,,0
141,1,car,2,4,28,0.0,1.0,0.0,0.0,YELLOW,True,28.0,,1,999.0,,0
142,1,car,2,4,28,0.0,1.0,0.0,0.0,YELLOW,True,28.0,,1,999.0,,0
143,1,car,2,4,28,0.0,1.0,0.0,0.0,YELLOW,True,28.0,,1,999.0,,0
144,1,car,2,4,28,0.0,1.0,0.0,0.0,YELLOW,True,28.0,,1,999.0,,0
145,1,car,2,4,28,0.0,1.0,0.0,0.0,YELLOW,True,28.0,,1,999.0,,0
146,1,car,2,4,28,0.0,1.0,0.0,0.0,YELLOW,True,28.0,,1,999.0,,0
147,1,car,2,4,28,0.0,1.0,0.0,0.0,YELLOW,True,28.0,,1,999.0,,0
148,1,car,2,4,28,0.0,1.0,0.0,0.0,YELLOW,True,28.0,,1,999.0,,0
149,1,car,2,4,28,0.0,1.0,0.0,0.0,YELLOW,True,28.0,,1,999.0,,0
150,1,car,2,4,28,0.0,1.0,0.0,0.0,YELLOW,True,28.0,,1,999.0,,0
151,1,car,2,4,28,0.0,1.0,0.0,0.0,YELLOW,True,28.0,,1,999.0,,0
152,1,car,2,4,28,0.0,1.0,0.0,0.0,YELLOW,True,28.0,,1,999.0,,0
153,1,car,2,4,28,0.0,1.0,0.0,0.0,YELLOW,True,28.0,,1,999.0,,0
154,1,car,2,4,28,0.0,1.0,0.0,0.0,YELLOW,True,28.0,,1,999.0,,0
155,1,car,2,4,28,0.0,1.0,0.0,0.0,YELLOW,True,28.0,,1,999.0,,0
156,1,car,2,4,28,0.0,1.0,0.0,0.0,YELLOW,True,28.0,,1,999.0,,0
157,1,car,2,4,28,0.0,1.0,0.0,0.0,YELLOW,True,28.0,,1,999.0,,0
158,1,car,2,4,28,0.0,1.0,0.0,0.0,YELLOW,True,28.0,,1,999.0,,0
159,1,car,2,4,28,0.0,1.0,0.0,0.0,YELLOW,True,28.0,,1,999.0,,0
160,1,car,2,4,28,0.0,1.0,0.0,0.0,YELLOW,True,28.0,,1,999.0,,0
161,1,car,2,4,28,0.0,1.0,0.0,0.0,YELLOW,True,28.0,,1,999.0,,0
162,1,car,2,4,28,0.0,1.0,0.0,0.0,YELLOW,True,28.0,,1,999.0,,0
163,1,car,2,4,28,0.0,1.0,0.0,0.0,YELLOW,True,28.0,,1,999.0,,0
164,1,car,2,4,28,0.0,1.0,0.0,0.0,YELLOW,True,28.0,,1,999.0,,0
165,1,car,2,4,28,0.0,1.0,0.0,0.0,YELLOW,True,28.0,,1,999.0,,0
166,1,car,2,4,28,0.0,1.0,0.0,0.0,YELLOW,True,28.0,,1,999.0,,0
167,1,car,2,4,28,0.0,1.0,0.0,0.0,YELLOW,True,28.0,,1,999.0,,0
168,1,car,2,4,28,0.0,1.0,0.0,0.0,YELLOW,True,28.0,,1,999.0,,0
169,1,car,2,4,28,0.0,1.0,0.0,0.0,YELLOW,True,28.0,,1,999.0,,0
170,1,car,2,4,28,0.0,1.0,0.0,0.0,YELLOW,True,28.0,,1,999.0,,0
171,1,car,2,4,28,0.0,1.0,0.0,0.0,YELLOW,True,28.0,,1,999.0,,0
172,1,car,2,4,28,0.0,1.0,0.0,0.0,YELLOW,True,28.0,,1,999.0,,0
173,1,car,2,4,28,0.0,1.0,0.0,0.0,YELLOW,True,28.0,,1,999.0,,0
174,1,car,2,4,28,0.0,1.0,0.0,0.0,YELLOW,True,28.0,,1,999.0,,0
175,1,car,2,4,28,0.0,1.0,0.0,0.0,YELLOW,True,28.0,,1,999.0,,0
176,1,car,2,4,28,0.0,1.0,0.0,0.0,YELLOW,True,28.0,,1,999.0,,0
177,1,car,2,4,28,0.0,1.0,0.0,0.0,YELLOW,True,28.0,,1,999.0,,0
178,1,car,2,4,28,0.0,1.0,0.0,0.0,YELLOW,True,28.0,,1,999.0,,0
179,1,car,2,4,28,0.0,1.0,0.0,0.0,YELLOW,True,28.0,,1,999.0,,0
180,1,car,2,4,28,0.0,1.0,0.0,0.0,YELLOW,True,28.0,,1,999.0,,0
181,1,car,2,4,28,0.0,1.0,0.0,0.0,YELLOW,True,28.0,,1,999.0,,0
182,1,car,2,4,28,0.0,1.0,0.0,0.0,YELLOW,True,28.0,,1,999.0,,0
183,1,car,2,4,28,0.0,1.0,0.0,0.0,YELLOW,True,28.0,,1,999.0,,0
184,1,car,2,4,28,0.0,1.0,0.0,0.0,YELLOW,True,28.0,,1,999.0,,0
185,2,car,2,5,58,,,,0.0,YELLOW,True,58.0,30.0,2,999.0,,0
185,1,car,2,4,28,0.0,1.0,0.0,0.0,YELLOW,True,28.0,,2,999.0,,0
186,2,car,2,5,57,,,,0.0,YELLOW,True,57.0,29.0,2,999.0,,0
186,1,car,2,4,28,0.0,1.0,0.0,0.0,YELLOW,True,28.0,,2,999.0,,0
187,2,car,2,5,57,,,,0.0,YELLOW,True,57.0,29.0,2,999.0,,0
187,1,car,2,4,28,0.0,1.0,0.0,0.0,YELLOW,True,28.0,,2,999.0,,0
188,2,car,2,5,57,,,,0.0,YELLOW,True,57.0,29.0,2,999.0,,0
188,1,car,2,4,28,0.0,1.0,0.0,0.0,YELLOW,True,28.0,,2,999.0,,0
189,2,car,2,5,56,,,,0.0,YELLOW,True,56.0,28.0,2,999.0,,0
189,1,car,2,4,28,0.0,1.0,0.0,0.0,YELLOW,True,28.0,,2,999.0,,0
190,2,car,2,5,55,,,,0.0,YELLOW,True,55.0,27.0,2,999.0,,0
190,1,car,2,4,28,0.0,1.0,0.0,0.0,YELLOW,True,28.0,,2,999.0,,0
191,2,car,2,5,55,,,,0.0,YELLOW,True,55.0,27.0,2,999.0,,0
191,1,car,2,4,28,0.0,1.0,0.0,0.0,YELLOW,True,28.0,,2,999.0,,0
192,2,car,2,5,54,,,,0.0,YELLOW,True,54.0,26.0,2,999.0,,0
192,1,car,2,4,28,0.0,1.0,0.0,0.0,YELLOW,True,28.0,,2,999.0,,0
193,2,car,2,5,54,,,,0.0,YELLOW,True,54.0,26.0,2,999.0,,0
193,1,car,2,4,28,0.0,1.0,0.0,0.0,YELLOW,True,28.0,,2,999.0,,0
194,2,car,2,5,54,,,,0.0,YELLOW,True,54.0,26.0,2,999.0,,0
194,1,car,2,4,28,0.0,1.0,0.0,0.0,YELLOW,True,28.0,,2,999.0,,0
195,2,car,2,6,53,,,,0.0,YELLOW,True,53.0,25.0,2,999.0,,0
195,1,car,2,4,28,0.0,1.0,0.0,0.0,YELLOW,True,28.0,,2,999.0,,0
196,2,car,2,6,52,,,,0.0,YELLOW,True,52.0,24.0,2,999.0,,0
196,1,car,2,4,28,0.0,1.0,0.0,0.0,YELLOW,True,28.0,,2,999.0,,0
197,2,car,2,6,51,7.0,0.5,50.4,14.0,YELLOW,True,51.0,23.0,2,3.642857142857143,,0
197,1,car,2,4,28,0.0,1.0,0.0,0.0,YELLOW,True,28.0,,2,999.0,,0
198,2,car,2,6,51,7.0,0.5384615384615384,46.8,13.0,YELLOW,True,51.0,23.0,2,3.923076923076923,,0
198,1,car,2,4,28,0.0,1.0,0.0,0.0,YELLOW,True,28.0,,2,999.0,,0
199,1,car,2,4,28,0.0,1.0,0.0,0.0,YELLOW,True,28.0,,2,999.0,,0
199,2,car,2,6,51,7.0,0.5769230769230769,43.68000000000001,12.133333333333336,YELLOW,True,51.0,23.0,2,4.203296703296703,,0
200,2,car,2,6,51,7.0,0.6153846153846154,40.95,11.375,YELLOW,True,51.0,23.0,2,4.483516483516484,,0
200,1,car,2,4,28,0.0,1.0,0.0,0.0,YELLOW,True,28.0,,2,999.0,,0
201,2,car,2,6,51,7.0,0.6538461538461539,38.54117647058823,10.705882352941176,YELLOW,True,51.0,23.0,2,4.763736263736264,,0
201,1,car,2,4,28,0.0,1.0,0.0,0.0,YELLOW,True,28.0,,2,999.0,,0
202,2,car,2,6,50,8.0,0.6923076923076923,41.6,11.555555555555555,YELLOW,True,50.0,22.0,2,4.326923076923077,,0
202,1,car,2,4,28,0.0,1.0,0.0,0.0,YELLOW,True,28.0,,2,999.0,,0
203,2,car,2,6,50,8.0,0.7307692307692307,39.41052631578948,10.947368421052632,YELLOW,True,50.0,22.0,2,4.5673076923076925,,0
203,1,car,2,4,28,0.0,1.0,0.0,0.0,YELLOW,True,28.0,,2,999.0,,0
204,2,car,2,6,49,9.0,0.7692307692307693,42.12,11.7,YELLOW,True,49.0,21.0,2,4.188034188034188,,0
204,1,car,2,4,28,0.0,1.0,0.0,0.0,YELLOW,True,28.0,,2,999.0,,0
205,2,car,2,6,49,9.0,0.8076923076923077,40.114285714285714,11.142857142857142,YELLOW,True,49.0,21.0,2,4.397435897435898,,0
205,1,car,2,4,28,0.0,1.0,0.0,0.0,YELLOW,True,28.0,,2,999.0,,0
206,1,car,2,4,28,0.0,1.0,0.0,0.0,YELLOW,True,28.0,,2,999.0,,0
206,2,car,2,6,48,10.0,0.8461538461538461,42.54545454545455,11.818181818181818,YELLOW,True,48.0,20.0,2,4.061538461538461,,0
207,1,car,2,4,28,0.0,1.0,0.0,0.0,YELLOW,True,28.0,,2,999.0,,0
207,2,car,2,6,48,10.0,0.8846153846153846,40.69565217391305,11.304347826086955,YELLOW,True,48.0,20.0,2,4.246153846153846,,0
208,1,car,2,4,28,0.0,1.0,0.0,0.0,YELLOW,True,28.0,,2,999.0,,0
208,2,car,2,6,47,11.0,0.9230769230769232,42.9,11.916666666666666,YELLOW,True,47.0,19.0,2,3.944055944055944,,0
209,1,car,2,4,28,0.0,1.0,0.0,0.0,YELLOW,True,28.0,,2,999.0,,0
209,2,car,2,6,47,11.0,0.9615384615384616,41.184,11.44,YELLOW,True,47.0,19.0,2,4.108391608391608,,0
210,1,car,2,4,28,0.0,1.0,0.0,0.0,YELLOW,True,28.0,,2,999.0,,0
210,2,car,2,6,47,11.0,1.0,39.6,11.0,YELLOW,True,47.0,19.0,2,4.2727272727272725,,0
211,1,car,2,4,28,0.0,1.0,0.0,0.0,YELLOW,True,28.0,,2,999.0,,0
211,2,car,2,6,46,11.0,1.0,39.6,11.0,YELLOW,True,46.0,18.0,2,4.181818181818182,,0
212,1,car,2,4,28,0.0,1.0,0.0,0.0,YELLOW,True,28.0,,2,999.0,,0
212,2,car,2,6,46,11.0,1.0,39.6,11.0,YELLOW,True,46.0,18.0,2,4.181818181818182,,0
213,1,car,2,4,28,0.0,1.0,0.0,0.0,YELLOW,True,28.0,,2,999.0,,0
213,2,car,2,6,45,12.0,1.0,43.2,12.0,YELLOW,True,45.0,17.0,2,3.75,,0
214,1,car,2,4,28,0.0,1.0,0.0,0.0,YELLOW,True,28.0,,2,999.0,,0
214,2,car,2,6,45,11.0,1.0,39.6,11.0,YELLOW,True,45.0,17.0,2,4.090909090909091,,0
215,1,car,2,4,28,0.0,1.0,0.0,0.0,YELLOW,True,28.0,,2,999.0,,0
215,2,car,2,6,44,11.0,1.0,39.6,11.0,YELLOW,True,44.0,16.0,2,4.0,,0
216,1,car,2,4,28,0.0,1.0,0.0,0.0,YELLOW,True,28.0,,2,999.0,,0
216,2,car,2,6,44,11.0,1.0,39.6,11.0,YELLOW,True,44.0,16.0,2,4.0,,0
217,1,car,2,4,28,0.0,1.0,0.0,0.0,YELLOW,True,28.0,,2,999.0,,0
217,2,car,2,6,43,11.0,1.0,39.6,11.0,YELLOW,True,43.0,15.0,2,3.909090909090909,,0
218,1,car,2,4,28,0.0,1.0,0.0,0.0,YELLOW,True,28.0,,2,999.0,,0
218,2,car,2,6,43,11.0,1.0,39.6,11.0,YELLOW,True,43.0,15.0,2,3.909090909090909,,0
219,1,car,2,4,28,0.0,1.0,0.0,0.0,YELLOW,True,28.0,,2,999.0,,0
219,2,car,2,6,44,10.0,1.0,36.0,10.0,YELLOW,True,44.0,16.0,2,4.4,,0
220,1,car,2,4,28,0.0,1.0,0.0,0.0,YELLOW,True,28.0,,2,999.0,,0
220,2,car,2,6,43,10.0,1.0,36.0,10.0,YELLOW,True,43.0,15.0,2,4.3,,0
221,1,car,2,4,28,0.0,1.0,0.0,0.0,YELLOW,True,28.0,,2,999.0,,0
221,2,car,2,6,43,9.0,1.0,32.4,9.0,YELLOW,True,43.0,15.0,2,4.777777777777778,,0
222,1,car,2,4,28,0.0,1.0,0.0,0.0,YELLOW,True,28.0,,2,999.0,,0
222,2,car,2,6,42,9.0,1.0,32.4,9.0,YELLOW,True,42.0,14.0,2,4.666666666666667,,0
223,2,car,2,6,42,9.0,1.0,32.4,9.0,YELLOW,True,42.0,14.0,2,4.666666666666667,,0
223,1,car,2,4,28,0.0,1.0,0.0,0.0,YELLOW,True,28.0,,2,999.0,,0
224,1,car,2,4,28,0.0,1.0,0.0,0.0,YELLOW,True,28.0,,2,999.0,,0
224,2,car,2,6,41,10.0,1.0,36.0,10.0,YELLOW,True,41.0,13.0,2,4.1,,0
225,2,car,2,6,40,11.0,1.0,39.6,11.0,YELLOW,True,40.0,12.0,2,3.636363636363636,,0
225,1,car,2,4,28,0.0,1.0,0.0,0.0,YELLOW,True,28.0,,2,999.0,,0
226,2,car,2,6,40,11.0,1.0,39.6,11.0,YELLOW,True,40.0,12.0,2,3.636363636363636,,0
226,1,car,2,4,28,0.0,1.0,0.0,0.0,YELLOW,True,28.0,,2,999.0,,0
227,2,car,2,6,40,10.0,1.0,36.0,10.0,YELLOW,True,40.0,12.0,2,4.0,,0
227,1,car,2,4,28,0.0,1.0,0.0,0.0,YELLOW,True,28.0,,2,999.0,,0
228,2,car,2,6,39,11.0,1.0,39.6,11.0,YELLOW,True,39.0,11.0,2,3.5454545454545454,,0
228,1,car,2,4,28,0.0,1.0,0.0,0.0,YELLOW,True,28.0,,2,999.0,,0
229,2,car,2,6,39,10.0,1.0,36.0,10.0,YELLOW,True,39.0,11.0,2,3.9,,0
229,1,car,2,4,28,0.0,1.0,0.0,0.0,YELLOW,True,28.0,,2,999.0,,0
230,2,car,2,6,38,11.0,1.0,39.6,11.0,YELLOW,True,38.0,10.0,2,3.4545454545454546,,0
230,1,car,2,4,28,0.0,1.0,0.0,0.0,YELLOW,True,28.0,,2,999.0,,0
231,2,car,2,6,38,10.0,1.0,36.0,10.0,YELLOW,True,38.0,10.0,2,3.8,,0
231,1,car,2,4,28,0.0,1.0,0.0,0.0,YELLOW,True,28.0,,2,999.0,,0
232,2,car,2,6,37,11.0,1.0,39.6,11.0,YELLOW,True,37.0,9.0,2,3.363636363636364,,0
232,1,car,2,4,28,0.0,1.0,0.0,0.0,YELLOW,True,28.0,,2,999.0,,0
233,2,car,2,6,37,10.0,1.0,36.0,10.0,YELLOW,True,37.0,9.0,2,3.7,,0
233,1,car,2,4,28,0.0,1.0,0.0,0.0,YELLOW,True,28.0,,2,999.0,,0
234,2,car,2,6,36,11.0,1.0,39.6,11.0,YELLOW,True,36.0,8.0,2,3.272727272727273,,0
234,1,car,2,4,28,0.0,1.0,0.0,0.0,YELLOW,True,28.0,,2,999.0,,0
235,2,car,2,6,36,11.0,1.0,39.6,11.0,YELLOW,True,36.0,8.0,2,3.272727272727273,,0
235,1,car,2,4,28,0.0,1.0,0.0,0.0,YELLOW,True,28.0,,2,999.0,,0
236,2,car,2,6,36,10.0,1.0,36.0,10.0,YELLOW,True,36.0,8.0,2,3.6,,0
236,1,car,2,4,28,0.0,1.0,0.0,0.0,YELLOW,True,28.0,,2,999.0,,0
237,2,car,2,6,35,11.0,1.0,39.6,11.0,YELLOW,True,35.0,7.0,2,3.1818181818181817,,0
237,1,car,2,4,28,0.0,1.0,0.0,0.0,YELLOW,True,28.0,,2,999.0,,0
238,2,car,2,6,34,11.0,1.0,39.6,11.0,YELLOW,True,34.0,6.0,2,3.090909090909091,,0
238,1,car,2,4,28,0.0,1.0,0.0,0.0,YELLOW,True,28.0,,2,999.0,,0
239,1,car,2,4,28,0.0,1.0,0.0,0.0,YELLOW,True,28.0,,2,999.0,,0
239,2,car,2,6,34,11.0,1.0,39.6,11.0,YELLOW,True,34.0,6.0,2,3.090909090909091,,0
240,2,car,2,6,33,11.0,1.0,39.6,11.0,YELLOW,True,33.0,5.0,2,3.0,,0
240,1,car,2,4,28,0.0,1.0,0.0,0.0,YELLOW,True,28.0,,2,999.0,,0
241,2,car,2,6,33,11.0,1.0,39.6,11.0,YELLOW,True,33.0,5.0,2,3.0,,0
241,1,car,2,4,28,0.0,1.0,0.0,0.0,YELLOW,True,28.0,,2,999.0,,0
242,2,car,2,6,33,10.0,1.0,36.0,10.0,YELLOW,True,33.0,5.0,2,3.3,,0
242,1,car,2,4,28,0.0,1.0,0.0,0.0,YELLOW,True,28.0,,2,999.0,,0
243,2,car,2,6,32,11.0,1.0,39.6,11.0,YELLOW,True,32.0,4.0,2,2.909090909090909,,0
243,1,car,2,4,28,0.0,1.0,0.0,0.0,YELLOW,True,28.0,,2,999.0,,0
244,2,car,2,6,32,12.0,1.0,43.2,12.0,YELLOW,True,32.0,4.0,2,2.6666666666666665,,0
244,1,car,2,4,28,0.0,1.0,0.0,0.0,YELLOW,True,28.0,,2,999.0,,0
245,2,car,2,6,32,11.0,1.0,39.6,11.0,YELLOW,True,32.0,4.0,2,2.909090909090909,,0
245,1,car,2,4,28,0.0,1.0,0.0,0.0,YELLOW,True,28.0,,2,999.0,,0
246,2,car,2,6,31,12.0,1.0,43.2,12.0,YELLOW,True,31.0,3.0,2,2.583333333333333,,0
246,1,car,2,4,28,0.0,1.0,0.0,0.0,YELLOW,True,28.0,,2,999.0,,0
247,2,car,2,6,31,11.0,1.0,39.6,11.0,YELLOW,True,31.0,3.0,2,2.8181818181818183,,0
247,1,car,2,4,28,0.0,1.0,0.0,0.0,YELLOW,True,28.0,,2,999.0,,0
248,2,car,2,6,30,12.0,1.0,43.2,12.0,YELLOW,True,30.0,2.0,2,2.5,,0
248,1,car,2,4,28,0.0,1.0,0.0,0.0,YELLOW,True,28.0,,2,999.0,,0
249,2,car,2,6,30,11.0,1.0,39.6,11.0,YELLOW,True,30.0,2.0,2,2.727272727272727,,0
249,1,car,2,4,28,0.0,1.0,0.0,0.0,YELLOW,True,28.0,,2,999.0,,0
250,2,car,2,6,30,10.0,1.0,36.0,10.0,YELLOW,True,30.0,2.0,2,3.0,,0
250,1,car,2,4,28,0.0,1.0,0.0,0.0,YELLOW,True,28.0,,2,999.0,,0
251,2,car,2,6,29,11.0,1.0,39.6,11.0,YELLOW,True,29.0,1.0,2,2.636363636363636,,0
251,1,car,2,4,28,0.0,1.0,0.0,0.0,YELLOW,True,28.0,,2,999.0,,0
252,2,car,2,6,29,11.0,1.0,39.6,11.0,YELLOW,True,29.0,1.0,2,2.636363636363636,,0
252,1,car,2,4,28,0.0,1.0,0.0,0.0,YELLOW,True,28.0,,2,999.0,,0
253,2,car,2,6,29,10.0,1.0,36.0,10.0,YELLOW,True,29.0,1.0,2,2.9,,0
253,1,car,2,4,28,0.0,1.0,0.0,0.0,YELLOW,True,28.0,,2,999.0,,0
254,2,car,2,6,28,11.0,1.0,39.6,11.0,YELLOW,True,28.0,,2,2.5454545454545454,,0
254,1,car,2,4,28,0.0,1.0,0.0,0.0,YELLOW,True,28.0,,2,999.0,,0
255,2,car,2,6,27,11.0,1.0,39.6,11.0,YELLOW,True,27.0,,2,2.4545454545454546,,0
255,1,car,2,4,28,0.0,1.0,0.0,0.0,YELLOW,True,28.0,1.0,2,999.0,,0
256,2,car,2,6,27,11.0,1.0,39.6,11.0,YELLOW,True,27.0,,2,2.4545454545454546,,0
256,1,car,2,4,28,0.0,1.0,0.0,0.0,YELLOW,True,28.0,1.0,2,999.0,,0
257,2,car,2,6,27,10.0,1.0,36.0,10.0,YELLOW,True,27.0,,2,2.7,,0
257,1,car,2,4,28,0.0,1.0,0.0,0.0,YELLOW,True,28.0,1.0,2,999.0,,0
258,2,car,2,6,27,10.0,1.0,36.0,10.0,YELLOW,True,27.0,,2,2.7,,0
258,1,car,2,4,28,0.0,1.0,0.0,0.0,YELLOW,True,28.0,1.0,2,999.0,,0
259,2,car,2,6,27,9.0,1.0,32.4,9.0,YELLOW,True,27.0,,2,3.0,,0
259,1,car,2,4,28,0.0,1.0,0.0,0.0,YELLOW,True,28.0,1.0,2,999.0,,0
260,2,car,2,6,26,10.0,1.0,36.0,10.0,YELLOW,True,26.0,,2,2.6,,0
260,1,car,2,4,28,0.0,1.0,0.0,0.0,YELLOW,True,28.0,2.0,2,999.0,,0
261,2,car,2,6,25,11.0,1.0,39.6,11.0,YELLOW,True,25.0,,2,2.272727272727273,,0
261,1,car,2,4,28,0.0,1.0,0.0,0.0,YELLOW,True,28.0,3.0,2,999.0,,0
262,1,car,2,4,28,0.0,1.0,0.0,0.0,YELLOW,True,28.0,3.0,2,999.0,,0
262,2,car,2,6,25,10.0,1.0,36.0,10.0,YELLOW,True,25.0,,2,2.5,,0
263,2,car,2,6,25,9.0,1.0,32.4,9.0,YELLOW,True,25.0,,2,2.7777777777777777,,0
263,1,car,2,4,28,0.0,1.0,0.0,0.0,YELLOW,True,28.0,3.0,2,999.0,,0
264,1,car,2,4,28,0.0,1.0,0.0,0.0,YELLOW,True,28.0,5.0,2,999.0,,0
264,2,car,2,6,23,11.0,1.0,39.6,11.0,YELLOW,True,23.0,,2,2.090909090909091,,0
265,2,car,2,6,23,10.0,1.0,36.0,10.0,YELLOW,True,23.0,,2,2.3,,0
265,1,car,2,4,28,0.0,1.0,0.0,0.0,YELLOW,True,28.0,5.0,2,999.0,,0
266,2,car,2,6,23,10.0,1.0,36.0,10.0,YELLOW,True,23.0,,2,2.3,,0
266,1,car,2,4,28,0.0,1.0,0.0,0.0,YELLOW,True,28.0,5.0,2,999.0,,0
267,1,car,2,4,28,0.0,1.0,0.0,0.0,YELLOW,True,28.0,5.0,2,999.0,,0
267,2,car,2,6,23,10.0,1.0,36.0,10.0,YELLOW,True,23.0,,2,2.3,,0
268,1,car,2,4,28,0.0,1.0,0.0,0.0,YELLOW,True,28.0,5.0,2,999.0,,0
268,2,car,2,6,23,9.0,1.0,32.4,9.0,YELLOW,True,23.0,,2,2.555555555555556,,0
269,1,car,2,4,28,0.0,1.0,0.0,0.0,YELLOW,True,28.0,5.0,2,999.0,,0
269,2,car,2,6,23,9.0,1.0,32.4,9.0,YELLOW,True,23.0,,2,2.555555555555556,,0
270,2,car,2,6,23,9.0,1.0,32.4,9.0,YELLOW,True,23.0,,2,2.555555555555556,,0
270,1,car,2,4,28,0.0,1.0,0.0,0.0,YELLOW,True,28.0,5.0,2,999.0,,0
271,1,car,2,4,28,0.0,1.0,0.0,0.0,YELLOW,True,28.0,6.0,2,999.0,,0
271,2,car,2,6,22,9.0,1.0,32.4,9.0,YELLOW,True,22.0,,2,2.4444444444444446,,0
272,1,car,2,4,28,0.0,1.0,0.0,0.0,YELLOW,True,28.0,,1,999.0,,0
273,1,car,2,4,28,0.0,1.0,0.0,0.0,YELLOW,True,28.0,,1,999.0,,0
274,1,car,2,4,28,0.0,1.0,0.0,0.0,YELLOW,True,28.0,,1,999.0,,0
275,1,car,2,4,28,0.0,1.0,0.0,0.0,YELLOW,True,28.0,,1,999.0,,0
276,1,car,2,4,28,0.0,1.0,0.0,0.0,YELLOW,True,28.0,,1,999.0,,0
277,1,car,2,4,28,0.0,1.0,0.0,0.0,YELLOW,True,28.0,,1,999.0,,0
278,1,car,2,4,28,0.0,1.0,0.0,0.0,YELLOW,True,28.0,,1,999.0,,0
279,1,car,2,4,28,0.0,1.0,0.0,0.0,YELLOW,True,28.0,,1,999.0,,0
280,1,car,2,4,28,0.0,1.0,0.0,0.0,YELLOW,True,28.0,,1,999.0,,0
281,1,car,2,4,28,0.0,1.0,0.0,0.0,YELLOW,True,28.0,,1,999.0,,0
282,1,car,2,4,28,0.0,1.0,0.0,0.0,YELLOW,True,28.0,,1,999.0,,0
283,1,car,2,4,28,0.0,1.0,0.0,0.0,YELLOW,True,28.0,,1,999.0,,0
284,1,car,2,4,28,0.0,1.0,0.0,0.0,YELLOW,True,28.0,,1,999.0,,0
285,1,car,2,4,28,0.0,1.0,0.0,0.0,YELLOW,True,28.0,,1,999.0,,0
286,1,car,2,4,28,0.0,1.0,0.0,0.0,YELLOW,True,28.0,,1,999.0,,0
287,1,car,2,4,28,0.0,1.0,0.0,0.0,YELLOW,True,28.0,,1,999.0,,0
288,1,car,2,4,28,0.0,1.0,0.0,0.0,YELLOW,True,28.0,,1,999.0,,0
289,1,car,2,4,28,0.0,1.0,0.0,0.0,YELLOW,True,28.0,,1,999.0,,0
290,1,car,2,4,28,0.0,1.0,0.0,0.0,YELLOW,True,28.0,,1,999.0,,0
291,1,car,2,4,28,0.0,1.0,0.0,0.0,YELLOW,True,28.0,,1,999.0,,0
292,1,car,2,4,28,0.0,1.0,0.0,0.0,YELLOW,True,28.0,,1,999.0,,0
293,1,car,2,4,28,0.0,1.0,0.0,0.0,YELLOW,True,28.0,,1,999.0,,0
294,1,car,2,4,28,0.0,1.0,0.0,0.0,YELLOW,True,28.0,,1,999.0,,0
295,1,car,2,4,28,0.0,1.0,0.0,0.0,YELLOW,True,28.0,,1,999.0,,0
296,1,car,2,4,28,0.0,1.0,0.0,0.0,YELLOW,True,28.0,,1,999.0,,0
297,1,car,2,4,28,0.0,1.0,0.0,0.0,YELLOW,True,28.0,,1,999.0,,0
298,1,car,2,4,28,0.0,1.0,0.0,0.0,YELLOW,True,28.0,,1,999.0,,0
299,1,car,2,4,28,0.0,1.0,0.0,0.0,YELLOW,True,28.0,,1,999.0,,0
300,1,car,2,4,28,0.0,1.0,0.0,0.0,YELLOW,True,28.0,,1,999.0,,0
301,1,car,2,4,28,0.0,1.0,0.0,0.0,YELLOW,True,28.0,,1,999.0,,0
302,1,car,2,4,28,0.0,1.0,0.0,0.0,YELLOW,True,28.0,,1,999.0,,0
303,1,car,2,4,28,0.0,1.0,0.0,0.0,YELLOW,True,28.0,,1,999.0,,0
304,1,car,2,4,28,0.0,1.0,0.0,0.0,YELLOW,True,28.0,,1,999.0,,0
305,1,car,2,4,28,0.0,1.0,0.0,0.0,YELLOW,True,28.0,,1,999.0,,0
306,1,car,2,4,28,0.0,1.0,0.0,0.0,YELLOW,True,28.0,,1,999.0,,0
309,1,car,2,4,28,0.0,1.0,0.0,0.0,YELLOW,True,28.0,,1,999.0,,0
316,1,car,2,4,28,0.0,1.0,0.0,0.0,YELLOW,True,28.0,,1,999.0,,0
318,1,car,2,4,28,0.0,1.0,0.0,0.0,YELLOW,True,28.0,,1,999.0,,0
319,1,car,2,4,28,0.0,1.0,0.0,0.0,YELLOW,True,28.0,,1,999.0,,0
320,1,car,2,4,28,0.0,1.0,0.0,0.0,YELLOW,True,28.0,,1,999.0,,0
321,1,car,2,4,28,0.0,1.0,0.0,0.0,YELLOW,True,28.0,22.0,2,999.0,,0
321,3,car,2,6,6,,,,0.0,YELLOW,True,6.0,,2,999.0,,0
322,1,car,2,4,28,0.0,1.0,0.0,0.0,YELLOW,True,28.0,22.0,2,999.0,,0
322,3,car,2,6,6,,,,0.0,YELLOW,True,6.0,,2,999.0,,0
323,1,car,2,4,28,0.0,1.0,0.0,0.0,YELLOW,True,28.0,,1,999.0,,0
324,1,car,2,4,28,0.0,1.0,0.0,0.0,YELLOW,True,28.0,,1,999.0,,0
325,1,car,2,4,28,0.0,1.0,0.0,0.0,YELLOW,True,28.0,,1,999.0,,0
326,1,car,2,4,28,0.0,1.0,0.0,0.0,YELLOW,True,28.0,,1,999.0,,0
327,1,car,2,4,28,0.0,1.0,0.0,0.0,YELLOW,True,28.0,,1,999.0,,0
328,1,car,2,4,28,0.0,1.0,0.0,0.0,YELLOW,True,28.0,,1,999.0,,0
329,1,car,2,4,28,0.0,1.0,0.0,0.0,YELLOW,True,28.0,,1,999.0,,0
330,1,car,2,4,28,0.0,1.0,0.0,0.0,YELLOW,True,28.0,,1,999.0,,0
331,1,car,2,4,28,0.0,1.0,0.0,0.0,YELLOW,True,28.0,,1,999.0,,0
332,1,car,2,4,28,0.0,1.0,0.0,0.0,YELLOW,True,28.0,,1,999.0,,0
333,1,car,2,4,28,0.0,1.0,0.0,0.0,YELLOW,True,28.0,,1,999.0,,0
334,1,car,2,4,28,0.0,1.0,0.0,0.0,YELLOW,True,28.0,,1,999.0,,0
335,1,car,2,4,28,0.0,1.0,0.0,0.0,YELLOW,True,28.0,,1,999.0,,0
336,1,car,2,4,28,0.0,1.0,0.0,0.0,YELLOW,True,28.0,,1,999.0,,0
337,1,car,2,4,28,0.0,1.0,0.0,0.0,YELLOW,True,28.0,,1,999.0,,0
338,1,car,2,4,28,0.0,1.0,0.0,0.0,YELLOW,True,28.0,,1,999.0,,0
339,1,car,2,4,28,0.0,1.0,0.0,0.0,YELLOW,True,28.0,,1,999.0,,0
340,1,car,2,4,28,0.0,1.0,0.0,0.0,YELLOW,True,28.0,,1,999.0,,0
341,1,car,2,4,28,0.0,1.0,0.0,0.0,YELLOW,True,28.0,22.0,2,999.0,,0
341,3,car,2,6,6,,,,0.0,YELLOW,True,6.0,,2,999.0,,0
342,1,car,2,4,28,0.0,1.0,0.0,0.0,YELLOW,True,28.0,22.0,2,999.0,,0
342,3,car,2,6,6,,,,0.0,YELLOW,True,6.0,,2,999.0,,0
343,1,car,2,4,28,0.0,1.0,0.0,0.0,YELLOW,True,28.0,22.0,2,999.0,,0
343,3,car,2,6,6,,,,0.0,YELLOW,True,6.0,,2,999.0,,0
344,1,car,2,4,28,0.0,1.0,0.0,0.0,YELLOW,True,28.0,23.0,2,999.0,,0
344,3,car,2,6,5,,,,0.0,YELLOW,True,5.0,,2,999.0,,0
345,1,car,2,4,28,0.0,1.0,0.0,0.0,YELLOW,True,28.0,23.0,2,999.0,,0
345,3,car,2,6,5,,,,0.0,YELLOW,True,5.0,,2,999.0,,0
346,1,car,2,4,28,0.0,1.0,0.0,0.0,YELLOW,True,28.0,23.0,2,999.0,,0
346,3,car,2,6,5,,,,0.0,YELLOW,True,5.0,,2,999.0,,0
347,1,car,2,4,28,0.0,1.0,0.0,0.0,YELLOW,True,28.0,23.0,2,999.0,,0
347,3,car,2,6,5,,,,0.0,YELLOW,True,5.0,,2,999.0,,0
348,1,car,2,4,28,0.0,1.0,0.0,0.0,YELLOW,True,28.0,23.0,2,999.0,,0
348,3,car,2,6,5,,,,0.0,YELLOW,True,5.0,,2,999.0,,0
349,1,car,2,4,28,0.0,1.0,0.0,0.0,YELLOW,True,28.0,23.0,2,999.0,,0
349,3,car,2,6,5,,,,0.0,YELLOW,True,5.0,,2,999.0,,0
350,1,car,2,4,28,0.0,1.0,0.0,0.0,YELLOW,True,28.0,23.0,2,999.0,,0
350,3,car,2,6,5,,,,0.0,YELLOW,True,5.0,,2,999.0,,0
351,1,car,2,4,28,0.0,1.0,0.0,0.0,YELLOW,True,28.0,23.0,2,999.0,,0
351,3,car,2,6,5,1.0,0.5,7.2,2.0,YELLOW,True,5.0,,2,2.5,,0
352,1,car,2,4,28,0.0,1.0,0.0,0.0,YELLOW,True,28.0,22.0,2,999.0,,0
352,3,car,2,6,6,0.0,0.5384615384615384,0.0,0.0,YELLOW,True,6.0,,2,999.0,,0
353,1,car,2,4,28,0.0,1.0,0.0,0.0,YELLOW,True,28.0,23.0,2,999.0,,0
353,3,car,2,6,5,1.0,0.5769230769230769,6.24,1.7333333333333334,YELLOW,True,5.0,,2,2.8846153846153846,,0
354,1,car,2,4,28,0.0,1.0,0.0,0.0,YELLOW,True,28.0,23.0,2,999.0,,0
354,3,car,2,6,5,1.0,0.6153846153846154,5.8500000000000005,1.625,YELLOW,True,5.0,,2,3.076923076923077,,0
355,1,car,2,4,28,0.0,1.0,0.0,0.0,YELLOW,True,28.0,23.0,2,999.0,,0
355,3,car,2,6,5,1.0,0.6538461538461539,5.505882352941176,1.5294117647058822,YELLOW,True,5.0,,2,3.2692307692307696,,0
356,1,car,2,4,28,0.0,1.0,0.0,0.0,YELLOW,True,28.0,23.0,2,999.0,,0
356,3,car,2,6,5,1.0,0.6923076923076923,5.2,1.4444444444444444,YELLOW,True,5.0,,2,3.4615384615384617,,0
357,1,car,2,4,28,0.0,1.0,0.0,0.0,YELLOW,True,28.0,23.0,2,999.0,,0
357,3,car,2,6,5,1.0,0.7307692307692307,4.926315789473684,1.368421052631579,YELLOW,True,5.0,,2,3.6538461538461537,,0
358,1,car,2,4,28,0.0,1.0,0.0,0.0,YELLOW,True,28.0,23.0,2,999.0,,0
358,3,car,2,6,5,1.0,0.7692307692307693,4.68,1.2999999999999998,YELLOW,True,5.0,,2,3.846153846153847,,0
359,1,car,2,4,28,0.0,1.0,0.0,0.0,YELLOW,True,28.0,22.0,2,999.0,,0
359,3,car,2,6,6,0.0,0.8076923076923077,0.0,0.0,YELLOW,True,6.0,,2,999.0,,0
360,1,car,2,4,28,0.0,1.0,0.0,0.0,YELLOW,True,28.0,22.0,2,999.0,,0
360,3,car,2,6,6,0.0,0.8461538461538461,0.0,0.0,YELLOW,True,6.0,,2,999.0,,0
361,1,car,2,4,28,0.0,1.0,0.0,0.0,YELLOW,True,28.0,22.0,2,999.0,,0
361,3,car,2,6,6,0.0,0.8846153846153846,0.0,0.0,YELLOW,True,6.0,,2,999.0,,0
362,1,car,2,4,28,0.0,1.0,0.0,0.0,YELLOW,True,28.0,22.0,2,999.0,,0
362,3,car,2,6,6,0.0,0.9230769230769232,0.0,0.0,YELLOW,True,6.0,,2,999.0,,0
363,1,car,2,4,28,0.0,1.0,0.0,0.0,YELLOW,True,28.0,22.0,2,999.0,,0
363,3,car,2,6,6,0.0,0.9615384615384616,0.0,0.0,YELLOW,True,6.0,,2,999.0,,0
364,1,car,2,4,28,0.0,1.0,0.0,0.0,YELLOW,True,28.0,22.0,2,999.0,,0
364,3,car,2,6,6,0.0,1.0,0.0,0.0,YELLOW,True,6.0,,2,999.0,,0
365,1,car,2,4,28,0.0,1.0,0.0,0.0,YELLOW,True,28.0,22.0,2,999.0,,0
365,3,car,2,6,6,0.0,1.0,0.0,0.0,YELLOW,True,6.0,,2,999.0,,0
366,1,car,2,4,28,0.0,1.0,0.0,0.0,YELLOW,True,28.0,22.0,2,999.0,,0
366,3,car,2,6,6,0.0,1.0,0.0,0.0,YELLOW,True,6.0,,2,999.0,,0
367,1,car,2,4,28,0.0,1.0,0.0,0.0,YELLOW,True,28.0,22.0,2,999.0,,0
367,3,car,2,6,6,0.0,1.0,0.0,0.0,YELLOW,True,6.0,,2,999.0,,0
368,1,car,2,4,28,0.0,1.0,0.0,0.0,YELLOW,True,28.0,22.0,2,999.0,,0
368,3,car,2,6,6,0.0,1.0,0.0,0.0,YELLOW,True,6.0,,2,999.0,,0
369,1,car,2,4,28,0.0,1.0,0.0,0.0,YELLOW,True,28.0,22.0,2,999.0,,0
369,3,car,2,6,6,1.0,1.0,3.6,1.0,YELLOW,True,6.0,,2,6.0,,0
370,1,car,2,4,28,0.0,1.0,0.0,0.0,YELLOW,True,28.0,22.0,2,999.0,,0
370,3,car,2,6,6,1.0,1.0,3.6,1.0,YELLOW,True,6.0,,2,6.0,,0
371,1,car,2,4,28,0.0,1.0,0.0,0.0,YELLOW,True,28.0,22.0,2,999.0,,0
371,3,car,2,6,6,1.0,1.0,3.6,1.0,YELLOW,True,6.0,,2,6.0,,0
372,1,car,2,4,28,0.0,1.0,0.0,0.0,YELLOW,True,28.0,22.0,2,999.0,,0
372,3,car,2,6,6,1.0,1.0,3.6,1.0,YELLOW,True,6.0,,2,6.0,,0
373,1,car,2,4,28,0.0,1.0,0.0,0.0,YELLOW,True,28.0,22.0,2,999.0,,0
373,3,car,2,6,6,1.0,1.0,3.6,1.0,YELLOW,True,6.0,,2,6.0,,0
374,1,car,2,4,28,0.0,1.0,0.0,0.0,YELLOW,True,28.0,22.0,2,999.0,,0
374,3,car,2,6,6,1.0,1.0,3.6,1.0,YELLOW,True,6.0,,2,6.0,,0
375,1,car,2,4,28,0.0,1.0,0.0,0.0,YELLOW,True,28.0,23.0,2,999.0,,0
375,3,car,2,6,5,0.0,1.0,0.0,0.0,YELLOW,True,5.0,,2,999.0,,0
376,1,car,2,4,28,0.0,1.0,0.0,0.0,YELLOW,True,28.0,22.0,2,999.0,,0
376,3,car,2,6,6,1.0,1.0,3.6,1.0,YELLOW,True,6.0,,2,6.0,,0
377,1,car,2,4,28,0.0,1.0,0.0,0.0,YELLOW,True,28.0,22.0,2,999.0,,0
377,3,car,2,6,6,0.0,1.0,0.0,0.0,YELLOW,True,6.0,,2,999.0,,0
378,1,car,2,4,28,0.0,1.0,0.0,0.0,YELLOW,True,28.0,23.0,2,999.0,,0
378,3,car,2,6,5,0.0,1.0,0.0,0.0,YELLOW,True,5.0,,2,999.0,,0
379,1,car,2,4,28,0.0,1.0,0.0,0.0,YELLOW,True,28.0,23.0,2,999.0,,0
379,3,car,2,6,5,0.0,1.0,0.0,0.0,YELLOW,True,5.0,,2,999.0,,0
380,1,car,2,4,28,0.0,1.0,0.0,0.0,YELLOW,True,28.0,23.0,2,999.0,,0
380,3,car,2,6,5,0.0,1.0,0.0,0.0,YELLOW,True,5.0,,2,999.0,,0
381,1,car,2,4,28,0.0,1.0,0.0,0.0,YELLOW,True,28.0,23.0,2,999.0,,0
381,3,car,2,6,5,0.0,1.0,0.0,0.0,YELLOW,True,5.0,,2,999.0,,0
382,1,car,2,4,28,0.0,1.0,0.0,0.0,YELLOW,True,28.0,23.0,2,999.0,,0
382,3,car,2,6,5,0.0,1.0,0.0,0.0,YELLOW,True,5.0,,2,999.0,,0
383,1,car,2,4,28,0.0,1.0,0.0,0.0,YELLOW,True,28.0,23.0,2,999.0,,0
383,3,car,2,6,5,0.0,1.0,0.0,0.0,YELLOW,True,5.0,,2,999.0,,0
384,1,car,2,4,28,0.0,1.0,0.0,0.0,YELLOW,True,28.0,22.0,2,999.0,,0
384,3,car,2,6,6,0.0,1.0,0.0,0.0,YELLOW,True,6.0,,2,999.0,,0
385,1,car,2,4,28,0.0,1.0,0.0,0.0,YELLOW,True,28.0,22.0,2,999.0,,0
385,3,car,2,6,6,0.0,1.0,0.0,0.0,YELLOW,True,6.0,,2,999.0,,0
386,1,car,2,4,28,0.0,1.0,0.0,0.0,YELLOW,True,28.0,22.0,2,999.0,,0
386,3,car,2,6,6,0.0,1.0,0.0,0.0,YELLOW,True,6.0,,2,999.0,,0
387,1,car,2,4,28,0.0,1.0,0.0,0.0,YELLOW,True,28.0,23.0,2,999.0,,0
387,3,car,2,6,5,1.0,1.0,3.6,1.0,YELLOW,True,5.0,,2,5.0,,0
388,1,car,2,4,28,0.0,1.0,0.0,0.0,YELLOW,True,28.0,22.0,2,999.0,,0
388,3,car,2,6,6,0.0,1.0,0.0,0.0,YELLOW,True,6.0,,2,999.0,,0
389,1,car,2,4,28,0.0,1.0,0.0,0.0,YELLOW,True,28.0,22.0,2,999.0,,0
389,3,car,2,6,6,0.0,1.0,0.0,0.0,YELLOW,True,6.0,,2,999.0,,0
390,1,car,2,4,28,0.0,1.0,0.0,0.0,YELLOW,True,28.0,23.0,2,999.0,,0
390,3,car,2,6,5,1.0,1.0,3.6,1.0,YELLOW,True,5.0,,2,5.0,,0
391,1,car,2,4,28,0.0,1.0,0.0,0.0,YELLOW,True,28.0,22.0,2,999.0,,0
391,3,car,2,6,6,0.0,1.0,0.0,0.0,YELLOW,True,6.0,,2,999.0,,0
392,1,car,2,4,28,0.0,1.0,0.0,0.0,YELLOW,True,28.0,23.0,2,999.0,,0
392,3,car,2,6,5,1.0,1.0,3.6,1.0,YELLOW,True,5.0,,2,5.0,,0
393,1,car,2,4,28,0.0,1.0,0.0,0.0,YELLOW,True,28.0,23.0,2,999.0,,0
393,3,car,2,6,5,1.0,1.0,3.6,1.0,YELLOW,True,5.0,,2,5.0,,0
394,1,car,2,4,28,0.0,1.0,0.0,0.0,YELLOW,True,28.0,,1,999.0,,0
395,1,car,2,4,28,0.0,1.0,0.0,0.0,YELLOW,True,28.0,23.0,2,999.0,,0
395,3,car,2,6,5,1.0,1.0,3.6,1.0,YELLOW,True,5.0,,2,5.0,,0
396,1,car,2,4,28,0.0,1.0,0.0,0.0,YELLOW,True,28.0,23.0,2,999.0,,0
396,3,car,2,6,5,1.0,1.0,3.6,1.0,YELLOW,True,5.0,,2,5.0,,0
397,1,car,2,4,28,0.0,1.0,0.0,0.0,YELLOW,True,28.0,23.0,2,999.0,,0
397,3,car,2,6,5,1.0,1.0,3.6,1.0,YELLOW,True,5.0,,2,5.0,,0
398,1,car,2,4,28,0.0,1.0,0.0,0.0,YELLOW,True,28.0,22.0,2,999.0,,0
398,3,car,2,6,6,0.0,1.0,0.0,0.0,YELLOW,True,6.0,,2,999.0,,0
399,1,car,2,4,28,0.0,1.0,0.0,0.0,YELLOW,True,28.0,22.0,2,999.0,,0
399,3,car,2,6,6,0.0,1.0,0.0,0.0,YELLOW,True,6.0,,2,999.0,,0
400,1,car,2,4,28,0.0,1.0,0.0,0.0,YELLOW,True,28.0,22.0,2,999.0,,0
400,3,car,2,6,6,0.0,1.0,0.0,0.0,YELLOW,True,6.0,,2,999.0,,0
401,1,car,2,4,28,0.0,1.0,0.0,0.0,YELLOW,True,28.0,22.0,2,999.0,,0
401,3,car,2,6,6,1.0,1.0,3.6,1.0,YELLOW,True,6.0,,2,6.0,,0
402,1,car,2,4,28,0.0,1.0,0.0,0.0,YELLOW,True,28.0,22.0,2,999.0,,0
402,3,car,2,6,6,0.0,1.0,0.0,0.0,YELLOW,True,6.0,,2,999.0,,0
403,1,car,2,4,28,0.0,1.0,0.0,0.0,YELLOW,True,28.0,22.0,2,999.0,,0
403,3,car,2,6,6,0.0,1.0,0.0,0.0,YELLOW,True,6.0,,2,999.0,,0
404,1,car,2,4,28,0.0,1.0,0.0,0.0,YELLOW,True,28.0,22.0,2,999.0,,0
404,3,car,2,6,6,1.0,1.0,3.6,1.0,YELLOW,True,6.0,,2,6.0,,0
405,1,car,2,4,28,0.0,1.0,0.0,0.0,YELLOW,True,28.0,22.0,2,999.0,,0
405,3,car,2,6,6,1.0,1.0,3.6,1.0,YELLOW,True,6.0,,2,6.0,,0
406,1,car,2,4,28,0.0,1.0,0.0,0.0,YELLOW,True,28.0,22.0,2,999.0,,0
406,3,car,2,6,6,1.0,1.0,3.6,1.0,YELLOW,True,6.0,,2,6.0,,0
407,1,car,2,4,28,0.0,1.0,0.0,0.0,YELLOW,True,28.0,22.0,2,999.0,,0
407,3,car,2,6,6,1.0,1.0,3.6,1.0,YELLOW,True,6.0,,2,6.0,,0
408,1,car,2,4,28,0.0,1.0,0.0,0.0,YELLOW,True,28.0,22.0,2,999.0,,0
408,3,car,2,6,6,1.0,1.0,3.6,1.0,YELLOW,True,6.0,,2,6.0,,0
409,1,car,2,4,28,0.0,1.0,0.0,0.0,YELLOW,True,28.0,22.0,2,999.0,,0
409,3,car,2,6,6,1.0,1.0,3.6,1.0,YELLOW,True,6.0,,2,6.0,,0
410,1,car,2,4,28,0.0,1.0,0.0,0.0,YELLOW,True,28.0,22.0,2,999.0,,0
410,3,car,2,6,6,0.0,1.0,0.0,0.0,YELLOW,True,6.0,,2,999.0,,0
411,1,car,2,4,28,0.0,1.0,0.0,0.0,YELLOW,True,28.0,23.0,2,999.0,,0
411,3,car,2,6,5,1.0,1.0,3.6,1.0,YELLOW,True,5.0,,2,5.0,,0
412,1,car,2,4,28,0.0,1.0,0.0,0.0,YELLOW,True,28.0,23.0,2,999.0,,0
412,3,car,2,6,5,1.0,1.0,3.6,1.0,YELLOW,True,5.0,,2,5.0,,0
413,1,car,2,4,28,0.0,1.0,0.0,0.0,YELLOW,True,28.0,23.0,2,999.0,,0
413,3,car,2,6,5,0.0,1.0,0.0,0.0,YELLOW,True,5.0,,2,999.0,,0
414,1,car,2,4,28,0.0,1.0,0.0,0.0,YELLOW,True,28.0,22.0,2,999.0,,0
414,3,car,2,6,6,0.0,1.0,0.0,0.0,YELLOW,True,6.0,,2,999.0,,0
415,1,car,2,4,28,0.0,1.0,0.0,0.0,YELLOW,True,28.0,22.0,2,999.0,,0
415,3,car,2,6,6,0.0,1.0,0.0,0.0,YELLOW,True,6.0,,2,999.0,,0
416,1,car,2,4,28,0.0,1.0,0.0,0.0,YELLOW,True,28.0,22.0,2,999.0,,0
416,3,car,2,6,6,1.0,1.0,3.6,1.0,YELLOW,True,6.0,,2,6.0,,0
417,1,car,2,4,28,0.0,1.0,0.0,0.0,YELLOW,True,28.0,22.0,2,999.0,,0
417,3,car,2,6,6,0.0,1.0,0.0,0.0,YELLOW,True,6.0,,2,999.0,,0
418,1,car,2,4,28,0.0,1.0,0.0,0.0,YELLOW,True,28.0,,1,999.0,,0
419,1,car,2,4,28,0.0,1.0,0.0,0.0,YELLOW,True,28.0,,1,999.0,,0
420,1,car,2,4,28,0.0,1.0,0.0,0.0,YELLOW,True,28.0,,1,999.0,,0
421,1,car,2,4,28,0.0,1.0,0.0,0.0,YELLOW,True,28.0,22.0,2,999.0,,0
421,3,car,2,6,6,1.0,1.0,3.6,1.0,YELLOW,True,6.0,,2,6.0,,0
422,1,car,2,4,28,0.0,1.0,0.0,0.0,YELLOW,True,28.0,22.0,2,999.0,,0
422,3,car,2,6,6,1.0,1.0,3.6,1.0,YELLOW,True,6.0,,2,6.0,,0
423,1,car,2,4,28,0.0,1.0,0.0,0.0,YELLOW,True,28.0,,1,999.0,,0
424,1,car,2,4,28,0.0,1.0,0.0,0.0,YELLOW,True,28.0,22.0,2,999.0,,0
424,3,car,2,6,6,1.0,1.0,3.6,1.0,YELLOW,True,6.0,,2,6.0,,0
425,1,car,2,4,28,0.0,1.0,0.0,0.0,YELLOW,True,28.0,22.0,2,999.0,,0
425,3,car,2,6,6,1.0,1.0,3.6,1.0,YELLOW,True,6.0,,2,6.0,,0
426,1,car,2,4,28,0.0,1.0,0.0,0.0,YELLOW,True,28.0,22.0,2,999.0,,0
426,3,car,2,6,6,1.0,1.0,3.6,1.0,YELLOW,True,6.0,,2,6.0,,0
427,1,car,2,4,28,0.0,1.0,0.0,0.0,YELLOW,True,28.0,22.0,2,999.0,,0
427,3,car,2,6,6,0.0,1.0,0.0,0.0,YELLOW,True,6.0,,2,999.0,,0
428,1,car,2,4,28,0.0,1.0,0.0,0.0,YELLOW,True,28.0,22.0,2,999.0,,0
428,3,car,2,6,6,0.0,1.0,0.0,0.0,YELLOW,True,6.0,,2,999.0,,0
429,1,car,2,4,28,0.0,1.0,0.0,0.0,YELLOW,True,28.0,22.0,2,999.0,,0
429,3,car,2,6,6,0.0,1.0,0.0,0.0,YELLOW,True,6.0,,2,999.0,,0
430,1,car,2,4,28,0.0,1.0,0.0,0.0,YELLOW,True,28.0,22.0,2,999.0,,0
430,3,car,2,6,6,0.0,1.0,0.0,0.0,YELLOW,True,6.0,,2,999.0,,0
431,1,car,2,4,28,0.0,1.0,0.0,0.0,YELLOW,True,28.0,22.0,2,999.0,,0
431,3,car,2,6,6,0.0,1.0,0.0,0.0,YELLOW,True,6.0,,2,999.0,,0
432,1,car,2,4,28,0.0,1.0,0.0,0.0,YELLOW,True,28.0,22.0,2,999.0,,0
432,3,car,2,6,6,0.0,1.0,0.0,0.0,YELLOW,True,6.0,,2,999.0,,0
433,1,car,2,4,28,0.0,1.0,0.0,0.0,YELLOW,True,28.0,22.0,2,999.0,,0
433,3,car,2,6,6,0.0,1.0,0.0,0.0,YELLOW,True,6.0,,2,999.0,,0
434,1,car,2,4,28,0.0,1.0,0.0,0.0,YELLOW,True,28.0,22.0,2,999.0,,0
434,3,car,2,6,6,0.0,1.0,0.0,0.0,YELLOW,True,6.0,,2,999.0,,0
435,1,car,2,4,28,0.0,1.0,0.0,0.0,YELLOW,True,28.0,22.0,2,999.0,,0
435,3,car,2,6,6,0.0,1.0,0.0,0.0,YELLOW,True,6.0,,2,999.0,,0
436,1,car,2,4,28,0.0,1.0,0.0,0.0,YELLOW,True,28.0,22.0,2,999.0,,0
436,3,car,2,6,6,0.0,1.0,0.0,0.0,YELLOW,True,6.0,,2,999.0,,0
437,1,car,2,4,28,0.0,1.0,0.0,0.0,YELLOW,True,28.0,22.0,2,999.0,,0
437,3,car,2,6,6,0.0,1.0,0.0,0.0,YELLOW,True,6.0,,2,999.0,,0
438,1,car,2,4,28,0.0,1.0,0.0,0.0,YELLOW,True,28.0,22.0,2,999.0,,0
438,3,car,2,6,6,0.0,1.0,0.0,0.0,YELLOW,True,6.0,,2,999.0,,0
439,1,car,2,4,28,0.0,1.0,0.0,0.0,YELLOW,True,28.0,22.0,2,999.0,,0
439,3,car,2,6,6,0.0,1.0,0.0,0.0,YELLOW,True,6.0,,2,999.0,,0
440,1,car,2,4,28,0.0,1.0,0.0,0.0,YELLOW,True,28.0,22.0,2,999.0,,0
440,3,car,2,6,6,1.0,1.0,3.6,1.0,YELLOW,True,6.0,,2,6.0,,0
441,1,car,2,4,28,0.0,1.0,0.0,0.0,YELLOW,True,28.0,22.0,2,999.0,,0
441,3,car,2,6,6,1.0,1.0,3.6,1.0,YELLOW,True,6.0,,2,6.0,,0
442,1,car,2,4,28,0.0,1.0,0.0,0.0,YELLOW,True,28.0,22.0,2,999.0,,0
442,3,car,2,6,6,1.0,1.0,3.6,1.0,YELLOW,True,6.0,,2,6.0,,0
443,1,car,2,4,28,0.0,1.0,0.0,0.0,YELLOW,True,28.0,22.0,2,999.0,,0
443,3,car,2,6,6,0.0,1.0,0.0,0.0,YELLOW,True,6.0,,2,999.0,,0
444,1,car,2,4,28,0.0,1.0,0.0,0.0,YELLOW,True,28.0,22.0,2,999.0,,0
444,3,car,2,6,6,0.0,1.0,0.0,0.0,YELLOW,True,6.0,,2,999.0,,0
445,1,car,2,4,28,0.0,1.0,0.0,0.0,YELLOW,True,28.0,22.0,3,999.0,,0
445,4,car,0,6,58,,,,0.0,YELLOW,True,58.0,30.0,3,999.0,,0
445,3,car,2,6,6,0.0,1.0,0.0,0.0,YELLOW,True,6.0,,3,999.0,,0
446,1,car,2,4,28,0.0,1.0,0.0,0.0,YELLOW,True,28.0,22.0,3,999.0,,0
446,4,car,0,6,57,,,,0.0,YELLOW,True,57.0,29.0,3,999.0,,0
446,3,car,2,6,6,0.0,1.0,0.0,0.0,YELLOW,True,6.0,,3,999.0,,0
447,1,car,2,4,28,0.0,1.0,0.0,0.0,YELLOW,True,28.0,22.0,3,999.0,,0
447,4,car,0,6,57,,,,0.0,YELLOW,True,57.0,29.0,3,999.0,,0
447,3,car,2,6,6,0.0,1.0,0.0,0.0,YELLOW,True,6.0,,3,999.0,,0
448,1,car,2,4,28,0.0,1.0,0.0,0.0,YELLOW,True,28.0,22.0,3,999.0,,0
448,4,car,0,6,56,,,,0.0,YELLOW,True,56.0,28.0,3,999.0,,0
448,3,car,2,6,6,0.0,1.0,0.0,0.0,YELLOW,True,6.0,,3,999.0,,0
449,1,car,2,4,28,0.0,1.0,0.0,0.0,YELLOW,True,28.0,22.0,3,999.0,,0
449,4,car,0,6,55,,,,0.0,YELLOW,True,55.0,27.0,3,999.0,,0
449,3,car,2,6,6,0.0,1.0,0.0,0.0,YELLOW,True,6.0,,3,999.0,,0
450,1,car,2,4,28,0.0,1.0,0.0,0.0,YELLOW,True,28.0,22.0,3,999.0,,0
450,4,car,0,6,55,,,,0.0,YELLOW,True,55.0,27.0,3,999.0,,0
450,3,car,2,6,6,0.0,1.0,0.0,0.0,YELLOW,True,6.0,,3,999.0,,0
451,1,car,2,4,28,0.0,1.0,0.0,0.0,YELLOW,True,28.0,22.0,3,999.0,,0
451,4,car,0,6,54,,,,0.0,YELLOW,True,54.0,26.0,3,999.0,,0
451,3,car,2,6,6,0.0,1.0,0.0,0.0,YELLOW,True,6.0,,3,999.0,,0
452,1,car,2,4,28,0.0,1.0,0.0,0.0,YELLOW,True,28.0,22.0,4,999.0,,0
452,4,car,0,6,54,,,,0.0,YELLOW,True,54.0,26.0,4,999.0,,0
452,8,motorcycle,3,6,56,,,,0.0,YELLOW,True,56.0,2.0,4,999.0,,0
452,3,car,2,6,6,0.0,1.0,0.0,0.0,YELLOW,True,6.0,,4,999.0,,0
453,1,car,2,4,28,0.0,1.0,0.0,0.0,YELLOW,True,28.0,22.0,3,999.0,,0
453,4,car,0,6,53,,,,0.0,YELLOW,True,53.0,25.0,3,999.0,,0
453,3,car,2,6,6,0.0,1.0,0.0,0.0,YELLOW,True,6.0,,3,999.0,,0
454,1,car,2,4,28,0.0,1.0,0.0,0.0,YELLOW,True,28.0,22.0,3,999.0,,0
454,4,car,0,6,53,,,,0.0,YELLOW,True,53.0,25.0,3,999.0,,0
454,3,car,2,6,6,0.0,1.0,0.0,0.0,YELLOW,True,6.0,,3,999.0,,0
455,1,car,2,4,28,0.0,1.0,0.0,0.0,YELLOW,True,28.0,22.0,3,999.0,,0
455,4,car,0,6,52,,,,0.0,YELLOW,True,52.0,24.0,3,999.0,,0
455,3,car,2,6,6,0.0,1.0,0.0,0.0,YELLOW,True,6.0,,3,999.0,,0
456,1,car,2,4,28,0.0,1.0,0.0,0.0,YELLOW,True,28.0,22.0,4,999.0,,0
456,4,car,0,7,51,,,,0.0,YELLOW,True,51.0,23.0,4,999.0,,0
456,3,car,2,6,6,0.0,1.0,0.0,0.0,YELLOW,True,6.0,,4,999.0,,0
456,10,motorcycle,3,6,54,,,,0.0,YELLOW,True,54.0,3.0,4,999.0,,0
457,1,car,2,4,28,0.0,1.0,0.0,0.0,YELLOW,True,28.0,22.0,4,999.0,,0
457,4,car,0,6,51,7.0,0.5,50.4,14.0,YELLOW,True,51.0,23.0,4,3.642857142857143,,0
457,3,car,2,6,6,0.0,1.0,0.0,0.0,YELLOW,True,6.0,,4,999.0,,0
457,10,motorcycle,3,6,53,,,,0.0,YELLOW,True,53.0,2.0,4,999.0,,0
458,4,car,0,6,51,7.0,0.5384615384615384,46.8,13.0,YELLOW,True,51.0,23.0,4,3.923076923076923,,0
458,1,car,2,4,28,0.0,1.0,0.0,0.0,YELLOW,True,28.0,22.0,4,999.0,,0
458,10,motorcycle,3,6,52,,,,0.0,YELLOW,True,52.0,1.0,4,999.0,,0
458,3,car,2,6,6,0.0,1.0,0.0,0.0,YELLOW,True,6.0,,4,999.0,,0
459,1,car,2,4,28,0.0,1.0,0.0,0.0,YELLOW,True,28.0,22.0,4,999.0,,0
459,4,car,0,7,50,8.0,0.5769230769230769,49.92,13.866666666666667,YELLOW,True,50.0,22.0,4,3.605769230769231,,0
459,10,motorcycle,3,6,52,,,,0.0,YELLOW,True,52.0,2.0,4,999.0,,0
459,3,car,2,6,6,0.0,1.0,0.0,0.0,YELLOW,True,6.0,,4,999.0,,0
460,4,car,0,7,49,9.0,0.6153846153846154,52.65,14.625,YELLOW,True,49.0,21.0,4,3.3504273504273505,,0
460,1,car,2,4,28,0.0,1.0,0.0,0.0,YELLOW,True,28.0,22.0,4,999.0,,0
460,10,motorcycle,3,6,51,,,,0.0,YELLOW,True,51.0,2.0,4,999.0,,0
460,3,car,2,6,6,0.0,1.0,0.0,0.0,YELLOW,True,6.0,,4,999.0,,0
461,1,car,2,4,28,0.0,1.0,0.0,0.0,YELLOW,True,28.0,22.0,4,999.0,,0
461,4,car,0,7,49,9.0,0.6538461538461539,49.55294117647058,13.76470588235294,YELLOW,True,49.0,21.0,4,3.55982905982906,,0
461,10,motorcycle,3,6,51,,,,0.0,YELLOW,True,51.0,2.0,4,999.0,,0
461,3,car,2,6,6,0.0,1.0,0.0,0.0,YELLOW,True,6.0,,4,999.0,,0
462,4,car,0,7,48,10.0,0.6923076923076923,52.0,14.444444444444445,YELLOW,True,48.0,20.0,4,3.323076923076923,,0
462,1,car,2,4,28,0.0,1.0,0.0,0.0,YELLOW,True,28.0,22.0,4,999.0,,0
462,10,motorcycle,3,6,50,,,,0.0,YELLOW,True,50.0,2.0,4,999.0,,0
462,3,car,2,6,6,0.0,1.0,0.0,0.0,YELLOW,True,6.0,,4,999.0,,0
463,4,car,0,7,48,10.0,0.7307692307692307,49.26315789473685,13.684210526315791,YELLOW,True,48.0,20.0,4,3.507692307692307,,0
463,1,car,2,4,28,0.0,1.0,0.0,0.0,YELLOW,True,28.0,22.0,4,999.0,,0
463,10,motorcycle,3,6,50,,,,0.0,YELLOW,True,50.0,2.0,4,999.0,,0
463,3,car,2,6,6,0.0,1.0,0.0,0.0,YELLOW,True,6.0,,4,999.0,,0
464,1,car,2,4,28,0.0,1.0,0.0,0.0,YELLOW,True,28.0,22.0,4,999.0,,0
464,4,car,0,7,47,11.0,0.7692307692307693,51.48,14.3,YELLOW,True,47.0,19.0,4,3.286713286713287,,0
464,10,motorcycle,3,6,50,,,,0.0,YELLOW,True,50.0,3.0,4,999.0,,0
464,3,car,2,6,6,0.0,1.0,0.0,0.0,YELLOW,True,6.0,,4,999.0,,0
465,4,car,0,7,47,11.0,0.8076923076923077,49.02857142857143,13.61904761904762,YELLOW,True,47.0,19.0,4,3.4510489510489517,,0
465,1,car,2,4,28,0.0,1.0,0.0,0.0,YELLOW,True,28.0,22.0,4,999.0,,0
465,10,motorcycle,3,6,49,,,,0.0,YELLOW,True,49.0,2.0,4,999.0,,0
465,3,car,2,6,6,0.0,1.0,0.0,0.0,YELLOW,True,6.0,,4,999.0,,0
466,4,car,0,7,46,12.0,0.8461538461538461,51.054545454545455,14.181818181818182,YELLOW,True,46.0,18.0,4,3.243589743589744,,0
466,1,car,2,4,28,0.0,1.0,0.0,0.0,YELLOW,True,28.0,22.0,4,999.0,,0
466,10,motorcycle,3,6,48,,,,0.0,YELLOW,True,48.0,2.0,4,999.0,,0
466,3,car,2,6,6,0.0,1.0,0.0,0.0,YELLOW,True,6.0,,4,999.0,,0
467,4,car,0,7,46,12.0,0.8846153846153846,48.83478260869565,13.565217391304348,YELLOW,True,46.0,18.0,4,3.391025641025641,,0
467,1,car,2,4,28,0.0,1.0,0.0,0.0,YELLOW,True,28.0,22.0,4,999.0,,0
467,3,car,2,6,6,0.0,1.0,0.0,0.0,YELLOW,True,6.0,,4,999.0,,0
467,10,motorcycle,3,6,48,,,,0.0,YELLOW,True,48.0,2.0,4,999.0,,0
468,4,car,0,6,46,12.0,0.9230769230769232,46.8,13.0,YELLOW,True,46.0,18.0,3,3.5384615384615383,,0
468,1,car,2,4,28,0.0,1.0,0.0,0.0,YELLOW,True,28.0,22.0,3,999.0,,0
468,3,car,2,6,6,0.0,1.0,0.0,0.0,YELLOW,True,6.0,,3,999.0,,0
469,4,car,0,7,45,13.0,0.9615384615384616,48.672,13.52,YELLOW,True,45.0,17.0,4,3.3284023668639056,,0
469,1,car,2,4,28,0.0,1.0,0.0,0.0,YELLOW,True,28.0,22.0,4,999.0,,0
469,10,motorcycle,3,6,47,7.0,0.5,50.4,14.0,YELLOW,True,47.0,2.0,4,3.357142857142857,,0
469,3,car,2,6,6,0.0,1.0,0.0,0.0,YELLOW,True,6.0,,4,999.0,,0
470,4,car,0,7,45,13.0,1.0,46.8,13.0,YELLOW,True,45.0,17.0,4,3.4615384615384617,,0
470,1,car,2,4,28,0.0,1.0,0.0,0.0,YELLOW,True,28.0,22.0,4,999.0,,0
470,10,motorcycle,3,6,46,8.0,0.5384615384615384,53.48571428571429,14.857142857142858,YELLOW,True,46.0,1.0,4,3.0961538461538463,,0
470,3,car,2,6,6,0.0,1.0,0.0,0.0,YELLOW,True,6.0,,4,999.0,,0
471,1,car,2,4,28,0.0,1.0,0.0,0.0,YELLOW,True,28.0,22.0,4,999.0,,0
471,4,car,0,7,44,13.0,1.0,46.8,13.0,YELLOW,True,44.0,16.0,4,3.3846153846153846,,0
471,10,motorcycle,3,6,46,8.0,0.5769230769230769,49.92,13.866666666666667,YELLOW,True,46.0,2.0,4,3.317307692307692,,0
471,3,car,2,6,6,0.0,1.0,0.0,0.0,YELLOW,True,6.0,,4,999.0,,0
472,1,car,2,4,28,0.0,1.0,0.0,0.0,YELLOW,True,28.0,22.0,3,999.0,,0
472,4,car,0,7,44,13.0,1.0,46.8,13.0,YELLOW,True,44.0,16.0,3,3.3846153846153846,,0
472,3,car,2,6,6,0.0,1.0,0.0,0.0,YELLOW,True,6.0,,3,999.0,,0
473,1,car,2,4,28,0.0,1.0,0.0,0.0,YELLOW,True,28.0,22.0,4,999.0,,0
473,4,car,0,7,42,14.0,1.0,50.4,14.0,YELLOW,True,42.0,14.0,4,3.0,,0
473,10,motorcycle,3,6,45,9.0,0.6153846153846154,52.65,14.625,YELLOW,True,45.0,3.0,4,3.076923076923077,,0
473,3,car,2,6,6,0.0,1.0,0.0,0.0,YELLOW,True,6.0,,4,999.0,,0
474,1,car,2,4,28,0.0,1.0,0.0,0.0,YELLOW,True,28.0,22.0,4,999.0,,0
474,4,car,0,7,42,13.0,1.0,46.8,13.0,YELLOW,True,42.0,14.0,4,3.230769230769231,,0
474,3,car,2,6,6,0.0,1.0,0.0,0.0,YELLOW,True,6.0,,4,999.0,,0
474,10,motorcycle,3,6,44,10.0,0.6538461538461539,55.05882352941176,15.294117647058822,YELLOW,True,44.0,2.0,4,2.876923076923077,,0
475,1,car,2,4,28,0.0,1.0,0.0,0.0,YELLOW,True,28.0,22.0,4,999.0,,0
475,4,car,0,7,43,12.0,1.0,43.2,12.0,YELLOW,True,43.0,15.0,4,3.583333333333333,,0
475,3,car,2,6,6,0.0,1.0,0.0,0.0,YELLOW,True,6.0,,4,999.0,,0
475,10,motorcycle,3,6,44,10.0,0.6923076923076923,52.0,14.444444444444445,YELLOW,True,44.0,1.0,4,3.046153846153846,,0
476,1,car,2,4,28,0.0,1.0,0.0,0.0,GREEN,False,28.0,,3,999.0,,0
476,4,car,0,7,42,12.0,1.0,43.2,12.0,GREEN,False,42.0,14.0,3,3.5,,0
476,10,motorcycle,3,6,44,10.0,0.7307692307692307,49.26315789473685,13.684210526315791,GREEN,False,44.0,2.0,3,3.215384615384615,,0
477,1,car,2,4,28,0.0,1.0,0.0,0.0,GREEN,False,28.0,,3,999.0,,0
477,4,car,0,7,41,13.0,1.0,46.8,13.0,GREEN,False,41.0,13.0,3,3.1538461538461537,,0
477,10,motorcycle,3,6,43,11.0,0.7692307692307693,51.48,14.3,GREEN,False,43.0,2.0,3,3.006993006993007,,0
478,1,car,2,4,28,0.0,1.0,0.0,0.0,GREEN,False,28.0,,3,999.0,,0
478,4,car,0,7,41,12.0,1.0,43.2,12.0,GREEN,False,41.0,13.0,3,3.4166666666666665,,0
478,10,motorcycle,3,6,42,12.0,0.8076923076923077,53.48571428571429,14.857142857142858,GREEN,False,42.0,1.0,3,2.8269230769230766,,0
479,1,car,2,4,28,0.0,1.0,0.0,0.0,GREEN,False,28.0,,3,999.0,,0
479,10,motorcycle,3,6,42,12.0,0.8461538461538461,51.054545454545455,14.181818181818182,GREEN,False,42.0,2.0,3,2.9615384615384617,,0
479,4,car,0,7,40,13.0,1.0,46.8,13.0,GREEN,False,40.0,12.0,3,3.076923076923077,,0
480,1,car,2,4,28,0.0,1.0,0.0,0.0,GREEN,False,28.0,,3,999.0,,0
480,4,car,0,7,39,13.0,1.0,46.8,13.0,GREEN,False,39.0,11.0,3,3.0,,0
480,10,motorcycle,3,6,41,13.0,0.8846153846153846,52.90434782608696,14.695652173913045,GREEN,False,41.0,2.0,3,2.789940828402367,,0
481,1,car,2,4,28,0.0,1.0,0.0,0.0,GREEN,False,28.0,,3,999.0,,0
481,4,car,0,7,39,12.0,1.0,43.2,12.0,GREEN,False,39.0,11.0,3,3.25,,0
481,10,motorcycle,3,6,41,13.0,0.9230769230769232,50.7,14.083333333333332,GREEN,False,41.0,2.0,3,2.911242603550296,,0
482,1,car,2,4,28,0.0,1.0,0.0,0.0,GREEN,False,28.0,,3,999.0,,0
482,10,motorcycle,3,6,40,14.0,0.9615384615384616,52.416,14.56,GREEN,False,40.0,2.0,3,2.7472527472527477,,0
482,4,car,0,7,38,13.0,1.0,46.8,13.0,GREEN,False,38.0,10.0,3,2.923076923076923,,0
483,1,car,2,4,28,0.0,1.0,0.0,0.0,GREEN,False,28.0,,3,999.0,,0
483,4,car,0,7,39,12.0,1.0,43.2,12.0,GREEN,False,39.0,11.0,3,3.25,,0
483,10,motorcycle,3,7,39,15.0,1.0,54.0,15.0,GREEN,False,39.0,11.0,3,2.6,,0
484,1,car,2,4,28,0.0,1.0,0.0,0.0,GREEN,False,28.0,,3,999.0,,0
484,4,car,0,7,38,12.0,1.0,43.2,12.0,GREEN,False,38.0,10.0,3,3.1666666666666665,,0
484,10,motorcycle,3,6,39,14.0,1.0,50.4,14.0,GREEN,False,39.0,1.0,3,2.7857142857142856,,0
485,1,car,2,4,28,0.0,1.0,0.0,0.0,GREEN,False,28.0,,3,999.0,,0
485,4,car,0,7,38,11.0,1.0,39.6,11.0,GREEN,False,38.0,10.0,3,3.4545454545454546,,0
485,10,motorcycle,3,7,38,14.0,1.0,50.4,14.0,GREEN,False,38.0,10.0,3,2.7142857142857144,,0
486,1,car,2,4,28,0.0,1.0,0.0,0.0,GREEN,False,28.0,,3,999.0,,0
486,4,car,0,7,37,12.0,1.0,43.2,12.0,GREEN,False,37.0,9.0,3,3.083333333333333,,0
486,10,motorcycle,3,7,38,14.0,1.0,50.4,14.0,GREEN,False,38.0,1.0,3,2.7142857142857144,,0
487,1,car,2,4,28,0.0,1.0,0.0,0.0,GREEN,False,28.0,,2,999.0,,0
487,10,motorcycle,3,7,37,14.0,1.0,50.4,14.0,GREEN,False,37.0,9.0,2,2.642857142857143,,0
488,1,car,2,4,28,0.0,1.0,0.0,0.0,GREEN,False,28.0,,2,999.0,,0
488,10,motorcycle,3,7,37,14.0,1.0,50.4,14.0,GREEN,False,37.0,9.0,2,2.642857142857143,,0
489,1,car,2,4,28,0.0,1.0,0.0,0.0,GREEN,False,28.0,,3,999.0,,0
489,10,motorcycle,3,7,37,13.0,1.0,46.8,13.0,GREEN,False,37.0,4.0,3,2.8461538461538463,,0
489,4,car,0,7,33,15.0,1.0,54.0,15.0,GREEN,False,33.0,5.0,3,2.2,,0
490,1,car,2,4,28,0.0,1.0,0.0,0.0,GREEN,False,28.0,,2,999.0,,0
490,4,car,0,7,34,14.0,1.0,50.4,14.0,GREEN,False,34.0,6.0,2,2.4285714285714284,,0
491,1,car,2,4,28,0.0,1.0,0.0,0.0,GREEN,False,28.0,,1,999.0,,0
492,1,car,2,4,28,0.0,1.0,0.0,0.0,GREEN,False,28.0,,3,999.0,,0
492,4,car,0,7,33,14.0,1.0,50.4,14.0,GREEN,False,33.0,5.0,3,2.357142857142857,,0
492,10,motorcycle,3,7,35,15.0,1.0,54.0,15.0,GREEN,False,35.0,2.0,3,2.333333333333333,,0
493,1,car,2,4,28,0.0,1.0,0.0,0.0,GREEN,False,28.0,,1,999.0,,0
494,1,car,2,4,28,0.0,1.0,0.0,0.0,GREEN,False,28.0,,2,999.0,,0
494,4,car,0,7,33,14.0,1.0,50.4,14.0,GREEN,False,33.0,5.0,2,2.357142857142857,,0
495,1,car,2,4,28,0.0,1.0,0.0,0.0,GREEN,False,28.0,,2,999.0,,0
495,4,car,0,7,33,13.0,1.0,46.8,13.0,GREEN,False,33.0,5.0,2,2.5384615384615383,,0
496,1,car,2,4,28,0.0,1.0,0.0,0.0,GREEN,False,28.0,,2,999.0,,0
496,4,car,0,7,32,14.0,1.0,50.4,14.0,GREEN,False,32.0,4.0,2,2.2857142857142856,,0
497,1,car,2,4,28,0.0,1.0,0.0,0.0,GREEN,False,28.0,,2,999.0,,0
497,4,car,0,7,32,14.0,1.0,50.4,14.0,GREEN,False,32.0,4.0,2,2.2857142857142856,,0
498,1,car,2,4,28,0.0,1.0,0.0,0.0,GREEN,False,28.0,,2,999.0,,0
498,4,car,0,7,32,13.0,1.0,46.8,13.0,GREEN,False,32.0,4.0,2,2.4615384615384617,,0
499,1,car,2,4,28,0.0,1.0,0.0,0.0,GREEN,False,28.0,,2,999.0,,0
499,4,car,0,7,31,14.0,1.0,50.4,14.0,GREEN,False,31.0,3.0,2,2.2142857142857144,,0
500,1,car,2,4,28,0.0,1.0,0.0,0.0,GREEN,False,28.0,,3,999.0,,0
500,11,motorcycle,3,7,31,,,,0.0,GREEN,False,31.0,1.0,3,999.0,,0
500,4,car,0,7,30,14.0,1.0,50.4,14.0,GREEN,False,30.0,2.0,3,2.142857142857143,,0
501,1,car,2,4,28,0.0,1.0,0.0,0.0,GREEN,False,28.0,,1,999.0,,0
502,1,car,2,4,28,0.0,1.0,0.0,0.0,GREEN,False,28.0,,1,999.0,,0
503,1,car,2,4,28,0.0,1.0,0.0,0.0,GREEN,False,28.0,,1,999.0,,0
504,1,car,2,4,28,0.0,1.0,0.0,0.0,GREEN,False,28.0,,1,999.0,,0
505,1,car,2,4,28,0.0,1.0,0.0,0.0,GREEN,False,28.0,,1,999.0,,0
506,1,car,2,4,28,0.0,1.0,0.0,0.0,GREEN,False,28.0,,1,999.0,,0
507,1,car,2,4,28,0.0,1.0,0.0,0.0,GREEN,False,28.0,,1,999.0,,0
508,1,car,2,4,28,0.0,1.0,0.0,0.0,GREEN,False,28.0,,1,999.0,,0
509,1,car,2,4,28,0.0,1.0,0.0,0.0,GREEN,False,28.0,,2,999.0,,0
509,12,car,2,6,28,,,,0.0,GREEN,False,28.0,,2,999.0,,0
510,1,car,2,4,28,0.0,1.0,0.0,0.0,GREEN,False,28.0,,1,999.0,,0
511,1,car,2,4,28,0.0,1.0,0.0,0.0,GREEN,False,28.0,,1,999.0,,0
512,1,car,2,4,28,0.0,1.0,0.0,0.0,GREEN,False,28.0,,1,999.0,,0
513,1,car,2,4,28,0.0,1.0,0.0,0.0,GREEN,False,28.0,,1,999.0,,0
514,1,car,2,4,28,0.0,1.0,0.0,0.0,GREEN,False,28.0,,1,999.0,,0
515,1,car,2,4,28,0.0,1.0,0.0,0.0,GREEN,False,28.0,,1,999.0,,0
516,1,car,2,4,28,0.0,1.0,0.0,0.0,GREEN,False,28.0,,1,999.0,,0
517,1,car,2,4,28,0.0,1.0,0.0,0.0,GREEN,False,28.0,,1,999.0,,0
518,1,car,2,4,28,0.0,1.0,0.0,0.0,GREEN,False,28.0,,1,999.0,,0
519,1,car,2,4,28,0.0,1.0,0.0,0.0,GREEN,False,28.0,,1,999.0,,0
520,1,car,2,4,28,0.0,1.0,0.0,0.0,GREEN,False,28.0,,1,999.0,,0
521,1,car,2,4,28,0.0,1.0,0.0,0.0,GREEN,False,28.0,,1,999.0,,0
522,1,car,2,4,28,0.0,1.0,0.0,0.0,GREEN,False,28.0,,1,999.0,,0
523,1,car,2,4,28,0.0,1.0,0.0,0.0,GREEN,False,28.0,,1,999.0,,0
524,1,car,2,4,28,0.0,1.0,0.0,0.0,GREEN,False,28.0,,1,999.0,,0
525,1,car,2,4,28,0.0,1.0,0.0,0.0,GREEN,False,28.0,,1,999.0,,0
526,1,car,2,4,28,0.0,1.0,0.0,0.0,GREEN,False,28.0,,1,999.0,,0
527,1,car,2,4,28,0.0,1.0,0.0,0.0,GREEN,False,28.0,,1,999.0,,0
528,1,car,2,4,28,0.0,1.0,0.0,0.0,GREEN,False,28.0,,1,999.0,,0
529,1,car,2,4,28,0.0,1.0,0.0,0.0,GREEN,False,28.0,,1,999.0,,0
530,1,car,2,4,28,0.0,1.0,0.0,0.0,GREEN,False,28.0,,1,999.0,,0
531,1,car,2,4,28,0.0,1.0,0.0,0.0,GREEN,False,28.0,,1,999.0,,0
532,1,car,2,4,28,0.0,1.0,0.0,0.0,GREEN,False,28.0,,1,999.0,,0
533,1,car,2,4,28,0.0,1.0,0.0,0.0,GREEN,False,28.0,,1,999.0,,0
534,1,car,2,4,28,0.0,1.0,0.0,0.0,GREEN,False,28.0,,1,999.0,,0
535,1,car,2,4,28,0.0,1.0,0.0,0.0,GREEN,False,28.0,,1,999.0,,0
536,1,car,2,4,28,0.0,1.0,0.0,0.0,GREEN,False,28.0,,1,999.0,,0
537,1,car,2,4,28,0.0,1.0,0.0,0.0,GREEN,False,28.0,,1,999.0,,0
538,1,car,2,4,28,0.0,1.0,0.0,0.0,GREEN,False,28.0,,1,999.0,,0
539,1,car,2,4,28,0.0,1.0,0.0,0.0,GREEN,False,28.0,,1,999.0,,0
540,1,car,2,4,28,0.0,1.0,0.0,0.0,GREEN,False,28.0,,1,999.0,,0
541,1,car,2,4,28,0.0,1.0,0.0,0.0,GREEN,False,28.0,12.0,2,999.0,,0
541,13,car,2,3,16,,,,0.0,GREEN,False,16.0,,2,999.0,,0
542,1,car,2,4,28,0.0,1.0,0.0,0.0,GREEN,False,28.0,12.0,2,999.0,,0
542,13,car,2,3,16,,,,0.0,GREEN,False,16.0,,2,999.0,,0
543,1,car,2,4,28,0.0,1.0,0.0,0.0,GREEN,False,28.0,12.0,2,999.0,,0
543,13,car,2,3,16,,,,0.0,GREEN,False,16.0,,2,999.0,,0
544,1,car,2,4,28,0.0,1.0,0.0,0.0,GREEN,False,28.0,,1,999.0,,0
545,1,car,2,4,28,0.0,1.0,0.0,0.0,GREEN,False,28.0,,1,999.0,,0
546,1,car,2,4,28,0.0,1.0,0.0,0.0,GREEN,False,28.0,12.0,2,999.0,,0
546,13,car,2,3,16,,,,0.0,GREEN,False,16.0,,2,999.0,,0
547,1,car,2,4,28,0.0,1.0,0.0,0.0,GREEN,False,28.0,12.0,2,999.0,,0
547,13,car,2,3,16,,,,0.0,GREEN,False,16.0,,2,999.0,,0
548,1,car,2,4,28,0.0,1.0,0.0,0.0,GREEN,False,28.0,12.0,2,999.0,,0
548,13,car,2,3,16,,,,0.0,GREEN,False,16.0,,2,999.0,,0
549,1,car,2,4,28,0.0,1.0,0.0,0.0,GREEN,False,28.0,,1,999.0,,0
550,1,car,2,4,28,0.0,1.0,0.0,0.0,GREEN,False,28.0,,1,999.0,,0
551,1,car,2,4,28,0.0,1.0,0.0,0.0,GREEN,False,28.0,,1,999.0,,0
552,1,car,2,4,28,0.0,1.0,0.0,0.0,GREEN,False,28.0,,1,999.0,,0
553,1,car,2,4,28,0.0,1.0,0.0,0.0,GREEN,False,28.0,,1,999.0,,0
554,1,car,2,4,28,0.0,1.0,0.0,0.0,GREEN,False,28.0,,1,999.0,,0
555,1,car,2,4,28,0.0,1.0,0.0,0.0,GREEN,False,28.0,,1,999.0,,0
556,1,car,2,4,28,0.0,1.0,0.0,0.0,GREEN,False,28.0,,1,999.0,,0
557,1,car,2,4,28,0.0,1.0,0.0,0.0,GREEN,False,28.0,,1,999.0,,0
558,1,car,2,4,28,0.0,1.0,0.0,0.0,GREEN,False,28.0,,1,999.0,,0
559,1,car,2,4,28,0.0,1.0,0.0,0.0,GREEN,False,28.0,,1,999.0,,0
560,1,car,2,4,27,1.0,1.0,3.6,1.0,GREEN,False,27.0,,1,27.0,,0
561,1,car,2,4,27,1.0,1.0,3.6,1.0,GREEN,False,27.0,,1,27.0,,0
562,1,car,2,4,27,1.0,1.0,3.6,1.0,GREEN,False,27.0,,1,27.0,,0
563,1,car,2,4,27,1.0,1.0,3.6,1.0,GREEN,False,27.0,,1,27.0,,0
564,1,car,2,4,27,1.0,1.0,3.6,1.0,GREEN,False,27.0,,1,27.0,,0
565,1,car,2,4,27,1.0,1.0,3.6,1.0,GREEN,False,27.0,,1,27.0,,0
566,1,car,2,4,27,1.0,1.0,3.6,1.0,GREEN,False,27.0,,1,27.0,,0
567,1,car,2,4,27,1.0,1.0,3.6,1.0,GREEN,False,27.0,,1,27.0,,0
568,1,car,2,4,27,1.0,1.0,3.6,1.0,GREEN,False,27.0,,1,27.0,,0
569,1,car,2,4,27,1.0,1.0,3.6,1.0,GREEN,False,27.0,17.0,2,27.0,,0
569,14,car,2,3,10,,,,0.0,GREEN,False,10.0,,2,999.0,,0
570,1,car,2,4,27,1.0,1.0,3.6,1.0,GREEN,False,27.0,,1,27.0,,0
571,1,car,2,4,26,2.0,1.0,7.2,2.0,GREEN,False,26.0,17.0,2,13.0,,0
571,14,car,2,3,9,,,,0.0,GREEN,False,9.0,,2,999.0,,0
572,1,car,2,4,26,2.0,1.0,7.2,2.0,GREEN,False,26.0,17.0,2,13.0,,0
572,14,car,2,3,9,,,,0.0,GREEN,False,9.0,,2,999.0,,0
573,1,car,2,4,26,2.0,1.0,7.2,2.0,GREEN,False,26.0,17.0,2,13.0,,0
573,14,car,2,3,9,,,,0.0,GREEN,False,9.0,,2,999.0,,0
574,1,car,2,4,25,3.0,1.0,10.8,3.0,GREEN,False,25.0,17.0,2,8.333333333333334,,0
574,14,car,2,3,8,,,,0.0,GREEN,False,8.0,,2,999.0,,0
575,1,car,2,4,25,3.0,1.0,10.8,3.0,GREEN,False,25.0,17.0,2,8.333333333333334,,0
575,14,car,2,3,8,,,,0.0,GREEN,False,8.0,,2,999.0,,0
576,1,car,2,4,25,3.0,1.0,10.8,3.0,GREEN,False,25.0,17.0,2,8.333333333333334,,0
576,14,car,2,3,8,,,,0.0,GREEN,False,8.0,,2,999.0,,0
577,1,car,2,4,25,3.0,1.0,10.8,3.0,GREEN,False,25.0,18.0,2,8.333333333333334,,0
577,14,car,2,3,7,,,,0.0,GREEN,False,7.0,,2,999.0,,0
578,1,car,2,4,25,3.0,1.0,10.8,3.0,GREEN,False,25.0,,1,8.333333333333334,,0
579,1,car,2,4,24,4.0,1.0,14.4,4.0,GREEN,False,24.0,,1,6.0,,0
580,1,car,2,4,24,4.0,1.0,14.4,4.0,GREEN,False,24.0,,1,6.0,,0
581,1,car,2,4,24,4.0,1.0,14.4,4.0,GREEN,False,24.0,,1,6.0,,0
582,1,car,2,4,23,5.0,1.0,18.0,5.0,GREEN,False,23.0,,1,4.6,,0
583,1,car,2,4,23,5.0,1.0,18.0,5.0,GREEN,False,23.0,,1,4.6,,0
584,1,car,2,4,23,5.0,1.0,18.0,5.0,GREEN,False,23.0,,1,4.6,,0
585,1,car,2,4,23,4.0,1.0,14.4,4.0,GREEN,False,23.0,,1,5.75,,0
586,1,car,2,4,23,4.0,1.0,14.4,4.0,GREEN,False,23.0,,1,5.75,,0
587,1,car,2,4,23,4.0,1.0,14.4,4.0,GREEN,False,23.0,,1,5.75,,0
588,1,car,2,4,22,5.0,1.0,18.0,5.0,GREEN,False,22.0,,1,4.4,,0
589,1,car,2,4,22,5.0,1.0,18.0,5.0,GREEN,False,22.0,,1,4.4,,0
590,1,car,2,4,21,6.0,1.0,21.6,6.0,GREEN,False,21.0,,1,3.5,,0
591,1,car,2,4,21,6.0,1.0,21.6,6.0,GREEN,False,21.0,,1,3.5,,0
592,1,car,2,4,20,7.0,1.0,25.2,7.0,GREEN,False,20.0,,1,2.857142857142857,,0
593,1,car,2,4,20,7.0,1.0,25.2,7.0,GREEN,False,20.0,,1,2.857142857142857,,0
594,1,car,2,4,20,7.0,1.0,25.2,7.0,GREEN,False,20.0,,1,2.857142857142857,,0
595,1,car,2,4,20,7.0,1.0,25.2,7.0,GREEN,False,20.0,,1,2.857142857142857,,0
596,1,car,2,4,20,6.0,1.0,21.6,6.0,GREEN,False,20.0,,1,3.333333333333333,,0
597,1,car,2,4,19,7.0,1.0,25.2,7.0,GREEN,False,19.0,,1,2.7142857142857144,,0
598,1,car,2,4,19,7.0,1.0,25.2,7.0,GREEN,False,19.0,,1,2.7142857142857144,,0
599,1,car,2,4,19,6.0,1.0,21.6,6.0,GREEN,False,19.0,,1,3.1666666666666665,,0
600,1,car,2,4,18,7.0,1.0,25.2,7.0,GREEN,False,18.0,,1,2.571428571428572,,0
601,1,car,2,4,17,8.0,1.0,28.8,8.0,GREEN,False,17.0,,1,2.125,,0
602,1,car,2,4,17,8.0,1.0,28.8,8.0,GREEN,False,17.0,,1,2.125,,0
603,1,car,2,4,16,9.0,1.0,32.4,9.0,GREEN,False,16.0,,1,1.7777777777777777,,0
604,1,car,2,4,16,8.0,1.0,28.8,8.0,GREEN,False,16.0,,1,2.0,,0
605,1,car,2,4,16,8.0,1.0,28.8,8.0,GREEN,False,16.0,,1,2.0,,0
606,1,car,2,4,16,8.0,1.0,28.8,8.0,GREEN,False,16.0,,1,2.0,,0
607,1,car,2,4,16,7.0,1.0,25.2,7.0,GREEN,False,16.0,,1,2.2857142857142856,,0
608,1,car,2,4,15,8.0,1.0,28.8,8.0,GREEN,False,15.0,,1,1.875,,0
609,1,car,2,4,15,8.0,1.0,28.8,8.0,GREEN,False,15.0,,1,1.875,,0
610,1,car,2,4,14,9.0,1.0,32.4,9.0,GREEN,False,14.0,,1,1.5555555555555556,,0
611,1,car,2,3,14,9.0,1.0,32.4,9.0,GREEN,False,14.0,,1,1.5555555555555556,,0
612,1,car,2,4,13,10.0,1.0,36.0,10.0,GREEN,False,13.0,,1,1.3,,0
613,1,car,2,3,13,9.0,1.0,32.4,9.0,GREEN,False,13.0,,1,1.4444444444444444,,0
614,1,car,2,3,12,10.0,1.0,36.0,10.0,GREEN,False,12.0,,1,1.2,,0
615,1,car,2,3,12,9.0,1.0,32.4,9.0,GREEN,False,12.0,,1,1.3333333333333333,,0
616,1,car,2,3,12,9.0,1.0,32.4,9.0,GREEN,False,12.0,,1,1.3333333333333333,,0
617,1,car,2,3,12,8.0,1.0,28.8,8.0,GREEN,False,12.0,,1,1.5,,0
618,1,car,2,3,11,9.0,1.0,32.4,9.0,GREEN,False,11.0,,1,1.2222222222222223,,0
619,1,car,2,3,11,9.0,1.0,32.4,9.0,GREEN,False,11.0,,1,1.2222222222222223,,0
620,1,car,2,3,10,10.0,1.0,36.0,10.0,GREEN,False,10.0,,1,1.0,,0
621,1,car,2,3,10,10.0,1.0,36.0,10.0,GREEN,False,10.0,,1,1.0,,0
622,1,car,2,3,9,10.0,1.0,36.0,10.0,GREEN,False,9.0,,1,0.9,,0
623,1,car,2,3,9,10.0,1.0,36.0,10.0,GREEN,False,9.0,,1,0.9,,0
624,1,car,2,3,8,11.0,1.0,39.6,11.0,GREEN,False,8.0,,1,0.7272727272727273,,0
625,1,car,2,3,7,11.0,1.0,39.6,11.0,GREEN,False,7.0,,1,0.6363636363636364,,0
626,1,car,2,3,7,10.0,1.0,36.0,10.0,GREEN,False,7.0,,1,0.7,,0
627,1,car,2,3,7,10.0,1.0,36.0,10.0,GREEN,False,7.0,,1,0.7,,0
628,1,car,2,3,6,10.0,1.0,36.0,10.0,GREEN,False,6.0,,1,0.6,,0
629,1,car,2,3,6,10.0,1.0,36.0,10.0,GREEN,False,6.0,,1,0.6,,0
630,1,car,2,3,7,9.0,1.0,32.4,9.0,GREEN,False,7.0,,1,0.7777777777777778,,0
631,1,car,2,3,6,10.0,1.0,36.0,10.0,GREEN,False,6.0,,1,0.6,,0
632,1,car,2,3,6,10.0,1.0,36.0,10.0,GREEN,False,6.0,,1,0.6,,0
633,1,car,2,3,4,11.0,1.0,39.6,11.0,GREEN,False,4.0,,1,0.3636363636363636,,0
634,1,car,2,3,4,11.0,1.0,39.6,11.0,GREEN,False,4.0,,1,0.3636363636363636,,0
635,1,car,2,3,4,10.0,1.0,36.0,10.0,GREEN,False,4.0,,1,0.4,,0
636,1,car,2,3,4,10.0,1.0,36.0,10.0,GREEN,False,4.0,,1,0.4,,0
637,1,car,2,3,3,10.0,1.0,36.0,10.0,GREEN,False,3.0,,1,0.3,,0
638,1,car,2,3,3,10.0,1.0,36.0,10.0,GREEN,False,3.0,,1,0.3,,0
639,1,car,2,3,3,9.0,1.0,32.4,9.0,GREEN,False,3.0,,1,0.3333333333333333,,0
640,1,car,2,3,2,10.0,1.0,36.0,10.0,GREEN,False,2.0,,1,0.2,,0
641,1,car,2,3,2,10.0,1.0,36.0,10.0,GREEN,False,2.0,,1,0.2,,0
642,1,car,2,3,1,11.0,1.0,39.6,11.0,GREEN,False,1.0,,1,0.0909090909090909,,0
643,1,car,2,3,1,10.0,1.0,36.0,10.0,GREEN,False,1.0,,1,0.1,,0
644,1,car,2,3,0,11.0,1.0,39.6,11.0,GREEN,False,0.0,,1,999.0,stop,1
645,1,car,2,3,0,10.0,1.0,36.0,10.0,GREEN,False,0.0,,1,999.0,stop,1
646,1,car,2,3,0,10.0,1.0,36.0,10.0,GREEN,False,0.0,,1,999.0,stop,1
647,1,car,2,3,0,9.0,1.0,32.4,9.0,GREEN,False,0.0,,1,999.0,stop,1
655,15,car,2,1,41,,,,0.0,GREEN,False,41.0,,1,999.0,,0
660,15,car,2,1,41,,,,0.0,GREEN,False,41.0,,1,999.0,,0
734,17,car,2,1,57,,,,0.0,GREEN,False,57.0,,1,999.0,,0
735,17,car,2,1,56,,,,0.0,GREEN,False,56.0,,1,999.0,,0
736,17,car,2,1,55,,,,0.0,GREEN,False,55.0,,1,999.0,,0
737,17,car,2,1,54,,,,0.0,GREEN,False,54.0,,1,999.0,,0
738,17,car,2,1,53,,,,0.0,GREEN,False,53.0,,1,999.0,,0
739,17,car,2,1,52,,,,0.0,GREEN,False,52.0,,1,999.0,,0
740,17,car,2,1,51,,,,0.0,GREEN,False,51.0,,1,999.0,,0
741,17,car,2,1,50,,,,0.0,GREEN,False,50.0,,1,999.0,,0
742,17,car,2,1,49,,,,0.0,GREEN,False,49.0,,1,999.0,,0
743,17,car,2,1,48,,,,0.0,GREEN,False,48.0,,1,999.0,,0
744,17,car,2,1,47,,,,0.0,GREEN,False,47.0,,1,999.0,,0
745,17,car,2,1,47,,,,0.0,GREEN,False,47.0,,1,999.0,,0
746,17,car,2,1,46,11.0,0.5,79.2,22.0,GREEN,False,46.0,,1,2.090909090909091,,0
747,17,car,2,1,45,12.0,0.5384615384615384,80.22857142857144,22.28571428571429,GREEN,False,45.0,,1,2.019230769230769,,0
748,17,car,2,1,43,14.0,0.5769230769230769,87.36000000000001,24.26666666666667,GREEN,False,43.0,,1,1.7719780219780217,,1
749,17,car,2,1,43,14.0,0.6153846153846154,81.9,22.75,GREEN,False,43.0,,1,1.89010989010989,,1
750,17,car,2,1,42,15.0,0.6538461538461539,82.58823529411765,22.94117647058824,GREEN,False,42.0,,1,1.8307692307692307,,1
751,17,car,2,1,41,16.0,0.6923076923076923,83.2,23.11111111111111,GREEN,False,41.0,,1,1.7740384615384617,,1
752,17,car,2,1,40,17.0,0.7307692307692307,83.74736842105264,23.26315789473684,GREEN,False,40.0,,1,1.7194570135746603,,1
753,18,car,2,6,57,,,,0.0,GREEN,False,57.0,16.0,2,999.0,,0
753,17,car,2,1,41,16.0,0.7692307692307693,74.88,20.8,GREEN,False,41.0,,2,1.9711538461538465,,0
754,18,car,2,6,56,,,,0.0,GREEN,False,56.0,17.0,2,999.0,,0
754,17,car,2,1,39,18.0,0.8076923076923077,80.22857142857143,22.285714285714285,GREEN,False,39.0,,2,1.75,,1
755,18,car,2,6,56,,,,0.0,GREEN,False,56.0,16.0,2,999.0,,0
755,17,car,2,1,40,17.0,0.8461538461538461,72.32727272727273,20.09090909090909,GREEN,False,40.0,,2,1.990950226244344,,0
756,18,car,2,6,55,,,,0.0,GREEN,False,55.0,,1,999.0,,0
757,18,car,2,6,54,,,,0.0,GREEN,False,54.0,17.0,2,999.0,,0
757,17,car,2,1,37,20.0,0.8846153846153846,81.3913043478261,22.608695652173918,GREEN,False,37.0,,2,1.6365384615384615,,1
758,18,car,2,6,54,,,,0.0,GREEN,False,54.0,17.0,2,999.0,,0
758,17,car,2,1,37,20.0,0.9230769230769232,78.0,21.666666666666664,GREEN,False,37.0,,2,1.7076923076923078,,1
759,18,car,2,7,53,,,,0.0,GREEN,False,53.0,,1,999.0,,0
760,18,car,2,6,52,,,,0.0,GREEN,False,52.0,17.0,2,999.0,,0
760,17,car,2,1,35,22.0,0.9615384615384616,82.368,22.88,GREEN,False,35.0,,2,1.5297202797202798,,1
761,18,car,2,6,52,,,,0.0,GREEN,False,52.0,17.0,2,999.0,,0
761,17,car,2,1,35,22.0,1.0,79.2,22.0,GREEN,False,35.0,,2,1.5909090909090908,,1
762,18,car,2,6,51,,,,0.0,GREEN,False,51.0,17.0,2,999.0,,0
762,17,car,2,1,34,22.0,1.0,79.2,22.0,GREEN,False,34.0,,2,1.5454545454545454,,1
763,18,car,2,6,50,,,,0.0,GREEN,False,50.0,17.0,2,999.0,,0
763,17,car,2,1,33,22.0,1.0,79.2,22.0,GREEN,False,33.0,,2,1.5,,1
764,18,car,2,6,50,,,,0.0,GREEN,False,50.0,18.0,2,999.0,,0
764,17,car,2,1,32,22.0,1.0,79.2,22.0,GREEN,False,32.0,,2,1.4545454545454546,,0
765,18,car,2,6,49,8.0,0.5,57.6,16.0,GREEN,False,49.0,,1,3.0625,,0
766,18,car,2,7,48,9.0,0.5384615384615384,60.17142857142858,16.714285714285715,GREEN,False,48.0,,1,2.871794871794872,,0
767,18,car,2,7,48,9.0,0.5769230769230769,56.16,15.6,GREEN,False,48.0,18.0,2,3.0769230769230766,,0
767,17,car,2,1,30,23.0,1.0,82.8,23.0,GREEN,False,30.0,,2,1.3043478260869563,,0
768,18,car,2,6,48,9.0,0.6153846153846154,52.65,14.625,GREEN,False,48.0,,1,3.282051282051282,,0
769,18,car,2,6,47,10.0,0.6538461538461539,55.05882352941176,15.294117647058822,GREEN,False,47.0,7.0,3,3.0730769230769237,,0
769,20,car,2,1,40,,,,0.0,GREEN,False,40.0,12.0,3,999.0,,0
769,17,car,2,1,28,24.0,1.0,86.4,24.0,GREEN,False,28.0,,3,1.1666666666666667,,0
770,18,car,2,6,47,10.0,0.6923076923076923,52.0,14.444444444444445,GREEN,False,47.0,7.0,3,3.253846153846154,,0
770,20,car,2,1,40,,,,0.0,GREEN,False,40.0,13.0,3,999.0,,0
770,17,car,2,1,27,24.0,1.0,86.4,24.0,GREEN,False,27.0,,3,1.125,,0
771,18,car,2,6,46,11.0,0.7307692307692307,54.18947368421053,15.05263157894737,GREEN,False,46.0,6.0,2,3.055944055944056,,0
771,20,car,2,1,40,,,,0.0,GREEN,False,40.0,,2,999.0,,0
772,17,car,2,1,26,24.0,1.0,86.4,24.0,GREEN,False,26.0,,3,1.0833333333333333,,0
772,18,car,2,6,45,12.0,0.7692307692307693,56.16,15.6,GREEN,False,45.0,4.0,3,2.8846153846153846,,0
772,20,car,2,1,41,,,,0.0,GREEN,False,41.0,15.0,3,999.0,,0
773,17,car,2,1,25,24.0,1.0,86.4,24.0,GREEN,False,25.0,,3,1.0416666666666667,,0
773,20,car,2,1,41,,,,0.0,GREEN,False,41.0,16.0,3,999.0,,0
773,18,car,2,6,44,13.0,0.8076923076923077,57.94285714285714,16.095238095238095,GREEN,False,44.0,3.0,3,2.733727810650888,,0
774,18,car,2,6,44,13.0,0.8461538461538461,55.30909090909091,15.363636363636363,GREEN,False,44.0,4.0,2,2.863905325443787,,0
774,20,car,2,1,40,,,,0.0,GREEN,False,40.0,,2,999.0,,0
775,18,car,2,6,43,14.0,0.8846153846153846,56.97391304347826,15.82608695652174,GREEN,False,43.0,18.0,2,2.7170329670329667,,0
775,17,car,2,1,25,23.0,1.0,82.8,23.0,GREEN,False,25.0,,2,1.0869565217391304,,0
776,18,car,2,6,43,14.0,0.9230769230769232,54.6,15.166666666666666,GREEN,False,43.0,,1,2.8351648351648358,,0
777,18,car,2,6,42,15.0,0.9615384615384616,56.16,15.6,GREEN,False,42.0,19.0,2,2.6923076923076925,,0
777,17,car,2,1,23,24.0,1.0,86.4,24.0,GREEN,False,23.0,,2,0.9583333333333334,,0
778,17,car,2,1,22,25.0,1.0,90.0,25.0,GREEN,False,22.0,,2,0.88,,0
778,18,car,2,6,41,16.0,1.0,57.6,16.0,GREEN,False,41.0,19.0,2,2.5625,,0
779,17,car,2,1,22,24.0,1.0,86.4,24.0,GREEN,False,22.0,,2,0.9166666666666666,,0
779,18,car,2,6,41,15.0,1.0,54.0,15.0,GREEN,False,41.0,19.0,2,2.7333333333333334,,0
780,17,car,2,1,21,24.0,1.0,86.4,24.0,GREEN,False,21.0,,2,0.875,,0
780,18,car,2,6,40,16.0,1.0,57.6,16.0,GREEN,False,40.0,19.0,2,2.5,,0
781,18,car,2,6,39,16.0,1.0,57.6,16.0,GREEN,False,39.0,19.0,2,2.4375,,0
781,17,car,2,1,20,23.0,1.0,82.8,23.0,GREEN,False,20.0,,2,0.8695652173913043,,0
782,18,car,2,6,39,15.0,1.0,54.0,15.0,GREEN,False,39.0,19.0,2,2.6,,0
782,17,car,2,1,20,23.0,1.0,82.8,23.0,GREEN,False,20.0,,2,0.8695652173913043,,0
783,18,car,2,6,38,16.0,1.0,57.6,16.0,GREEN,False,38.0,20.0,2,2.375,,0
783,17,car,2,1,18,24.0,1.0,86.4,24.0,GREEN,False,18.0,,2,0.75,,0
784,18,car,2,6,37,16.0,1.0,57.6,16.0,GREEN,False,37.0,,1,2.3125,,0
785,18,car,2,6,37,15.0,1.0,54.0,15.0,GREEN,False,37.0,18.0,2,2.466666666666667,,0
785,17,car,2,1,19,22.0,1.0,79.2,22.0,GREEN,False,19.0,,2,0.8636363636363636,,0
786,18,car,2,6,36,16.0,1.0,57.6,16.0,GREEN,False,36.0,19.0,2,2.25,,0
786,17,car,2,1,17,23.0,1.0,82.8,23.0,GREEN,False,17.0,,2,0.7391304347826086,,0
787,18,car,2,6,36,15.0,1.0,54.0,15.0,GREEN,False,36.0,21.0,2,2.4,,0
787,17,car,2,1,15,26.0,1.0,93.6,26.0,GREEN,False,15.0,,2,0.5769230769230769,,0
788,18,car,2,6,35,15.0,1.0,54.0,15.0,GREEN,False,35.0,21.0,2,2.333333333333333,,0
788,17,car,2,1,14,25.0,1.0,90.0,25.0,GREEN,False,14.0,,2,0.56,,0
789,18,car,2,6,34,16.0,1.0,57.6,16.0,GREEN,False,34.0,19.0,2,2.125,,0
789,17,car,2,1,15,25.0,1.0,90.0,25.0,GREEN,False,15.0,,2,0.6,,0
790,20,car,2,1,41,,,,0.0,GREEN,False,41.0,8.0,2,999.0,,0
790,18,car,2,6,33,16.0,1.0,57.6,16.0,GREEN,False,33.0,,2,2.0625,,0
791,18,car,2,6,33,15.0,1.0,54.0,15.0,GREEN,False,33.0,,1,2.2,,0
792,18,car,2,6,33,15.0,1.0,54.0,15.0,GREEN,False,33.0,,2,2.2,,0
792,20,car,2,1,40,,,,0.0,GREEN,False,40.0,7.0,2,999.0,,0
793,18,car,2,6,32,16.0,1.0,57.6,16.0,GREEN,False,32.0,,1,2.0,,0
794,18,car,2,6,32,15.0,1.0,54.0,15.0,GREEN,False,32.0,,1,2.1333333333333333,,0
795,18,car,2,6,32,15.0,1.0,54.0,15.0,GREEN,False,32.0,,1,2.1333333333333333,,0
796,18,car,2,6,31,15.0,1.0,54.0,15.0,GREEN,False,31.0,,1,2.066666666666667,,0
797,18,car,2,6,31,14.0,1.0,50.4,14.0,GREEN,False,31.0,,1,2.2142857142857144,,0
798,18,car,2,6,30,14.0,1.0,50.4,14.0,GREEN,False,30.0,,1,2.142857142857143,,0
799,18,car,2,6,29,15.0,1.0,54.0,15.0,GREEN,False,29.0,21.0,2,1.9333333333333331,,0
799,17,car,2,1,8,29.0,1.0,104.4,29.0,GREEN,False,8.0,,2,0.2758620689655172,,0
800,18,car,2,6,29,14.0,1.0,50.4,14.0,GREEN,False,29.0,22.0,2,2.071428571428572,,0
800,17,car,2,1,7,30.0,1.0,108.0,30.0,GREEN,False,7.0,,2,0.2333333333333333,,0
801,18,car,2,6,29,14.0,1.0,50.4,14.0,GREEN,False,29.0,22.0,2,2.071428571428572,,0
801,17,car,2,1,7,28.0,1.0,100.8,28.0,GREEN,False,7.0,,2,0.25,,0
802,18,car,2,6,29,13.0,1.0,46.8,13.0,GREEN,False,29.0,22.0,2,2.230769230769231,,0
802,17,car,2,1,7,28.0,1.0,100.8,28.0,GREEN,False,7.0,,2,0.25,,0
803,18,car,2,6,28,13.0,1.0,46.8,13.0,GREEN,False,28.0,21.0,2,2.1538461538461537,,0
803,17,car,2,1,7,27.0,1.0,97.2,27.0,GREEN,False,7.0,,2,0.2592592592592592,,0
804,17,car,2,1,7,26.0,1.0,93.6,26.0,GREEN,False,7.0,,2,0.2692307692307692,,0
804,18,car,2,6,27,14.0,1.0,50.4,14.0,GREEN,False,27.0,20.0,2,1.9285714285714288,,0
805,18,car,2,6,27,13.0,1.0,46.8,13.0,GREEN,False,27.0,20.0,2,2.076923076923077,,0
805,17,car,2,1,7,25.0,1.0,90.0,25.0,GREEN,False,7.0,,2,0.28,,0
806,18,car,2,6,27,12.0,1.0,43.2,12.0,GREEN,False,27.0,20.0,2,2.25,,0
806,17,car,2,1,7,23.0,1.0,82.8,23.0,GREEN,False,7.0,,2,0.3043478260869565,,0
807,18,car,2,6,26,13.0,1.0,46.8,13.0,GREEN,False,26.0,20.0,2,2.0,,0
807,17,car,2,1,6,22.0,1.0,79.2,22.0,GREEN,False,6.0,,2,0.2727272727272727,,0
808,17,car,2,1,6,21.0,1.0,75.60000000000001,21.0,GREEN,False,6.0,,2,0.2857142857142857,,0
808,18,car,2,6,26,12.0,1.0,43.2,12.0,GREEN,False,26.0,20.0,2,2.1666666666666665,,0
809,26,motorcycle,3,7,53,,,,0.0,GREEN,False,53.0,2.0,4,999.0,,0
809,27,car,0,7,51,,,,0.0,GREEN,False,51.0,25.0,4,999.0,,0
809,17,car,2,1,6,20.0,1.0,72.0,20.0,GREEN,False,6.0,,4,0.3,,0
809,18,car,2,6,26,11.0,1.0,39.6,11.0,GREEN,False,26.0,20.0,4,2.363636363636364,,0
810,18,car,2,7,26,11.0,1.0,39.6,11.0,GREEN,False,26.0,20.0,3,2.363636363636364,,0
810,17,car,2,1,6,19.0,1.0,68.4,19.0,GREEN,False,6.0,,3,0.3157894736842105,,0
810,27,car,0,7,50,,,,0.0,GREEN,False,50.0,24.0,3,999.0,,0
811,27,car,0,7,49,,,,0.0,GREEN,False,49.0,24.0,3,999.0,,0
811,17,car,2,1,6,19.0,1.0,68.4,19.0,GREEN,False,6.0,,3,0.3157894736842105,,0
811,18,car,2,7,25,11.0,1.0,39.6,11.0,GREEN,False,25.0,19.0,3,2.272727272727273,,0
812,27,car,0,7,49,,,,0.0,GREEN,False,49.0,43.0,2,999.0,,0
812,17,car,2,1,6,17.0,1.0,61.2,17.0,GREEN,False,6.0,,2,0.3529411764705882,,0
813,27,car,0,7,48,,,,0.0,GREEN,False,48.0,24.0,3,999.0,,0
813,17,car,2,1,4,18.0,1.0,64.8,18.0,GREEN,False,4.0,,3,0.2222222222222222,,0
813,18,car,2,7,24,12.0,1.0,43.2,12.0,GREEN,False,24.0,20.0,3,2.0,,0
814,18,car,2,6,24,11.0,1.0,39.6,11.0,GREEN,False,24.0,,3,2.1818181818181817,,0
814,27,car,0,8,46,,,,0.0,GREEN,False,46.0,6.0,3,999.0,,0
814,20,car,2,1,40,,,,0.0,GREEN,False,40.0,16.0,3,999.0,,0
815,18,car,2,6,24,10.0,1.0,36.0,10.0,GREEN,False,24.0,,2,2.4,,0
815,27,car,0,6,52,,,,0.0,GREEN,False,52.0,28.0,2,999.0,,0
816,27,car,0,6,50,,,,0.0,GREEN,False,50.0,26.0,2,999.0,,0
816,18,car,2,6,24,9.0,1.0,32.4,9.0,GREEN,False,24.0,,2,2.6666666666666665,,0
817,27,car,0,6,49,,,,0.0,GREEN,False,49.0,25.0,2,999.0,,0
817,18,car,2,7,24,9.0,1.0,32.4,9.0,GREEN,False,24.0,,2,2.6666666666666665,,0
818,27,car,0,6,49,,,,0.0,GREEN,False,49.0,25.0,3,999.0,,0
818,18,car,2,7,24,9.0,1.0,32.4,9.0,GREEN,False,24.0,,3,2.6666666666666665,,0
818,36,motorcycle,3,6,52,,,,0.0,GREEN,False,52.0,3.0,3,999.0,,0
819,27,car,0,6,49,,,,0.0,GREEN,False,49.0,26.0,3,999.0,,0
819,18,car,2,7,23,9.0,1.0,32.4,9.0,GREEN,False,23.0,,3,2.555555555555556,,0
819,36,motorcycle,3,6,51,,,,0.0,GREEN,False,51.0,2.0,3,999.0,,0
820,27,car,0,6,48,,,,0.0,GREEN,False,48.0,25.0,3,999.0,,0
820,36,motorcycle,3,6,50,,,,0.0,GREEN,False,50.0,2.0,3,999.0,,0
820,18,car,2,7,23,9.0,1.0,32.4,9.0,GREEN,False,23.0,,3,2.555555555555556,,0
821,27,car,0,6,47,4.0,0.5,28.8,8.0,GREEN,False,47.0,25.0,3,5.875,,0
821,36,motorcycle,3,6,50,,,,0.0,GREEN,False,50.0,3.0,3,999.0,,0
821,18,car,2,7,22,10.0,1.0,36.0,10.0,GREEN,False,22.0,,3,2.2,,0
822,27,car,0,7,44,7.0,0.5384615384615384,46.8,13.0,GREEN,False,44.0,4.0,4,3.3846153846153846,,0
822,18,car,2,7,22,9.0,1.0,32.4,9.0,GREEN,False,22.0,,4,2.4444444444444446,,0
822,20,car,2,1,40,,,,0.0,GREEN,False,40.0,18.0,4,999.0,,0
822,36,motorcycle,3,6,47,,,,0.0,GREEN,False,47.0,3.0,4,999.0,,0
823,27,car,0,6,45,6.0,0.5769230769230769,37.440000000000005,10.4,GREEN,False,45.0,23.0,3,4.326923076923077,,0
823,36,motorcycle,3,6,48,,,,0.0,GREEN,False,48.0,3.0,3,999.0,,0
823,18,car,2,7,22,9.0,1.0,32.4,9.0,GREEN,False,22.0,,3,2.4444444444444446,,0
824,27,car,0,6,45,6.0,0.6153846153846154,35.1,9.75,GREEN,False,45.0,5.0,4,4.615384615384615,,0
824,20,car,2,1,40,,,,0.0,GREEN,False,40.0,18.0,4,999.0,,0
824,36,motorcycle,3,6,48,,,,0.0,GREEN,False,48.0,3.0,4,999.0,,0
824,18,car,2,7,22,8.0,1.0,28.8,8.0,GREEN,False,22.0,,4,2.75,,0
825,27,car,0,6,44,7.0,0.6538461538461539,38.54117647058823,10.705882352941176,GREEN,False,44.0,4.0,3,4.10989010989011,,0
825,20,car,2,1,40,,,,0.0,GREEN,False,40.0,19.0,3,999.0,,0
825,18,car,2,7,21,8.0,1.0,28.8,8.0,GREEN,False,21.0,,3,2.625,,0
826,20,car,2,1,40,0.0,0.5,0.0,0.0,GREEN,False,40.0,19.0,4,999.0,,0
826,18,car,2,7,21,8.0,1.0,28.8,8.0,GREEN,False,21.0,,4,2.625,,0
826,27,car,0,6,42,9.0,0.6923076923076923,46.8,13.0,GREEN,False,42.0,2.0,4,3.230769230769231,,0
826,36,motorcycle,3,6,46,,,,0.0,GREEN,False,46.0,4.0,4,999.0,,0
827,20,car,2,1,40,0.0,0.5384615384615384,0.0,0.0,GREEN,False,40.0,19.0,2,999.0,,0
827,18,car,2,7,21,8.0,1.0,28.8,8.0,GREEN,False,21.0,,2,2.625,,0
828,18,car,2,7,21,8.0,1.0,28.8,8.0,GREEN,False,21.0,,3,2.625,,0
828,20,car,2,1,40,0.0,0.5769230769230769,0.0,0.0,GREEN,False,40.0,19.0,3,999.0,,0
828,36,motorcycle,3,6,44,,,,0.0,GREEN,False,44.0,4.0,3,999.0,,0
829,20,car,2,1,40,0.0,0.6153846153846154,0.0,0.0,GREEN,False,40.0,19.0,2,999.0,,0
829,18,car,2,8,21,7.0,1.0,25.2,7.0,GREEN,False,21.0,,2,3.0,,0
830,18,car,2,8,21,6.0,1.0,21.6,6.0,GREEN,False,21.0,,2,3.5,,0
830,20,car,2,1,41,1.0,0.6538461538461539,5.505882352941176,1.5294117647058822,GREEN,False,41.0,20.0,2,26.80769230769231,,0
831,18,car,2,8,21,6.0,1.0,21.6,6.0,GREEN,False,21.0,,2,3.5,,0
831,20,car,2,1,41,1.0,0.6923076923076923,5.2,1.4444444444444444,GREEN,False,41.0,20.0,2,28.384615384615387,,0
832,18,car,2,8,21,6.0,1.0,21.6,6.0,GREEN,False,21.0,,1,3.5,,0
833,18,car,2,8,20,6.0,1.0,21.6,6.0,GREEN,False,20.0,,1,3.333333333333333,,0
834,18,car,2,8,20,6.0,1.0,21.6,6.0,GREEN,False,20.0,,2,3.333333333333333,,0
834,36,car,2,6,37,,,,0.0,GREEN,False,37.0,17.0,2,999.0,,0
835,18,car,2,8,20,6.0,1.0,21.6,6.0,GREEN,False,20.0,,1,3.333333333333333,,0
836,18,car,2,8,20,6.0,1.0,21.6,6.0,GREEN,False,20.0,,2,3.333333333333333,,0
836,36,motorcycle,3,6,37,,,,0.0,GREEN,False,37.0,17.0,2,999.0,,0
837,18,car,2,8,19,6.0,1.0,21.6,6.0,GREEN,False,19.0,,1,3.1666666666666665,,0
850,47,motorcycle,3,7,51,,,,0.0,GREEN,False,51.0,,1,999.0,,0
851,48,car,0,7,48,,,,0.0,GREEN,False,48.0,,2,999.0,,0
851,47,motorcycle,3,7,50,,,,0.0,GREEN,False,50.0,2.0,2,999.0,,0
852,48,car,0,7,48,,,,0.0,GREEN,False,48.0,,2,999.0,,0
852,47,motorcycle,3,7,49,,,,0.0,GREEN,False,49.0,1.0,2,999.0,,0
853,48,car,0,7,46,,,,0.0,GREEN,False,46.0,,2,999.0,,0
853,47,motorcycle,3,6,49,,,,0.0,GREEN,False,49.0,3.0,2,999.0,,0
854,47,motorcycle,3,6,48,,,,0.0,GREEN,False,48.0,2.0,2,999.0,,0
854,48,car,0,7,46,,,,0.0,GREEN,False,46.0,,2,999.0,,0
855,48,car,0,7,45,,,,0.0,GREEN,False,45.0,,2,999.0,,0
855,47,motorcycle,3,6,47,,,,0.0,GREEN,False,47.0,2.0,2,999.0,,0
856,47,motorcycle,3,6,46,,,,0.0,GREEN,False,46.0,3.0,2,999.0,,0
856,48,car,0,7,43,,,,0.0,GREEN,False,43.0,,2,999.0,,0
857,47,motorcycle,3,6,46,,,,0.0,GREEN,False,46.0,3.0,2,999.0,,0
857,48,car,0,7,43,,,,0.0,GREEN,False,43.0,,2,999.0,,0
858,47,motorcycle,3,6,45,,,,0.0,GREEN,False,45.0,,1,999.0,,0
859,47,motorcycle,3,6,44,,,,0.0,GREEN,False,44.0,,1,999.0,,0
860,47,motorcycle,3,6,44,,,,0.0,GREEN,False,44.0,2.0,2,999.0,,0
860,48,car,0,7,42,,,,0.0,GREEN,False,42.0,,2,999.0,,0
861,47,motorcycle,3,6,43,,,,0.0,GREEN,False,43.0,2.0,2,999.0,,0
861,48,car,0,7,41,,,,0.0,GREEN,False,41.0,,2,999.0,,0
862,47,motorcycle,3,6,42,9.0,0.5,64.8,18.0,GREEN,False,42.0,2.0,2,2.333333333333333,,0
862,48,car,0,7,40,,,,0.0,GREEN,False,40.0,,2,999.0,,0
863,47,motorcycle,3,6,41,10.0,0.5384615384615384,66.85714285714286,18.571428571428573,GREEN,False,41.0,,1,2.2076923076923074,,0
865,47,motorcycle,3,6,39,12.0,0.5769230769230769,74.88000000000001,20.8,GREEN,False,39.0,,1,1.875,,0
866,49,car,2,2,57,,,,0.0,GREEN,False,57.0,,1,999.0,,0
867,49,car,2,2,56,,,,0.0,GREEN,False,56.0,,1,999.0,,0
868,49,car,2,2,56,,,,0.0,GREEN,False,56.0,19.0,2,999.0,,0
868,47,car,9,6,37,14.0,0.6153846153846154,81.9,22.75,GREEN,False,37.0,,2,1.6263736263736264,,1
869,49,car,2,2,55,,,,0.0,GREEN,False,55.0,,1,999.0,,0
870,49,car,2,2,54,,,,0.0,GREEN,False,54.0,,1,999.0,,0
871,49,car,2,2,53,,,,0.0,GREEN,False,53.0,,1,999.0,,0
872,49,car,2,2,53,,,,0.0,GREEN,False,53.0,,1,999.0,,0
873,49,car,2,2,52,,,,0.0,GREEN,False,52.0,,1,999.0,,0
874,49,car,2,2,51,,,,0.0,GREEN,False,51.0,,1,999.0,,0
875,49,car,2,2,51,,,,0.0,GREEN,False,51.0,,1,999.0,,0
876,49,car,2,2,50,,,,0.0,GREEN,False,50.0,,1,999.0,,0
877,49,car,2,2,49,,,,0.0,GREEN,False,49.0,,1,999.0,,0
878,49,car,2,2,49,8.0,0.5,57.6,16.0,GREEN,False,49.0,,1,3.0625,,0
879,49,car,2,2,49,8.0,0.5384615384615384,53.48571428571429,14.857142857142858,GREEN,False,49.0,,1,3.298076923076923,,0
880,49,car,2,2,48,9.0,0.5769230769230769,56.16,15.6,GREEN,False,48.0,,1,3.0769230769230766,,0
881,49,car,2,2,48,9.0,0.6153846153846154,52.65,14.625,GREEN,False,48.0,,1,3.282051282051282,,0
882,49,car,2,2,47,10.0,0.6538461538461539,55.05882352941176,15.294117647058822,GREEN,False,47.0,,1,3.0730769230769237,,0
883,49,car,2,1,46,11.0,0.6923076923076923,57.2,15.88888888888889,GREEN,False,46.0,,1,2.895104895104895,,0
884,49,car,2,1,46,11.0,0.7307692307692307,54.18947368421053,15.05263157894737,GREEN,False,46.0,,1,3.055944055944056,,0
885,49,car,2,1,45,12.0,0.7692307692307693,56.16,15.6,GREEN,False,45.0,,1,2.8846153846153846,,0
886,49,car,2,1,44,13.0,0.8076923076923077,57.94285714285714,16.095238095238095,GREEN,False,44.0,,1,2.733727810650888,,0
887,49,car,2,1,43,14.0,0.8461538461538461,59.56363636363637,16.545454545454547,GREEN,False,43.0,,1,2.5989010989010985,,0
888,49,car,2,2,43,14.0,0.8846153846153846,56.97391304347826,15.82608695652174,GREEN,False,43.0,,1,2.7170329670329667,,0
889,49,car,2,2,42,15.0,0.9230769230769232,58.5,16.25,GREEN,False,42.0,,1,2.5846153846153848,,0
890,49,car,2,2,41,16.0,0.9615384615384616,59.904,16.64,GREEN,False,41.0,,1,2.4639423076923075,,0
891,49,car,2,1,41,16.0,1.0,57.6,16.0,GREEN,False,41.0,,1,2.5625,,0
892,49,car,2,1,40,16.0,1.0,57.6,16.0,GREEN,False,40.0,,1,2.5,,0
893,49,car,2,1,40,16.0,1.0,57.6,16.0,GREEN,False,40.0,,1,2.5,,0
894,49,car,2,1,39,16.0,1.0,57.6,16.0,GREEN,False,39.0,,1,2.4375,,0
895,49,car,2,1,39,15.0,1.0,54.0,15.0,GREEN,False,39.0,,1,2.6,,0
896,49,car,2,1,38,15.0,1.0,54.0,15.0,GREEN,False,38.0,,1,2.533333333333333,,0
897,49,car,2,1,37,16.0,1.0,57.6,16.0,GREEN,False,37.0,,1,2.3125,,0
898,49,car,2,1,37,15.0,1.0,54.0,15.0,GREEN,False,37.0,,1,2.466666666666667,,0
899,49,car,2,1,37,14.0,1.0,50.4,14.0,GREEN,False,37.0,,2,2.642857142857143,,0
899,52,car,0,6,58,,,,0.0,GREEN,False,58.0,21.0,2,999.0,,0
900,49,car,2,1,36,15.0,1.0,54.0,15.0,GREEN,False,36.0,,1,2.4,,0
901,49,car,2,1,36,14.0,1.0,50.4,14.0,GREEN,False,36.0,,1,2.571428571428572,,0
902,49,car,2,1,35,14.0,1.0,50.4,14.0,GREEN,False,35.0,,2,2.5,,0
902,55,car,0,6,53,,,,0.0,GREEN,False,53.0,18.0,2,999.0,,0
903,49,car,2,1,34,15.0,1.0,54.0,15.0,GREEN,False,34.0,,1,2.2666666666666666,,0
904,49,car,2,1,33,16.0,1.0,57.6,16.0,GREEN,False,33.0,,2,2.0625,,0
904,59,motorcycle,3,5,54,,,,0.0,GREEN,False,54.0,21.0,2,999.0,,0
905,49,car,2,1,33,15.0,1.0,54.0,15.0,GREEN,False,33.0,,3,2.2,,0
905,59,motorcycle,3,5,53,,,,0.0,GREEN,False,53.0,2.0,3,999.0,,0
905,60,car,0,5,51,,,,0.0,GREEN,False,51.0,18.0,3,999.0,,0
906,49,car,2,1,33,15.0,1.0,54.0,15.0,GREEN,False,33.0,,2,2.2,,0
906,60,motorcycle,3,5,51,,,,0.0,GREEN,False,51.0,18.0,2,999.0,,0
907,49,car,2,1,32,15.0,1.0,54.0,15.0,GREEN,False,32.0,,2,2.1333333333333333,,0
907,60,motorcycle,3,5,50,,,,0.0,GREEN,False,50.0,18.0,2,999.0,,0
908,49,car,2,1,32,14.0,1.0,50.4,14.0,GREEN,False,32.0,,2,2.2857142857142856,,0
908,60,car,0,5,48,,,,0.0,GREEN,False,48.0,16.0,2,999.0,,0
909,49,car,2,1,31,15.0,1.0,54.0,15.0,GREEN,False,31.0,,2,2.066666666666667,,0
909,60,motorcycle,3,5,49,,,,0.0,GREEN,False,49.0,18.0,2,999.0,,0
910,49,car,2,2,30,15.0,1.0,54.0,15.0,GREEN,False,30.0,,2,2.0,,0
910,60,car,0,5,44,,,,0.0,GREEN,False,44.0,14.0,2,999.0,,0
911,49,car,2,1,30,14.0,1.0,50.4,14.0,GREEN,False,30.0,,2,2.142857142857143,,0
911,60,car,0,5,43,,,,0.0,GREEN,False,43.0,13.0,2,999.0,,0
912,60,car,0,5,42,,,,0.0,GREEN,False,42.0,13.0,2,999.0,,0
912,49,car,2,1,29,14.0,1.0,50.4,14.0,GREEN,False,29.0,,2,2.071428571428572,,0
913,49,car,2,1,29,14.0,1.0,50.4,14.0,GREEN,False,29.0,,2,2.071428571428572,,0
913,60,car,0,5,40,,,,0.0,GREEN,False,40.0,11.0,2,999.0,,0
914,49,car,2,1,28,14.0,1.0,50.4,14.0,GREEN,False,28.0,,3,2.0,,0
914,60,car,0,5,40,,,,0.0,GREEN,False,40.0,12.0,3,999.0,,0
914,65,car,9,5,42,,,,0.0,GREEN,False,42.0,2.0,3,999.0,,0
915,49,car,2,1,28,13.0,1.0,46.8,13.0,GREEN,False,28.0,,2,2.1538461538461537,,0
915,60,car,0,5,39,,,,0.0,GREEN,False,39.0,11.0,2,999.0,,0
916,49,car,2,1,27,14.0,1.0,50.4,14.0,GREEN,False,27.0,,2,1.9285714285714288,,0
916,60,car,0,5,35,,,,0.0,GREEN,False,35.0,8.0,2,999.0,,0
917,49,car,2,1,27,13.0,1.0,46.8,13.0,GREEN,False,27.0,,3,2.076923076923077,,0
917,60,car,0,5,35,16.0,0.5,115.2,32.0,GREEN,False,35.0,8.0,3,1.09375,,0
917,67,motorcycle,3,5,38,,,,0.0,GREEN,False,38.0,3.0,3,999.0,,0
918,49,car,2,1,26,14.0,1.0,50.4,14.0,GREEN,False,26.0,,3,1.8571428571428568,,0
918,60,car,0,5,35,16.0,0.5384615384615384,106.97142857142858,29.714285714285715,GREEN,False,35.0,9.0,3,1.1778846153846154,,0
918,67,motorcycle,3,5,36,,,,0.0,GREEN,False,36.0,1.0,3,999.0,,0
919,49,car,2,2,26,13.0,1.0,46.8,13.0,GREEN,False,26.0,,2,2.0,,0
919,60,car,0,5,34,17.0,0.5769230769230769,106.08,29.46666666666667,GREEN,False,34.0,8.0,2,1.1538461538461535,,0
920,49,car,2,1,26,13.0,1.0,46.8,13.0,GREEN,False,26.0,,1,2.0,,0
921,49,car,2,1,25,13.0,1.0,46.8,13.0,GREEN,False,25.0,,1,1.9230769230769231,,0
923,49,car,2,2,24,13.0,1.0,46.8,13.0,GREEN,False,24.0,,1,1.8461538461538465,,0
924,49,car,2,1,23,14.0,1.0,50.4,14.0,GREEN,False,23.0,,1,1.6428571428571428,,0
925,49,car,2,1,23,14.0,1.0,50.4,14.0,GREEN,False,23.0,,1,1.6428571428571428,,0
926,49,car,2,1,23,13.0,1.0,46.8,13.0,GREEN,False,23.0,,1,1.7692307692307692,,0
927,49,car,2,1,22,14.0,1.0,50.4,14.0,GREEN,False,22.0,,1,1.5714285714285714,,0
928,49,car,2,1,21,14.0,1.0,50.4,14.0,GREEN,False,21.0,,1,1.5,,0
929,49,car,2,1,21,13.0,1.0,46.8,13.0,GREEN,False,21.0,,2,1.6153846153846154,,0
929,68,car,9,5,24,,,,0.0,GREEN,False,24.0,3.0,2,999.0,,0
930,49,car,2,1,20,13.0,1.0,46.8,13.0,GREEN,False,20.0,,1,1.5384615384615383,,0
931,49,car,2,1,20,13.0,1.0,46.8,13.0,GREEN,False,20.0,,1,1.5384615384615383,,0
932,70,car,0,5,56,,,,0.0,GREEN,False,56.0,36.0,2,999.0,,0
932,49,car,2,1,20,13.0,1.0,46.8,13.0,GREEN,False,20.0,,2,1.5384615384615383,,0
933,70,motorcycle,3,5,56,,,,0.0,GREEN,False,56.0,36.0,2,999.0,,0
933,49,car,2,1,20,12.0,1.0,43.2,12.0,GREEN,False,20.0,,2,1.6666666666666667,,0
934,70,motorcycle,3,5,55,,,,0.0,GREEN,False,55.0,36.0,2,999.0,,0
934,49,car,2,1,19,13.0,1.0,46.8,13.0,GREEN,False,19.0,,2,1.4615384615384617,,0
935,70,motorcycle,3,5,54,,,,0.0,GREEN,False,54.0,35.0,3,999.0,,0
935,73,car,9,5,18,,,,0.0,GREEN,False,18.0,,3,999.0,,0
935,49,car,2,1,19,12.0,1.0,43.2,12.0,GREEN,False,19.0,1.0,3,1.5833333333333333,,0
936,49,car,2,1,19,11.0,1.0,39.6,11.0,GREEN,False,19.0,,2,1.7272727272727273,,0
936,70,motorcycle,3,5,53,,,,0.0,GREEN,False,53.0,34.0,2,999.0,,0
937,49,car,2,1,18,12.0,1.0,43.2,12.0,GREEN,False,18.0,,2,1.5,,0
937,70,motorcycle,3,5,52,,,,0.0,GREEN,False,52.0,34.0,2,999.0,,0
938,70,motorcycle,3,5,50,,,,0.0,GREEN,False,50.0,1.0,3,999.0,,0
938,76,car,0,5,49,,,,0.0,GREEN,False,49.0,31.0,3,999.0,,0
938,49,car,2,1,18,11.0,1.0,39.6,11.0,GREEN,False,18.0,,3,1.6363636363636365,,0
939,70,motorcycle,3,5,49,,,,0.0,GREEN,False,49.0,32.0,2,999.0,,0
939,49,car,2,1,17,12.0,1.0,43.2,12.0,GREEN,False,17.0,,2,1.4166666666666667,,0
940,70,motorcycle,3,5,48,,,,0.0,GREEN,False,48.0,31.0,2,999.0,,0
940,49,car,2,1,17,11.0,1.0,39.6,11.0,GREEN,False,17.0,,2,1.5454545454545454,,0
941,70,car,0,5,46,,,,0.0,GREEN,False,46.0,30.0,3,999.0,,0
941,78,car,0,5,56,,,,0.0,GREEN,False,56.0,10.0,3,999.0,,0
941,49,car,2,1,16,12.0,1.0,43.2,12.0,GREEN,False,16.0,,3,1.3333333333333333,,0
942,70,car,0,5,45,,,,0.0,GREEN,False,45.0,29.0,2,999.0,,0
942,49,car,2,1,16,11.0,1.0,39.6,11.0,GREEN,False,16.0,,2,1.4545454545454546,,0
943,49,car,2,1,16,11.0,1.0,39.6,11.0,GREEN,False,16.0,,1,1.4545454545454546,,0
944,49,car,2,1,16,10.0,1.0,36.0,10.0,GREEN,False,16.0,,1,1.6,,0
945,49,car,2,2,13,13.0,1.0,46.8,13.0,GREEN,False,13.0,,1,1.0,,0
946,49,car,2,2,13,13.0,1.0,46.8,13.0,GREEN,False,13.0,,2,1.0,,0
946,76,car,0,5,50,,,,0.0,GREEN,False,50.0,37.0,2,999.0,,0
947,86,motorcycle,3,5,50,,,,0.0,GREEN,False,50.0,1.0,3,999.0,,0
947,49,car,2,2,14,11.0,1.0,39.6,11.0,GREEN,False,14.0,,3,1.2727272727272727,,0
947,76,car,0,5,49,,,,0.0,GREEN,False,49.0,35.0,3,999.0,,0
948,49,car,2,2,13,11.0,1.0,39.6,11.0,GREEN,False,13.0,,1,1.181818181818182,,0
950,49,car,2,1,11,12.0,1.0,43.2,12.0,GREEN,False,11.0,,1,0.9166666666666666,,0
968,101,motorcycle,3,7,51,,,,0.0,GREEN,False,51.0,2.0,2,999.0,,0
968,102,car,0,8,49,,,,0.0,GREEN,False,49.0,,2,999.0,,0
969,102,car,0,7,49,,,,0.0,GREEN,False,49.0,,1,999.0,,0
998,112,car,0,7,54,,,,0.0,GREEN,False,54.0,,1,999.0,,0
999,112,car,0,7,53,,,,0.0,GREEN,False,53.0,26.0,2,999.0,,0
999,114,car,9,7,27,,,,0.0,GREEN,False,27.0,,2,999.0,,0
1000,112,motorcycle,3,6,54,,,,0.0,GREEN,False,54.0,27.0,2,999.0,,0
1000,114,car,9,7,27,,,,0.0,GREEN,False,27.0,,2,999.0,,0
1001,112,motorcycle,3,6,53,,,,0.0,GREEN,False,53.0,26.0,2,999.0,,0
1001,114,car,9,7,27,,,,0.0,GREEN,False,27.0,,2,999.0,,0
1002,116,car,2,3,57,,,,0.0,GREEN,False,57.0,5.0,2,999.0,,0
1002,112,motorcycle,3,6,52,,,,0.0,GREEN,False,52.0,,2,999.0,,0
1003,116,car,2,3,56,,,,0.0,GREEN,False,56.0,5.0,2,999.0,,0
1003,112,motorcycle,3,6,51,,,,0.0,GREEN,False,51.0,,2,999.0,,0
1004,116,car,2,3,55,,,,0.0,GREEN,False,55.0,4.0,2,999.0,,0
1004,112,motorcycle,3,6,51,,,,0.0,GREEN,False,51.0,,2,999.0,,0
1005,116,car,2,3,54,,,,0.0,GREEN,False,54.0,4.0,2,999.0,,0
1005,112,motorcycle,3,6,50,,,,0.0,GREEN,False,50.0,,2,999.0,,0
1006,116,car,2,3,53,,,,0.0,GREEN,False,53.0,4.0,2,999.0,,0
1006,112,motorcycle,3,6,49,,,,0.0,GREEN,False,49.0,,2,999.0,,0
1007,116,car,2,3,52,,,,0.0,GREEN,False,52.0,3.0,2,999.0,,0
1007,112,motorcycle,3,6,49,,,,0.0,GREEN,False,49.0,,2,999.0,,0
1008,116,car,2,3,51,,,,0.0,GREEN,False,51.0,4.0,2,999.0,,0
1008,112,motorcycle,3,6,47,,,,0.0,GREEN,False,47.0,,2,999.0,,0
1009,116,car,2,3,49,,,,0.0,GREEN,False,49.0,,1,999.0,,0
1010,116,car,2,3,49,,,,0.0,GREEN,False,49.0,3.0,2,999.0,,0
1010,112,motorcycle,3,6,46,,,,0.0,GREEN,False,46.0,,2,999.0,,0
1011,116,car,2,3,48,,,,0.0,GREEN,False,48.0,3.0,2,999.0,,0
1011,112,motorcycle,3,6,45,9.0,0.5,64.8,18.0,GREEN,False,45.0,,2,2.5,,0
1012,116,car,2,3,47,,,,0.0,GREEN,False,47.0,,1,999.0,,0
1013,116,car,2,3,46,,,,0.0,GREEN,False,46.0,,1,999.0,,0
1014,116,car,2,3,45,12.0,0.5,86.4,24.0,GREEN,False,45.0,,1,1.875,,1
1015,116,car,2,3,45,12.0,0.5384615384615384,80.22857142857144,22.28571428571429,GREEN,False,45.0,,1,2.019230769230769,,0
1016,116,car,2,3,45,12.0,0.5769230769230769,74.88000000000001,20.8,GREEN,False,45.0,,1,2.1634615384615383,,0
1017,116,car,2,3,42,15.0,0.6153846153846154,87.75,24.375,GREEN,False,42.0,,1,1.7230769230769232,,1
1018,116,car,2,3,42,15.0,0.6538461538461539,82.58823529411765,22.94117647058824,GREEN,False,42.0,,1,1.8307692307692307,,1
1019,116,car,2,3,42,15.0,0.6923076923076923,78.0,21.666666666666668,GREEN,False,42.0,,1,1.9384615384615385,,0
1020,116,car,2,3,41,16.0,0.7307692307692307,78.82105263157895,21.894736842105264,GREEN,False,41.0,,1,1.8725961538461535,,0
1021,116,car,2,3,38,19.0,0.7692307692307693,88.92,24.7,GREEN,False,38.0,,1,1.5384615384615383,,1
1022,116,car,2,3,38,19.0,0.8076923076923077,84.68571428571428,23.52380952380952,GREEN,False,38.0,,1,1.6153846153846154,,1
1023,116,car,2,3,37,20.0,0.8461538461538461,85.0909090909091,23.63636363636364,GREEN,False,37.0,,1,1.5653846153846154,,1
1024,116,car,2,3,36,21.0,0.8846153846153846,85.4608695652174,23.73913043478261,GREEN,False,36.0,,1,1.5164835164835164,,1
1025,116,car,2,3,36,21.0,0.9230769230769232,81.9,22.75,GREEN,False,36.0,,1,1.5824175824175823,,1
1026,116,car,2,3,35,22.0,0.9615384615384616,82.368,22.88,GREEN,False,35.0,,1,1.5297202797202798,,1
1027,116,car,2,3,34,23.0,1.0,82.8,23.0,GREEN,False,34.0,,1,1.4782608695652173,,0
1028,116,car,2,3,33,23.0,1.0,82.8,23.0,GREEN,False,33.0,,1,1.434782608695652,,0
1029,116,car,2,3,32,23.0,1.0,82.8,23.0,GREEN,False,32.0,,1,1.391304347826087,,0
1030,116,car,2,3,31,23.0,1.0,82.8,23.0,GREEN,False,31.0,,1,1.3478260869565215,,0
1031,116,car,2,3,30,23.0,1.0,82.8,23.0,GREEN,False,30.0,,1,1.3043478260869563,,0
1032,116,car,2,3,29,23.0,1.0,82.8,23.0,GREEN,False,29.0,,1,1.2608695652173914,,0
1033,116,car,2,3,28,23.0,1.0,82.8,23.0,GREEN,False,28.0,,1,1.2173913043478262,,0
1034,116,car,2,3,28,21.0,1.0,75.60000000000001,21.0,GREEN,False,28.0,,1,1.3333333333333333,,0
1035,116,car,2,3,27,22.0,1.0,79.2,22.0,GREEN,False,27.0,,1,1.2272727272727273,,0
1036,116,car,2,3,26,22.0,1.0,79.2,22.0,GREEN,False,26.0,,1,1.181818181818182,,0
1037,116,car,2,3,26,21.0,1.0,75.60000000000001,21.0,GREEN,False,26.0,,1,1.238095238095238,,0
1038,116,car,2,3,25,21.0,1.0,75.60000000000001,21.0,GREEN,False,25.0,,1,1.1904761904761905,,0
1039,116,car,2,3,23,22.0,1.0,79.2,22.0,GREEN,False,23.0,,1,1.0454545454545454,,0
1040,116,car,2,3,23,22.0,1.0,79.2,22.0,GREEN,False,23.0,,1,1.0454545454545454,,0
1041,116,car,2,3,22,23.0,1.0,82.8,23.0,GREEN,False,22.0,,1,0.9565217391304348,,0
1042,116,car,2,3,21,21.0,1.0,75.60000000000001,21.0,GREEN,False,21.0,,1,1.0,,0
1043,116,car,2,3,20,22.0,1.0,79.2,22.0,GREEN,False,20.0,,1,0.9090909090909092,,0
1044,116,car,2,3,20,22.0,1.0,79.2,22.0,GREEN,False,20.0,,1,0.9090909090909092,,0
1045,116,car,2,3,19,22.0,1.0,79.2,22.0,GREEN,False,19.0,,1,0.8636363636363636,,0
1046,116,car,2,3,18,20.0,1.0,72.0,20.0,GREEN,False,18.0,,1,0.9,,0
1047,116,car,2,3,17,21.0,1.0,75.60000000000001,21.0,GREEN,False,17.0,,1,0.8095238095238095,,0
1048,116,car,2,3,16,21.0,1.0,75.60000000000001,21.0,GREEN,False,16.0,,1,0.7619047619047619,,0
1049,116,car,2,3,16,20.0,1.0,72.0,20.0,GREEN,False,16.0,,1,0.8,,0
1050,116,car,2,3,16,20.0,1.0,72.0,20.0,GREEN,False,16.0,,1,0.8,,0
1051,116,car,2,3,15,20.0,1.0,72.0,20.0,GREEN,False,15.0,,1,0.75,,0
1052,116,car,2,3,15,19.0,1.0,68.4,19.0,GREEN,False,15.0,,1,0.7894736842105263,,0
1053,116,car,2,3,14,19.0,1.0,68.4,19.0,GREEN,False,14.0,,1,0.7368421052631579,,0
1054,116,car,2,3,12,20.0,1.0,72.0,20.0,GREEN,False,12.0,,1,0.6,,0
1055,116,car,2,3,12,19.0,1.0,68.4,19.0,GREEN,False,12.0,,2,0.631578947368421,,0
1055,138,car,9,5,23,,,,0.0,GREEN,False,23.0,11.0,2,999.0,,0
1056,116,car,2,3,11,19.0,1.0,68.4,19.0,GREEN,False,11.0,,1,0.5789473684210527,,0
1057,116,car,2,3,10,19.0,1.0,68.4,19.0,GREEN,False,10.0,,1,0.5263157894736842,,0
1058,116,car,2,3,10,18.0,1.0,64.8,18.0,GREEN,False,10.0,,1,0.5555555555555556,,0
1059,116,car,2,3,9,19.0,1.0,68.4,19.0,GREEN,False,9.0,,1,0.4736842105263157,,0
1060,116,car,2,3,8,19.0,1.0,68.4,19.0,GREEN,False,8.0,,2,0.4210526315789473,,0
1060,141,car,0,6,50,,,,0.0,GREEN,False,50.0,42.0,2,999.0,,0
1061,116,car,2,3,8,18.0,1.0,64.8,18.0,GREEN,False,8.0,,2,0.4444444444444444,,0
1061,141,car,0,6,50,,,,0.0,GREEN,False,50.0,42.0,2,999.0,,0
1062,116,car,2,3,7,19.0,1.0,68.4,19.0,GREEN,False,7.0,,2,0.3684210526315789,,0
1062,141,car,0,6,49,,,,0.0,GREEN,False,49.0,42.0,2,999.0,,0
1063,116,car,2,3,6,19.0,1.0,68.4,19.0,GREEN,False,6.0,,2,0.3157894736842105,,0
1063,141,car,0,6,48,,,,0.0,GREEN,False,48.0,42.0,2,999.0,,0
1064,116,car,2,3,6,17.0,1.0,61.2,17.0,GREEN,False,6.0,,2,0.3529411764705882,,0
1064,141,car,0,6,48,,,,0.0,GREEN,False,48.0,42.0,2,999.0,,0
1065,116,car,2,3,6,17.0,1.0,61.2,17.0,GREEN,False,6.0,,1,0.3529411764705882,,0
1066,116,car,2,3,4,18.0,1.0,64.8,18.0,GREEN,False,4.0,,1,0.2222222222222222,,0
1067,116,car,2,3,4,17.0,1.0,61.2,17.0,GREEN,False,4.0,,2,0.2352941176470588,,0
1067,141,car,0,5,47,,,,0.0,GREEN,False,47.0,43.0,2,999.0,,0
1068,116,car,2,3,4,16.0,1.0,57.6,16.0,GREEN,False,4.0,,2,0.25,,0
1068,141,car,0,6,46,,,,0.0,GREEN,False,46.0,42.0,2,999.0,,0
1069,116,car,2,3,4,16.0,1.0,57.6,16.0,GREEN,False,4.0,,1,0.25,,0
1070,116,car,2,3,4,15.0,1.0,54.0,15.0,GREEN,False,4.0,,1,0.2666666666666666,,0
1071,116,car,2,3,3,15.0,1.0,54.0,15.0,GREEN,False,3.0,,1,0.2,,0
1072,116,car,2,3,2,15.0,1.0,54.0,15.0,GREEN,False,2.0,,1,0.1333333333333333,,0
1073,116,car,2,3,2,14.0,1.0,50.4,14.0,GREEN,False,2.0,,1,0.1428571428571428,,0
1074,116,car,2,3,2,14.0,1.0,50.4,14.0,GREEN,False,2.0,,1,0.1428571428571428,,0
1075,116,car,2,3,1,15.0,1.0,54.0,15.0,GREEN,False,1.0,,1,0.0666666666666666,,0
1076,116,car,2,3,0,15.0,1.0,54.0,15.0,GREEN,False,0.0,,1,999.0,stop,1
1077,116,car,2,3,0,15.0,1.0,54.0,15.0,GREEN,False,0.0,,1,999.0,stop,1
1099,157,car,2,4,57,,,,0.0,GREEN,False,57.0,,1,999.0,,0
1100,157,car,2,4,56,,,,0.0,GREEN,False,56.0,,1,999.0,,0
1101,157,car,2,4,55,,,,0.0,GREEN,False,55.0,,1,999.0,,0
1102,157,car,2,4,54,,,,0.0,GREEN,False,54.0,,1,999.0,,0
1103,157,car,2,4,53,,,,0.0,GREEN,False,53.0,,1,999.0,,0
1104,157,car,2,4,52,,,,0.0,GREEN,False,52.0,,1,999.0,,0
1105,157,car,2,4,51,,,,0.0,GREEN,False,51.0,,1,999.0,,0
1106,157,car,2,4,51,,,,0.0,GREEN,False,51.0,,2,999.0,,0
1106,160,motorcycle,3,6,55,,,,0.0,GREEN,False,55.0,4.0,2,999.0,,0
1107,157,car,2,4,49,,,,0.0,GREEN,False,49.0,,1,999.0,,0
1108,157,car,2,4,48,,,,0.0,GREEN,False,48.0,,1,999.0,,0
1109,157,car,2,4,48,,,,0.0,GREEN,False,48.0,,2,999.0,,0
1109,163,motorcycle,3,6,51,,,,0.0,GREEN,False,51.0,3.0,2,999.0,,0
1110,157,car,2,4,48,,,,0.0,GREEN,False,48.0,,1,999.0,,0
1111,157,car,2,4,46,11.0,0.5,79.2,22.0,GREEN,False,46.0,,1,2.090909090909091,,0
1112,157,car,2,4,47,10.0,0.5384615384615384,66.85714285714286,18.571428571428573,GREEN,False,47.0,,1,2.5307692307692307,,0
1113,157,car,2,4,44,13.0,0.5769230769230769,81.12,22.53333333333333,GREEN,False,44.0,,1,1.9526627218934909,,0
1114,157,car,2,4,44,13.0,0.6153846153846154,76.05,21.125,GREEN,False,44.0,,1,2.0828402366863905,,0
1115,157,car,2,4,43,14.0,0.6538461538461539,77.08235294117647,21.41176470588235,GREEN,False,43.0,,1,2.008241758241758,,0
1116,157,car,2,4,42,15.0,0.6923076923076923,78.0,21.666666666666668,GREEN,False,42.0,,1,1.9384615384615385,,0
1117,157,car,2,4,42,15.0,0.7307692307692307,73.89473684210527,20.526315789473685,GREEN,False,42.0,,1,2.046153846153846,,0
1118,157,car,2,4,42,15.0,0.7692307692307693,70.2,19.5,GREEN,False,42.0,,1,2.1538461538461537,,0
1119,157,car,2,4,41,16.0,0.8076923076923077,71.31428571428572,19.80952380952381,GREEN,False,41.0,,1,2.0697115384615383,,0
1120,157,car,2,4,39,18.0,0.8461538461538461,76.58181818181819,21.272727272727277,GREEN,False,39.0,,1,1.8333333333333333,,0
1121,157,car,2,4,39,18.0,0.8846153846153846,73.25217391304349,20.347826086956523,GREEN,False,39.0,,1,1.9166666666666663,,0
1122,157,car,2,4,38,19.0,0.9230769230769232,74.1,20.58333333333333,GREEN,False,38.0,,1,1.8461538461538465,,0
1123,157,car,2,4,36,21.0,0.9615384615384616,78.624,21.84,GREEN,False,36.0,,1,1.6483516483516485,,1
1124,157,car,2,4,36,21.0,1.0,75.60000000000001,21.0,GREEN,False,36.0,,1,1.7142857142857142,,1
1125,157,car,2,4,35,21.0,1.0,75.60000000000001,21.0,GREEN,False,35.0,,1,1.6666666666666667,,1
1126,157,car,2,4,34,21.0,1.0,75.60000000000001,21.0,GREEN,False,34.0,,1,1.619047619047619,,1
1127,157,car,2,4,34,20.0,1.0,72.0,20.0,GREEN,False,34.0,,1,1.7,,0
1128,157,car,2,4,33,20.0,1.0,72.0,20.0,GREEN,False,33.0,,1,1.65,,1
1129,157,car,2,4,32,20.0,1.0,72.0,20.0,GREEN,False,32.0,,1,1.6,,1
1130,157,car,2,4,31,20.0,1.0,72.0,20.0,GREEN,False,31.0,,1,1.55,,1
1131,157,car,2,4,30,21.0,1.0,75.60000000000001,21.0,GREEN,False,30.0,,1,1.4285714285714286,,0
1132,157,car,2,4,30,19.0,1.0,68.4,19.0,GREEN,False,30.0,,1,1.5789473684210529,,1
1133,157,car,2,3,29,19.0,1.0,68.4,19.0,GREEN,False,29.0,,1,1.5263157894736843,,1
1135,173,car,2,4,9,,,,0.0,GREEN,False,9.0,,2,999.0,,0
1135,174,car,2,4,37,,,,0.0,GREEN,False,37.0,28.0,2,999.0,,0
1136,173,car,2,4,9,,,,0.0,GREEN,False,9.0,,2,999.0,,0
1136,174,car,2,4,36,,,,0.0,GREEN,False,36.0,27.0,2,999.0,,0
1137,173,car,2,4,8,,,,0.0,GREEN,False,8.0,,2,999.0,,0
1137,174,car,2,4,35,,,,0.0,GREEN,False,35.0,27.0,2,999.0,,0
1138,174,car,2,4,35,,,,0.0,GREEN,False,35.0,27.0,2,999.0,,0
1138,173,car,2,4,8,,,,0.0,GREEN,False,8.0,,2,999.0,,0
1139,174,car,2,4,34,,,,0.0,GREEN,False,34.0,26.0,2,999.0,,0
1139,173,car,2,4,8,,,,0.0,GREEN,False,8.0,,2,999.0,,0
1140,174,car,2,4,33,,,,0.0,GREEN,False,33.0,26.0,2,999.0,,0
1140,173,car,2,4,7,,,,0.0,GREEN,False,7.0,,2,999.0,,0
1141,174,car,2,4,32,,,,0.0,GREEN,False,32.0,25.0,2,999.0,,0
1141,173,car,2,3,7,,,,0.0,GREEN,False,7.0,,2,999.0,,0
1142,174,car,2,4,32,,,,0.0,GREEN,False,32.0,25.0,2,999.0,,0
1142,173,car,2,3,7,,,,0.0,GREEN,False,7.0,,2,999.0,,0
1143,174,car,2,4,31,,,,0.0,GREEN,False,31.0,24.0,2,999.0,,0
1143,173,car,2,3,7,,,,0.0,GREEN,False,7.0,,2,999.0,,0
1144,174,car,2,4,30,,,,0.0,GREEN,False,30.0,23.0,2,999.0,,0
1144,173,car,2,3,7,,,,0.0,GREEN,False,7.0,,2,999.0,,0
1145,174,car,2,4,29,,,,0.0,GREEN,False,29.0,23.0,2,999.0,,0
1145,173,car,2,3,6,,,,0.0,GREEN,False,6.0,,2,999.0,,0
1146,174,car,2,4,28,,,,0.0,GREEN,False,28.0,22.0,2,999.0,,0
1146,173,car,2,3,6,,,,0.0,GREEN,False,6.0,,2,999.0,,0
1147,175,car,2,1,57,,,,0.0,GREEN,False,57.0,30.0,3,999.0,,0
1147,174,car,2,4,27,10.0,0.5,72.0,20.0,GREEN,False,27.0,23.0,3,1.35,,0
1147,173,car,2,4,4,5.0,0.5,36.0,10.0,GREEN,False,4.0,,3,0.4,,0
1148,175,car,2,1,56,,,,0.0,GREEN,False,56.0,29.0,3,999.0,,0
1148,174,car,2,4,27,10.0,0.5384615384615384,66.85714285714286,18.571428571428573,GREEN,False,27.0,23.0,3,1.4538461538461538,,0
1148,173,car,2,3,4,5.0,0.5384615384615384,33.42857142857143,9.285714285714286,GREEN,False,4.0,,3,0.4307692307692307,,0
1149,175,car,2,1,56,,,,0.0,GREEN,False,56.0,31.0,3,999.0,,0
1149,174,car,2,4,25,12.0,0.5769230769230769,74.88000000000001,20.8,GREEN,False,25.0,22.0,3,1.2019230769230769,,0
1149,173,car,2,4,3,6.0,0.5769230769230769,37.440000000000005,10.4,GREEN,False,3.0,,3,0.2884615384615384,,0
1150,175,car,2,1,55,,,,0.0,GREEN,False,55.0,30.0,3,999.0,,0
1150,174,car,2,4,25,12.0,0.6153846153846154,70.2,19.5,GREEN,False,25.0,23.0,3,1.2820512820512822,,0
1150,173,car,2,3,2,7.0,0.6153846153846154,40.95,11.375,GREEN,False,2.0,,3,0.1758241758241758,,0
1151,175,car,2,1,54,,,,0.0,GREEN,False,54.0,29.0,3,999.0,,0
1151,174,car,2,4,25,12.0,0.6538461538461539,66.07058823529411,18.352941176470587,GREEN,False,25.0,24.0,3,1.3621794871794872,,0
1151,173,car,2,4,1,8.0,0.6538461538461539,44.04705882352941,12.235294117647058,GREEN,False,1.0,,3,0.0817307692307692,,0
1152,175,car,2,1,53,,,,0.0,GREEN,False,53.0,29.0,3,999.0,,0
1152,174,car,2,4,24,13.0,0.6923076923076923,67.60000000000001,18.77777777777778,GREEN,False,24.0,24.0,3,1.2781065088757395,,0
1152,173,car,2,4,0,9.0,0.6923076923076923,46.8,13.0,GREEN,False,0.0,,3,999.0,stop,1
1153,175,car,2,1,52,,,,0.0,GREEN,False,52.0,29.0,2,999.0,,0
1153,174,car,2,4,23,14.0,0.7307692307692307,68.96842105263158,19.157894736842103,GREEN,False,23.0,,2,1.2005494505494505,,0
1154,175,car,2,1,52,,,,0.0,GREEN,False,52.0,29.0,2,999.0,,0
1154,174,car,2,4,23,14.0,0.7692307692307693,65.52,18.2,GREEN,False,23.0,,2,1.2637362637362637,,0
1155,175,car,2,1,51,,,,0.0,GREEN,False,51.0,29.0,2,999.0,,0
1155,174,car,2,4,22,15.0,0.8076923076923077,66.85714285714285,18.57142857142857,GREEN,False,22.0,,2,1.1846153846153848,,0
1156,175,car,2,1,50,,,,0.0,GREEN,False,50.0,30.0,2,999.0,,0
1156,174,car,2,4,20,17.0,0.8461538461538461,72.32727272727273,20.09090909090909,GREEN,False,20.0,,2,0.995475113122172,,0
1157,175,car,2,1,49,,,,0.0,GREEN,False,49.0,29.0,2,999.0,,0
1157,174,car,2,4,20,17.0,0.8846153846153846,69.18260869565218,19.217391304347828,GREEN,False,20.0,,2,1.0407239819004523,,0
1158,175,car,2,1,49,,,,0.0,GREEN,False,49.0,30.0,2,999.0,,0
1158,174,car,2,4,19,18.0,0.9230769230769232,70.2,19.5,GREEN,False,19.0,,2,0.9743589743589745,,0
1159,175,car,2,1,48,9.0,0.5,64.8,18.0,GREEN,False,48.0,30.0,2,2.6666666666666665,,0
1159,174,car,2,4,18,19.0,0.9615384615384616,71.136,19.76,GREEN,False,18.0,,2,0.9109311740890688,,0
1160,175,car,2,1,48,9.0,0.5384615384615384,60.17142857142858,16.714285714285715,GREEN,False,48.0,31.0,2,2.871794871794872,,0
1160,174,car,2,4,17,20.0,1.0,72.0,20.0,GREEN,False,17.0,,2,0.85,,0
1161,174,car,2,4,16,20.0,1.0,72.0,20.0,GREEN,False,16.0,,2,0.8,,0
1161,175,car,2,1,47,10.0,0.5769230769230769,62.40000000000001,17.333333333333336,GREEN,False,47.0,31.0,2,2.711538461538461,,0
1162,174,car,2,4,16,19.0,1.0,68.4,19.0,GREEN,False,16.0,,2,0.8421052631578947,,0
1162,175,car,2,1,46,11.0,0.6153846153846154,64.35000000000001,17.875,GREEN,False,46.0,30.0,2,2.5734265734265733,,0
1163,174,car,2,4,15,20.0,1.0,72.0,20.0,GREEN,False,15.0,,2,0.75,,0
1163,175,car,2,1,46,11.0,0.6538461538461539,60.56470588235295,16.823529411764707,GREEN,False,46.0,31.0,2,2.734265734265734,,0
1164,175,car,2,1,46,11.0,0.6923076923076923,57.2,15.88888888888889,GREEN,False,46.0,32.0,2,2.895104895104895,,0
1164,174,car,2,4,14,20.0,1.0,72.0,20.0,GREEN,False,14.0,,2,0.7,,0
1165,175,car,2,1,45,12.0,0.7307692307692307,59.11578947368422,16.42105263157895,GREEN,False,45.0,32.0,2,2.740384615384615,,0
1165,174,car,2,4,13,20.0,1.0,72.0,20.0,GREEN,False,13.0,,2,0.65,,0
1166,174,car,2,4,12,20.0,1.0,72.0,20.0,GREEN,False,12.0,,2,0.6,,0
1166,175,car,2,1,44,13.0,0.7692307692307693,60.84,16.9,GREEN,False,44.0,32.0,2,2.6035502958579886,,0
1167,175,car,2,1,43,14.0,0.8076923076923077,62.4,17.333333333333332,GREEN,False,43.0,31.0,2,2.480769230769231,,0
1167,174,car,2,4,12,20.0,1.0,72.0,20.0,GREEN,False,12.0,,2,0.6,,0
1168,175,car,2,1,43,14.0,0.8461538461538461,59.56363636363637,16.545454545454547,GREEN,False,43.0,32.0,2,2.5989010989010985,,0
1168,174,car,2,4,11,20.0,1.0,72.0,20.0,GREEN,False,11.0,,2,0.55,,0
1169,176,car,2,4,58,,,,0.0,GREEN,False,58.0,16.0,3,999.0,,0
1169,175,car,2,1,42,15.0,0.8846153846153846,61.04347826086956,16.956521739130434,GREEN,False,42.0,32.0,3,2.476923076923077,,0
1169,174,car,2,4,10,20.0,1.0,72.0,20.0,GREEN,False,10.0,,3,0.5,,0
1170,175,car,2,1,41,16.0,0.9230769230769232,62.4,17.333333333333332,GREEN,False,41.0,32.0,3,2.3653846153846154,,0
1170,174,car,2,4,9,20.0,1.0,72.0,20.0,GREEN,False,9.0,,3,0.45,,0
1170,176,truck,7,4,56,,,,0.0,GREEN,False,56.0,15.0,3,999.0,,0
1171,176,car,2,4,55,,,,0.0,GREEN,False,55.0,15.0,3,999.0,,0
1171,174,car,2,4,9,19.0,1.0,68.4,19.0,GREEN,False,9.0,,3,0.4736842105263157,,0
1171,175,car,2,1,40,17.0,0.9615384615384616,63.648,17.68,GREEN,False,40.0,31.0,3,2.262443438914027,,0
1172,176,car,2,4,55,,,,0.0,RED,False,55.0,15.0,3,999.0,,0
1172,174,car,2,4,8,19.0,1.0,68.4,19.0,RED,False,8.0,,3,0.4210526315789473,,0
1172,175,car,2,1,40,17.0,1.0,61.2,17.0,RED,False,40.0,32.0,3,2.3529411764705883,,0
1173,176,car,2,4,53,,,,0.0,RED,False,53.0,13.0,3,999.0,,0
1173,174,car,2,4,7,20.0,1.0,72.0,20.0,RED,False,7.0,,3,0.35,,0
1173,175,car,2,1,40,16.0,1.0,57.6,16.0,RED,False,40.0,33.0,3,2.5,,0
1174,176,car,2,4,52,,,,0.0,GREEN,False,52.0,12.0,3,999.0,,0
1174,174,car,2,4,7,18.0,1.0,64.8,18.0,GREEN,False,7.0,,3,0.3888888888888889,,0
1174,175,car,2,1,40,16.0,1.0,57.6,16.0,GREEN,False,40.0,33.0,3,2.5,,0
1175,176,car,2,4,52,,,,0.0,GREEN,False,52.0,14.0,3,999.0,,0
1175,174,car,2,4,7,18.0,1.0,64.8,18.0,GREEN,False,7.0,,3,0.3888888888888889,,0
1175,175,car,2,1,38,17.0,1.0,61.2,17.0,GREEN,False,38.0,31.0,3,2.235294117647059,,0
1176,176,car,2,4,50,,,,0.0,GREEN,False,50.0,13.0,3,999.0,,0
1176,175,car,2,1,37,17.0,1.0,61.2,17.0,GREEN,False,37.0,31.0,3,2.176470588235294,,0
1176,174,car,2,4,6,19.0,1.0,68.4,19.0,GREEN,False,6.0,,3,0.3157894736842105,,0
1177,176,car,2,4,50,,,,0.0,GREEN,False,50.0,13.0,3,999.0,,0
1177,175,car,2,1,37,16.0,1.0,57.6,16.0,GREEN,False,37.0,31.0,3,2.3125,,0
1177,174,car,2,4,6,18.0,1.0,64.8,18.0,GREEN,False,6.0,,3,0.3333333333333333,,0
1178,176,car,2,4,49,,,,0.0,GREEN,False,49.0,13.0,3,999.0,,0
1178,175,car,2,1,36,16.0,1.0,57.6,16.0,GREEN,False,36.0,30.0,3,2.25,,0
1178,174,car,2,4,6,17.0,1.0,61.2,17.0,GREEN,False,6.0,,3,0.3529411764705882,,0
1179,176,car,2,4,48,,,,0.0,GREEN,False,48.0,13.0,3,999.0,,0
1179,175,car,2,1,35,17.0,1.0,61.2,17.0,GREEN,False,35.0,31.0,3,2.0588235294117645,,0
1179,174,car,2,4,4,19.0,1.0,68.4,19.0,GREEN,False,4.0,,3,0.2105263157894736,,0
1180,176,car,2,4,47,,,,0.0,GREEN,False,47.0,12.0,3,999.0,,0
1180,175,car,2,1,35,16.0,1.0,57.6,16.0,GREEN,False,35.0,32.0,3,2.1875,,0
1180,174,car,2,4,3,19.0,1.0,68.4,19.0,GREEN,False,3.0,,3,0.1578947368421052,,0
1181,176,car,2,4,46,12.0,0.5,86.4,24.0,GREEN,False,46.0,11.0,3,1.9166666666666667,,1
1181,175,car,2,1,35,15.0,1.0,54.0,15.0,GREEN,False,35.0,32.0,3,2.333333333333333,,0
1181,174,car,2,4,3,17.0,1.0,61.2,17.0,GREEN,False,3.0,,3,0.1764705882352941,,0
1182,176,car,2,4,46,12.0,0.5384615384615384,80.22857142857144,22.28571428571429,RED,False,46.0,12.0,3,2.064102564102564,,0
1182,175,car,2,1,34,15.0,1.0,54.0,15.0,RED,False,34.0,31.0,3,2.2666666666666666,,0
1182,174,car,2,4,3,17.0,1.0,61.2,17.0,RED,False,3.0,,3,0.1764705882352941,,0
1183,176,car,2,4,45,13.0,0.5769230769230769,81.12,22.53333333333333,RED,False,45.0,12.0,3,1.997041420118343,,0
1183,175,car,2,1,33,16.0,1.0,57.6,16.0,RED,False,33.0,30.0,3,2.0625,,0
1183,174,car,2,4,3,16.0,1.0,57.6,16.0,RED,False,3.0,,3,0.1875,,0
1184,176,car,2,4,45,13.0,0.6153846153846154,76.05,21.125,RED,False,45.0,12.0,3,2.1301775147929,,0
1184,175,car,2,1,33,15.0,1.0,54.0,15.0,RED,False,33.0,30.0,3,2.2,,0
1184,174,car,2,4,3,15.0,1.0,54.0,15.0,RED,False,3.0,,3,0.2,,0
1185,176,car,2,4,44,14.0,0.6538461538461539,77.08235294117647,21.41176470588235,RED,False,44.0,12.0,3,2.054945054945055,,0
1185,175,car,2,1,32,16.0,1.0,57.6,16.0,RED,False,32.0,30.0,3,2.0,,0
1185,174,car,2,4,2,15.0,1.0,54.0,15.0,RED,False,2.0,,3,0.1333333333333333,,0
1186,176,car,2,4,43,15.0,0.6923076923076923,78.0,21.666666666666668,RED,False,43.0,12.0,3,1.9846153846153844,,0
1186,175,car,2,1,31,16.0,1.0,57.6,16.0,RED,False,31.0,29.0,3,1.9375,,0
1186,174,car,2,4,2,14.0,1.0,50.4,14.0,RED,False,2.0,,3,0.1428571428571428,,0
1187,175,car,2,1,31,15.0,1.0,54.0,15.0,RED,False,31.0,29.0,3,2.066666666666667,,0
1187,176,car,2,4,42,16.0,0.7307692307692307,78.82105263157895,21.894736842105264,RED,False,42.0,11.0,3,1.9182692307692304,,0
1187,174,car,2,3,2,14.0,1.0,50.4,14.0,RED,False,2.0,,3,0.1428571428571428,,0
1188,176,car,2,4,41,17.0,0.7692307692307693,79.55999999999999,22.1,RED,False,41.0,11.0,2,1.8552036199095023,,0
1188,175,car,2,1,30,16.0,1.0,57.6,16.0,RED,False,30.0,,2,1.875,,0
1189,176,car,2,4,40,18.0,0.8076923076923077,80.22857142857143,22.285714285714285,RED,False,40.0,10.0,2,1.794871794871795,,1
1189,175,car,2,1,30,16.0,1.0,57.6,16.0,RED,False,30.0,,2,1.875,,0
1190,176,car,2,4,39,19.0,0.8461538461538461,80.83636363636363,22.454545454545453,RED,False,39.0,10.0,2,1.736842105263158,,1
1190,175,car,2,1,29,16.0,1.0,57.6,16.0,RED,False,29.0,,2,1.8125,,0
1191,175,car,2,1,29,15.0,1.0,54.0,15.0,RED,False,29.0,,2,1.9333333333333331,,0
1191,176,car,2,4,38,20.0,0.8846153846153846,81.3913043478261,22.608695652173918,RED,False,38.0,9.0,2,1.6807692307692308,,1
1192,176,car,2,4,37,21.0,0.9230769230769232,81.9,22.75,RED,False,37.0,9.0,2,1.6263736263736264,,1
1192,175,car,2,1,28,15.0,1.0,54.0,15.0,RED,False,28.0,,2,1.8666666666666667,,0
1193,175,car,2,1,28,15.0,1.0,54.0,15.0,RED,False,28.0,,2,1.8666666666666667,,0
1193,176,car,2,4,36,22.0,0.9615384615384616,82.368,22.88,RED,False,36.0,8.0,2,1.5734265734265735,,1
1194,175,car,2,1,26,16.0,1.0,57.6,16.0,RED,False,26.0,,2,1.625,,0
1194,176,car,2,4,35,23.0,1.0,82.8,23.0,RED,False,35.0,9.0,2,1.5217391304347827,,1
1195,176,car,2,4,34,22.0,1.0,79.2,22.0,RED,False,34.0,9.0,2,1.5454545454545454,,1
1195,175,car,2,1,25,16.0,1.0,57.6,16.0,RED,False,25.0,,2,1.5625,,0
1196,176,car,2,4,34,21.0,1.0,75.60000000000001,21.0,RED,False,34.0,9.0,2,1.619047619047619,,1
1196,175,car,2,1,25,15.0,1.0,54.0,15.0,RED,False,25.0,,2,1.6666666666666667,,0
1197,175,car,2,1,25,15.0,1.0,54.0,15.0,RED,False,25.0,,2,1.6666666666666667,,0
1197,176,car,2,4,33,22.0,1.0,79.2,22.0,RED,False,33.0,8.0,2,1.5,,1
1198,176,car,2,4,32,21.0,1.0,75.60000000000001,21.0,RED,False,32.0,,1,1.5238095238095235,,1
1199,176,car,2,4,31,21.0,1.0,75.60000000000001,21.0,RED,False,31.0,7.0,2,1.4761904761904765,,0
1199,175,car,2,1,24,16.0,1.0,57.6,16.0,RED,False,24.0,,2,1.5,,0
1200,176,car,2,4,31,21.0,1.0,75.60000000000001,21.0,RED,False,31.0,,1,1.4761904761904765,,0
1201,176,car,2,4,30,20.0,1.0,72.0,20.0,RED,False,30.0,,2,1.5,,1
1201,180,car,2,4,55,,,,0.0,RED,False,55.0,25.0,2,999.0,,0
1202,176,car,2,4,29,21.0,1.0,75.60000000000001,21.0,RED,False,29.0,,2,1.380952380952381,,0
1202,180,car,2,4,55,,,,0.0,RED,False,55.0,26.0,2,999.0,,0
1203,180,car,2,4,54,,,,0.0,RED,False,54.0,26.0,2,999.0,,0
1203,176,car,2,4,28,21.0,1.0,75.60000000000001,21.0,RED,False,28.0,,2,1.3333333333333333,,0
1204,176,car,2,4,27,21.0,1.0,75.60000000000001,21.0,RED,False,27.0,,2,1.2857142857142858,,0
1204,180,car,2,4,53,,,,0.0,RED,False,53.0,26.0,2,999.0,,0
1205,176,car,2,4,27,20.0,1.0,72.0,20.0,RED,False,27.0,,2,1.35,,0
1205,180,car,2,4,52,,,,0.0,RED,False,52.0,25.0,2,999.0,,0
1206,176,car,2,4,26,20.0,1.0,72.0,20.0,RED,False,26.0,5.0,3,1.3,,0
1206,175,car,2,1,21,19.0,1.0,68.4,19.0,RED,False,21.0,,3,1.105263157894737,,0
1206,180,car,2,4,53,,,,0.0,RED,False,53.0,27.0,3,999.0,,0
1207,176,car,2,4,25,21.0,1.0,75.60000000000001,21.0,GREEN,False,25.0,4.0,2,1.1904761904761905,,0
1207,175,car,2,1,21,17.0,1.0,61.2,17.0,GREEN,False,21.0,,2,1.2352941176470589,,0
1208,176,car,2,4,25,20.0,1.0,72.0,20.0,RED,False,25.0,5.0,3,1.25,,0
1208,175,car,2,1,20,17.0,1.0,61.2,17.0,RED,False,20.0,,3,1.1764705882352942,,0
1208,180,car,2,4,49,,,,0.0,RED,False,49.0,24.0,3,999.0,,0
1209,176,car,2,4,25,20.0,1.0,72.0,20.0,GREEN,False,25.0,5.0,3,1.25,,0
1209,175,car,2,1,20,17.0,1.0,61.2,17.0,GREEN,False,20.0,,3,1.1764705882352942,,0
1209,180,car,2,4,48,,,,0.0,GREEN,False,48.0,23.0,3,999.0,,0
1210,175,car,2,1,20,16.0,1.0,57.6,16.0,GREEN,False,20.0,,2,1.25,,0
1210,176,car,2,4,24,20.0,1.0,72.0,20.0,GREEN,False,24.0,4.0,2,1.2,,0
1211,176,car,2,4,23,20.0,1.0,72.0,20.0,GREEN,False,23.0,4.0,2,1.15,,0
1211,175,car,2,1,19,16.0,1.0,57.6,16.0,GREEN,False,19.0,,2,1.1875,,0
1212,176,car,2,4,23,19.0,1.0,68.4,19.0,GREEN,False,23.0,,2,1.2105263157894737,,0
1212,180,car,2,4,49,,,,0.0,GREEN,False,49.0,26.0,2,999.0,,0
1213,180,car,2,4,48,,,,0.0,GREEN,False,48.0,26.0,3,999.0,,0
1213,176,car,2,4,22,19.0,1.0,68.4,19.0,GREEN,False,22.0,5.0,3,1.1578947368421053,,0
1213,175,car,2,1,17,18.0,1.0,64.8,18.0,GREEN,False,17.0,,3,0.9444444444444444,,0
1214,176,car,2,4,21,19.0,1.0,68.4,19.0,RED,False,21.0,,2,1.105263157894737,,0
1214,180,car,2,3,48,,,,0.0,RED,False,48.0,27.0,2,999.0,,0
1215,176,car,2,4,21,18.0,1.0,64.8,18.0,GREEN,False,21.0,,2,1.1666666666666667,,0
1215,182,car,2,1,41,,,,0.0,GREEN,False,41.0,20.0,2,999.0,,0
1216,180,car,2,4,45,,,,0.0,GREEN,False,45.0,25.0,2,999.0,,0
1216,176,car,2,4,20,18.0,1.0,64.8,18.0,GREEN,False,20.0,,2,1.1111111111111112,,0
1217,182,car,2,1,40,,,,0.0,GREEN,False,40.0,20.0,3,999.0,,0
1217,180,car,2,4,45,10.0,0.5,72.0,20.0,GREEN,False,45.0,5.0,3,2.25,,0
1217,176,car,2,4,20,17.0,1.0,61.2,17.0,GREEN,False,20.0,,3,1.1764705882352942,,0
1218,180,car,2,4,44,11.0,0.5384615384615384,73.54285714285716,20.42857142857143,GREEN,False,44.0,4.0,3,2.1538461538461537,,0
1218,176,car,2,4,20,16.0,1.0,57.6,16.0,GREEN,False,20.0,,3,1.25,,0
1218,182,car,2,1,40,,,,0.0,GREEN,False,40.0,20.0,3,999.0,,0
1219,180,car,2,4,43,12.0,0.5769230769230769,74.88000000000001,20.8,GREEN,False,43.0,,1,2.067307692307692,,0
1220,180,car,2,4,42,13.0,0.6153846153846154,76.05,21.125,GREEN,False,42.0,,1,1.9881656804733727,,0
1221,180,car,2,4,41,14.0,0.6538461538461539,77.08235294117647,21.41176470588235,GREEN,False,41.0,,1,1.914835164835165,,0
1224,176,car,2,4,16,19.0,1.0,68.4,19.0,GREEN,False,16.0,,1,0.8421052631578947,,0
1225,180,car,2,4,38,17.0,0.6923076923076923,88.4,24.55555555555556,GREEN,False,38.0,23.0,2,1.5475113122171944,,1
1225,176,car,2,4,15,19.0,1.0,68.4,19.0,GREEN,False,15.0,,2,0.7894736842105263,,0
1226,176,car,2,4,13,21.0,1.0,75.60000000000001,21.0,GREEN,False,13.0,,2,0.6190476190476191,,0
1226,180,car,2,4,38,17.0,0.7307692307692307,83.74736842105264,23.26315789473684,GREEN,False,38.0,25.0,2,1.6334841628959276,,1
1227,180,car,2,4,37,18.0,0.7692307692307693,84.24,23.4,GREEN,False,37.0,,1,1.5811965811965814,,1
1228,180,car,2,4,36,19.0,0.8076923076923077,84.68571428571428,23.52380952380952,GREEN,False,36.0,,1,1.530364372469636,,1
1229,180,car,2,4,36,19.0,0.8461538461538461,80.83636363636363,22.454545454545453,GREEN,False,36.0,,1,1.6032388663967612,,1
1231,180,car,2,4,34,21.0,0.8846153846153846,85.4608695652174,23.73913043478261,GREEN,False,34.0,,1,1.4322344322344325,,0
1232,180,car,2,4,34,21.0,0.9230769230769232,81.9,22.75,GREEN,False,34.0,,1,1.4945054945054943,,0
1233,180,car,2,4,33,22.0,0.9615384615384616,82.368,22.88,GREEN,False,33.0,,1,1.4423076923076923,,0
1234,180,car,2,4,32,23.0,1.0,82.8,23.0,GREEN,False,32.0,,1,1.391304347826087,,0
1235,183,car,2,4,58,,,,0.0,GREEN,False,58.0,26.0,2,999.0,,0
1235,180,car,2,3,32,23.0,1.0,82.8,23.0,GREEN,False,32.0,,2,1.391304347826087,,0
1236,183,car,2,4,57,,,,0.0,GREEN,False,57.0,26.0,2,999.0,,0
1236,180,car,2,4,31,23.0,1.0,82.8,23.0,GREEN,False,31.0,,2,1.3478260869565215,,0
1237,180,car,2,4,31,22.0,1.0,79.2,22.0,GREEN,False,31.0,,2,1.4090909090909092,,0
1237,183,car,2,4,56,,,,0.0,GREEN,False,56.0,25.0,2,999.0,,0
1238,183,car,2,4,56,,,,0.0,GREEN,False,56.0,16.0,3,999.0,,0
1238,180,car,2,4,30,22.0,1.0,79.2,22.0,GREEN,False,30.0,,3,1.3636363636363635,,0
1238,182,car,2,1,40,,,,0.0,GREEN,False,40.0,10.0,3,999.0,,0
1239,183,car,2,4,55,,,,0.0,GREEN,False,55.0,25.0,3,999.0,,0
1239,180,car,2,4,30,23.0,1.0,82.8,23.0,GREEN,False,30.0,21.0,3,1.3043478260869563,,0
1239,184,car,2,2,9,,,,0.0,GREEN,False,9.0,,3,999.0,,0
1240,183,car,2,4,54,,,,0.0,GREEN,False,54.0,25.0,3,999.0,,0
1240,184,car,2,2,8,,,,0.0,GREEN,False,8.0,,3,999.0,,0
1240,180,car,2,4,29,20.0,1.0,72.0,20.0,GREEN,False,29.0,21.0,3,1.45,,0
1241,183,car,2,4,54,,,,0.0,GREEN,False,54.0,25.0,3,999.0,,0
1241,180,car,2,4,29,19.0,1.0,68.4,19.0,GREEN,False,29.0,21.0,3,1.5263157894736843,,1
1241,184,car,2,2,8,,,,0.0,GREEN,False,8.0,,3,999.0,,0
1242,183,car,2,4,53,,,,0.0,GREEN,False,53.0,13.0,4,999.0,,0
1242,180,car,2,3,28,21.0,1.0,75.60000000000001,21.0,GREEN,False,28.0,20.0,4,1.3333333333333333,,0
1242,184,car,2,2,8,,,,0.0,GREEN,False,8.0,,4,999.0,,0
1242,182,car,2,1,40,,,,0.0,GREEN,False,40.0,12.0,4,999.0,,0
1243,180,car,2,3,27,21.0,1.0,75.60000000000001,21.0,GREEN,False,27.0,,2,1.2857142857142858,,0
1243,183,car,2,4,53,,,,0.0,GREEN,False,53.0,26.0,2,999.0,,0
1244,183,car,2,4,53,,,,0.0,GREEN,False,53.0,26.0,2,999.0,,0
1244,180,car,2,4,27,21.0,1.0,75.60000000000001,21.0,GREEN,False,27.0,,2,1.2857142857142858,,0
1245,180,car,2,4,27,18.0,1.0,64.8,18.0,GREEN,False,27.0,,2,1.5,,1
1245,183,car,2,4,52,,,,0.0,GREEN,False,52.0,25.0,2,999.0,,0
1246,183,car,2,4,51,,,,0.0,GREEN,False,51.0,24.0,2,999.0,,0
1246,180,car,2,4,27,18.0,1.0,64.8,18.0,GREEN,False,27.0,,2,1.5,,1
1247,180,car,2,4,27,17.0,1.0,61.2,17.0,GREEN,False,27.0,,2,1.588235294117647,,0
1247,183,car,2,4,51,7.0,0.5,50.4,14.0,GREEN,False,51.0,24.0,2,3.642857142857143,,0
1248,180,car,2,4,26,17.0,1.0,61.2,17.0,GREEN,False,26.0,,2,1.5294117647058822,,0
1248,183,car,2,3,50,8.0,0.5384615384615384,53.48571428571429,14.857142857142858,GREEN,False,50.0,24.0,2,3.3653846153846154,,0
1249,180,car,2,4,25,17.0,1.0,61.2,17.0,GREEN,False,25.0,,2,1.4705882352941178,,0
1249,183,car,2,3,49,9.0,0.5769230769230769,56.16,15.6,GREEN,False,49.0,24.0,2,3.1410256410256405,,0
1250,180,car,2,4,25,16.0,1.0,57.6,16.0,GREEN,False,25.0,,2,1.5625,,0
1250,183,car,2,4,49,9.0,0.6153846153846154,52.65,14.625,GREEN,False,49.0,24.0,2,3.3504273504273505,,0
1251,180,car,2,4,24,14.0,1.0,50.4,14.0,GREEN,False,24.0,,1,1.7142857142857142,,0
1252,180,car,2,4,23,15.0,1.0,54.0,15.0,GREEN,False,23.0,,2,1.5333333333333334,,0
1252,183,car,2,3,47,11.0,0.6538461538461539,60.56470588235295,16.823529411764707,GREEN,False,47.0,24.0,2,2.7937062937062938,,0
1253,180,car,2,4,23,14.0,1.0,50.4,14.0,GREEN,False,23.0,,2,1.6428571428571428,,0
1253,183,car,2,3,47,11.0,0.6923076923076923,57.2,15.88888888888889,GREEN,False,47.0,24.0,2,2.958041958041958,,0
1254,183,car,2,3,46,12.0,0.7307692307692307,59.11578947368422,16.42105263157895,GREEN,False,46.0,23.0,2,2.801282051282051,,0
1254,180,car,2,4,23,13.0,1.0,46.8,13.0,GREEN,False,23.0,,2,1.7692307692307692,,0
1255,183,car,2,3,45,13.0,0.7692307692307693,60.84,16.9,GREEN,False,45.0,23.0,2,2.6627218934911245,,0
1255,180,car,2,4,22,14.0,1.0,50.4,14.0,GREEN,False,22.0,,2,1.5714285714285714,,0
1256,183,car,2,3,45,13.0,0.8076923076923077,57.94285714285714,16.095238095238095,GREEN,False,45.0,23.0,2,2.7958579881656807,,0
1256,180,car,2,4,22,12.0,1.0,43.2,12.0,GREEN,False,22.0,,2,1.8333333333333333,,0
1257,183,car,2,3,44,14.0,0.8461538461538461,59.56363636363637,16.545454545454547,GREEN,False,44.0,22.0,2,2.659340659340659,,0
1257,180,car,2,4,22,12.0,1.0,43.2,12.0,GREEN,False,22.0,,2,1.8333333333333333,,0
1258,183,car,2,3,43,15.0,0.8846153846153846,61.04347826086956,16.956521739130434,YELLOW,True,43.0,22.0,2,2.535897435897436,,0
1258,180,car,2,4,21,12.0,1.0,43.2,12.0,YELLOW,True,21.0,,2,1.75,,0
1259,183,car,2,3,43,15.0,0.9230769230769232,58.5,16.25,YELLOW,True,43.0,22.0,2,2.646153846153846,,0
1259,180,car,2,4,21,11.0,1.0,39.6,11.0,YELLOW,True,21.0,,2,1.9090909090909087,,0
1260,183,car,2,3,42,16.0,0.9615384615384616,59.904,16.64,YELLOW,True,42.0,,1,2.524038461538461,,0
1261,183,car,2,3,41,17.0,1.0,61.2,17.0,GREEN,False,41.0,,1,2.411764705882353,,0
1262,183,car,2,3,41,16.0,1.0,57.6,16.0,GREEN,False,41.0,,1,2.5625,,0
1263,183,car,2,3,40,16.0,1.0,57.6,16.0,GREEN,False,40.0,,1,2.5,,0
1264,183,car,2,3,40,16.0,1.0,57.6,16.0,GREEN,False,40.0,,1,2.5,,0
1265,183,car,2,3,39,16.0,1.0,57.6,16.0,GREEN,False,39.0,,1,2.4375,,0
1266,183,car,2,3,38,16.0,1.0,57.6,16.0,GREEN,False,38.0,,1,2.375,,0
1267,183,car,2,3,38,16.0,1.0,57.6,16.0,GREEN,False,38.0,,1,2.375,,0
1268,183,car,2,3,38,15.0,1.0,54.0,15.0,GREEN,False,38.0,,1,2.533333333333333,,0
1269,183,car,2,4,36,17.0,1.0,61.2,17.0,GREEN,False,36.0,,1,2.117647058823529,,0
1270,183,car,2,3,36,17.0,1.0,61.2,17.0,GREEN,False,36.0,,1,2.117647058823529,,0
1271,183,car,2,3,36,16.0,1.0,57.6,16.0,GREEN,False,36.0,,1,2.25,,0
1272,183,car,2,4,35,16.0,1.0,57.6,16.0,GREEN,False,35.0,,1,2.1875,,0
1273,183,car,2,4,35,16.0,1.0,57.6,16.0,GREEN,False,35.0,,1,2.1875,,0
1274,183,car,2,4,34,16.0,1.0,57.6,16.0,YELLOW,True,34.0,,1,2.125,,0
1275,185,car,2,4,57,,,,0.0,YELLOW,True,57.0,23.0,2,999.0,,0
1275,183,car,2,3,34,15.0,1.0,54.0,15.0,YELLOW,True,34.0,,2,2.2666666666666666,,0
1276,185,car,2,4,56,,,,0.0,YELLOW,True,56.0,23.0,2,999.0,,0
1276,183,car,2,3,33,16.0,1.0,57.6,16.0,YELLOW,True,33.0,,2,2.0625,,0
1277,185,car,2,4,55,,,,0.0,YELLOW,True,55.0,,1,999.0,,0
1278,185,car,2,4,54,,,,0.0,YELLOW,True,54.0,22.0,2,999.0,,0
1278,183,car,2,3,32,15.0,1.0,54.0,15.0,YELLOW,True,32.0,,2,2.1333333333333333,,0
1279,185,car,2,4,54,,,,0.0,YELLOW,True,54.0,,1,999.0,,0
1280,185,car,2,4,54,,,,0.0,YELLOW,True,54.0,23.0,2,999.0,,0
1280,183,car,2,4,31,16.0,1.0,57.6,16.0,YELLOW,True,31.0,,2,1.9375,,0
1281,185,car,2,4,52,,,,0.0,YELLOW,True,52.0,,1,999.0,,0
1282,185,car,2,4,53,,,,0.0,YELLOW,True,53.0,22.0,2,999.0,,0
1282,183,car,2,4,31,15.0,1.0,54.0,15.0,YELLOW,True,31.0,,2,2.066666666666667,,0
1283,185,car,2,4,52,,,,0.0,YELLOW,True,52.0,22.0,2,999.0,,0
1283,183,car,2,4,30,15.0,1.0,54.0,15.0,YELLOW,True,30.0,,2,2.0,,0
1284,183,car,2,4,29,16.0,1.0,57.6,16.0,YELLOW,True,29.0,,1,1.8125,,0
1285,183,car,2,3,28,16.0,1.0,57.6,16.0,YELLOW,True,28.0,,1,1.75,,0
1286,183,car,2,4,28,15.0,1.0,54.0,15.0,YELLOW,True,28.0,,1,1.8666666666666667,,0
1287,185,car,2,4,49,,,,0.0,YELLOW,True,49.0,21.0,2,999.0,,0
1287,183,car,2,4,28,15.0,1.0,54.0,15.0,YELLOW,True,28.0,,2,1.8666666666666667,,0
1288,185,car,2,3,50,,,,0.0,YELLOW,True,50.0,23.0,2,999.0,,0
1288,183,car,2,3,27,15.0,1.0,54.0,15.0,YELLOW,True,27.0,,2,1.8,,0
1289,185,car,2,3,50,,,,0.0,YELLOW,True,50.0,23.0,2,999.0,,0
1289,183,car,2,3,27,14.0,1.0,50.4,14.0,YELLOW,True,27.0,,2,1.9285714285714288,,0
1290,183,car,2,4,26,15.0,1.0,54.0,15.0,YELLOW,True,26.0,,2,1.7333333333333334,,0
1290,185,car,2,3,49,8.0,0.5,57.6,16.0,YELLOW,True,49.0,23.0,2,3.0625,,0
1291,185,car,2,3,49,8.0,0.5384615384615384,53.48571428571429,14.857142857142858,YELLOW,True,49.0,23.0,2,3.298076923076923,,0
1291,183,car,2,4,26,14.0,1.0,50.4,14.0,YELLOW,True,26.0,,2,1.8571428571428568,,0
1292,185,car,2,3,49,8.0,0.5769230769230769,49.92,13.866666666666667,YELLOW,True,49.0,24.0,2,3.533653846153846,,0
1292,183,car,2,4,25,15.0,1.0,54.0,15.0,YELLOW,True,25.0,,2,1.6666666666666667,,0
1293,185,car,2,3,48,9.0,0.6153846153846154,52.65,14.625,YELLOW,True,48.0,23.0,2,3.282051282051282,,0
1293,183,car,2,4,25,14.0,1.0,50.4,14.0,YELLOW,True,25.0,,2,1.7857142857142858,,0
1294,185,car,2,3,47,10.0,0.6538461538461539,55.05882352941176,15.294117647058822,YELLOW,True,47.0,22.0,2,3.0730769230769237,,0
1294,183,car,2,4,25,13.0,1.0,46.8,13.0,YELLOW,True,25.0,,2,1.9230769230769231,,0
1295,185,car,2,3,46,11.0,0.6923076923076923,57.2,15.88888888888889,YELLOW,True,46.0,21.0,2,2.895104895104895,,0
1295,183,car,2,4,25,13.0,1.0,46.8,13.0,YELLOW,True,25.0,,2,1.9230769230769231,,0
1296,183,car,2,4,23,15.0,1.0,54.0,15.0,YELLOW,True,23.0,,1,1.5333333333333334,,0
1297,189,car,0,7,46,,,,0.0,YELLOW,True,46.0,1.0,3,999.0,,0
1297,185,car,2,3,45,12.0,0.7307692307692307,59.11578947368422,16.42105263157895,YELLOW,True,45.0,22.0,3,2.740384615384615,,0
1297,183,car,2,4,23,13.0,1.0,46.8,13.0,YELLOW,True,23.0,,3,1.7692307692307692,,0
1298,189,car,0,7,44,,,,0.0,YELLOW,True,44.0,21.0,3,999.0,,0
1298,185,car,2,4,44,13.0,0.7692307692307693,60.84,16.9,YELLOW,True,44.0,21.0,3,2.6035502958579886,,0
1298,183,car,2,4,23,13.0,1.0,46.8,13.0,YELLOW,True,23.0,,3,1.7692307692307692,,0
1299,185,car,2,4,41,16.0,0.8076923076923077,71.31428571428572,19.80952380952381,YELLOW,True,41.0,18.0,3,2.0697115384615383,,0
1299,183,car,2,4,23,13.0,1.0,46.8,13.0,YELLOW,True,23.0,,3,1.7692307692307692,,0
1299,189,car,0,8,42,,,,0.0,YELLOW,True,42.0,1.0,3,999.0,,0
1300,183,car,2,4,23,12.0,1.0,43.2,12.0,YELLOW,True,23.0,,2,1.9166666666666667,,0
1300,185,car,2,4,38,19.0,0.8461538461538461,80.83636363636363,22.454545454545453,YELLOW,True,38.0,15.0,2,1.6923076923076923,,1
1301,183,car,2,4,23,12.0,1.0,43.2,12.0,YELLOW,True,23.0,,1,1.9166666666666667,,0
1304,185,car,2,4,34,23.0,0.8846153846153846,93.6,26.0,YELLOW,True,34.0,,1,1.3076923076923077,,0
1328,191,car,2,4,57,,,,0.0,YELLOW,True,57.0,,1,999.0,,0
1329,191,car,2,4,57,,,,0.0,YELLOW,True,57.0,,1,999.0,,0
1330,191,car,2,4,56,,,,0.0,YELLOW,True,56.0,,1,999.0,,0
1331,192,bus,5,1,58,,,,0.0,YELLOW,True,58.0,3.0,2,999.0,,0
1331,191,car,2,4,55,,,,0.0,YELLOW,True,55.0,,2,999.0,,0
1332,192,bus,5,1,57,,,,0.0,YELLOW,True,57.0,3.0,2,999.0,,0
1332,191,car,2,4,54,,,,0.0,YELLOW,True,54.0,,2,999.0,,0
1333,192,bus,5,1,55,,,,0.0,YELLOW,True,55.0,1.0,2,999.0,,0
1333,191,car,2,4,54,,,,0.0,YELLOW,True,54.0,,2,999.0,,0
1334,192,bus,5,1,56,,,,0.0,YELLOW,True,56.0,3.0,2,999.0,,0
1334,191,car,2,4,53,,,,0.0,YELLOW,True,53.0,,2,999.0,,0
1335,192,bus,5,1,55,,,,0.0,YELLOW,True,55.0,2.0,2,999.0,,0
1335,191,car,2,4,53,,,,0.0,YELLOW,True,53.0,,2,999.0,,0
1336,192,bus,5,1,54,,,,0.0,YELLOW,True,54.0,2.0,2,999.0,,0
1336,191,car,2,4,52,,,,0.0,YELLOW,True,52.0,,2,999.0,,0
1337,192,bus,5,1,54,,,,0.0,YELLOW,True,54.0,3.0,2,999.0,,0
1337,191,car,2,4,51,,,,0.0,YELLOW,True,51.0,,2,999.0,,0
1338,192,bus,5,1,53,,,,0.0,YELLOW,True,53.0,3.0,2,999.0,,0
1338,191,car,2,4,50,,,,0.0,YELLOW,True,50.0,,2,999.0,,0
1339,192,bus,5,1,52,,,,0.0,YELLOW,True,52.0,2.0,2,999.0,,0
1339,191,car,2,4,50,,,,0.0,YELLOW,True,50.0,,2,999.0,,0
1340,192,bus,5,1,52,,,,0.0,YELLOW,True,52.0,3.0,2,999.0,,0
1340,191,car,2,4,49,8.0,0.5,57.6,16.0,YELLOW,True,49.0,,2,3.0625,,0
1341,192,bus,5,1,50,,,,0.0,YELLOW,True,50.0,2.0,2,999.0,,0
1341,191,car,2,4,48,9.0,0.5384615384615384,60.17142857142858,16.714285714285715,YELLOW,True,48.0,,2,2.871794871794872,,0
1342,192,bus,5,1,50,,,,0.0,YELLOW,True,50.0,2.0,2,999.0,,0
1342,191,car,2,4,48,9.0,0.5769230769230769,56.16,15.6,YELLOW,True,48.0,,2,3.0769230769230766,,0
1343,192,bus,5,1,49,9.0,0.5,64.8,18.0,YELLOW,True,49.0,1.0,2,2.7222222222222223,,0
1343,191,car,2,4,48,9.0,0.6153846153846154,52.65,14.625,YELLOW,True,48.0,,2,3.282051282051282,,0
1344,192,bus,5,1,49,9.0,0.5384615384615384,60.17142857142858,16.714285714285715,YELLOW,True,49.0,2.0,2,2.9316239316239314,,0
1344,191,car,2,4,47,10.0,0.6538461538461539,55.05882352941176,15.294117647058822,YELLOW,True,47.0,,2,3.0730769230769237,,0
1345,192,bus,5,1,48,10.0,0.5769230769230769,62.40000000000001,17.333333333333336,YELLOW,True,48.0,1.0,2,2.7692307692307687,,0
1345,191,car,2,4,47,10.0,0.6923076923076923,52.0,14.444444444444445,YELLOW,True,47.0,,2,3.253846153846154,,0
1346,192,bus,5,1,48,10.0,0.6153846153846154,58.5,16.25,YELLOW,True,48.0,2.0,3,2.953846153846154,,0
1346,191,car,2,4,46,11.0,0.7307692307692307,54.18947368421053,15.05263157894737,YELLOW,True,46.0,23.0,3,3.055944055944056,,0
1346,198,car,2,6,23,,,,0.0,YELLOW,True,23.0,,3,999.0,,0
1347,192,bus,5,1,48,10.0,0.6538461538461539,55.05882352941176,15.294117647058822,YELLOW,True,48.0,2.0,2,3.138461538461539,,0
1347,191,car,2,4,46,11.0,0.7692307692307693,51.48,14.3,YELLOW,True,46.0,,2,3.216783216783217,,0
1348,192,bus,5,1,47,11.0,0.6923076923076923,57.2,15.88888888888889,YELLOW,True,47.0,2.0,2,2.958041958041958,,0
1348,191,car,2,4,45,12.0,0.8076923076923077,53.48571428571429,14.857142857142858,YELLOW,True,45.0,,2,3.0288461538461537,,0
1349,191,car,2,4,45,12.0,0.8461538461538461,51.054545454545455,14.181818181818182,YELLOW,True,45.0,,2,3.173076923076923,,0
1349,192,bus,5,1,47,11.0,0.7307692307692307,54.18947368421053,15.05263157894737,YELLOW,True,47.0,2.0,2,3.122377622377622,,0
1350,192,bus,5,1,47,11.0,0.7692307692307693,51.48,14.3,YELLOW,True,47.0,,1,3.286713286713287,,0
1351,192,bus,5,1,45,13.0,0.8076923076923077,57.94285714285714,16.095238095238095,YELLOW,True,45.0,1.0,2,2.7958579881656807,,0
1351,191,car,2,4,44,13.0,0.8846153846153846,52.90434782608696,14.695652173913045,YELLOW,True,44.0,,2,2.994082840236686,,0
1352,191,car,2,4,44,13.0,0.9230769230769232,50.7,14.083333333333332,YELLOW,True,44.0,,2,3.124260355029586,,0
1352,192,truck,7,1,45,13.0,0.8461538461538461,55.30909090909091,15.363636363636363,YELLOW,True,45.0,1.0,2,2.9289940828402368,,0
1353,191,car,2,4,43,14.0,0.9615384615384616,52.416,14.56,YELLOW,True,43.0,,2,2.953296703296703,,0
1353,192,bus,5,1,44,14.0,0.8846153846153846,56.97391304347826,15.82608695652174,YELLOW,True,44.0,1.0,2,2.78021978021978,,0
1354,191,car,2,4,43,14.0,1.0,50.4,14.0,YELLOW,True,43.0,,2,3.071428571428572,,0
1354,192,bus,5,1,43,15.0,0.9230769230769232,58.5,16.25,YELLOW,True,43.0,,2,2.646153846153846,,0
1355,191,car,2,4,42,15.0,1.0,54.0,15.0,YELLOW,True,42.0,,2,2.8,,0
1355,192,truck,7,1,43,15.0,0.9615384615384616,56.16,15.6,YELLOW,True,43.0,1.0,2,2.7564102564102564,,0
1356,192,bus,5,1,42,16.0,1.0,57.6,16.0,YELLOW,True,42.0,,2,2.625,,0
1356,191,car,2,4,42,14.0,1.0,50.4,14.0,YELLOW,True,42.0,,2,3.0,,0
1357,192,bus,5,1,41,16.0,1.0,57.6,16.0,YELLOW,True,41.0,,2,2.5625,,0
1357,191,car,2,4,41,14.0,1.0,50.4,14.0,YELLOW,True,41.0,,2,2.9285714285714284,,0
1358,192,bus,5,1,41,14.0,1.0,50.4,14.0,YELLOW,True,41.0,,2,2.9285714285714284,,0
1358,191,car,2,4,41,13.0,1.0,46.8,13.0,YELLOW,True,41.0,,2,3.1538461538461537,,0
1359,191,car,2,4,41,13.0,1.0,46.8,13.0,YELLOW,True,41.0,1.0,2,3.1538461538461537,,0
1359,192,bus,5,1,40,16.0,1.0,57.6,16.0,YELLOW,True,40.0,,2,2.5,,0
1360,191,car,2,4,41,12.0,1.0,43.2,12.0,YELLOW,True,41.0,1.0,2,3.4166666666666665,,0
1360,192,bus,5,1,40,15.0,1.0,54.0,15.0,YELLOW,True,40.0,,2,2.6666666666666665,,0
1361,191,car,2,4,40,13.0,1.0,46.8,13.0,YELLOW,True,40.0,1.0,2,3.076923076923077,,0
1361,192,bus,5,1,39,15.0,1.0,54.0,15.0,YELLOW,True,39.0,,2,2.6,,0
1362,192,bus,5,1,39,15.0,1.0,54.0,15.0,YELLOW,True,39.0,,2,2.6,,0
1362,191,car,2,4,40,12.0,1.0,43.2,12.0,YELLOW,True,40.0,1.0,2,3.333333333333333,,0
1363,192,bus,5,1,38,15.0,1.0,54.0,15.0,YELLOW,True,38.0,,2,2.533333333333333,,0
1363,191,car,2,4,40,11.0,1.0,39.6,11.0,YELLOW,True,40.0,2.0,2,3.636363636363636,,0
1364,192,bus,5,1,37,15.0,1.0,54.0,15.0,YELLOW,True,37.0,,2,2.466666666666667,,0
1364,191,car,2,4,39,11.0,1.0,39.6,11.0,YELLOW,True,39.0,2.0,2,3.5454545454545454,,0
1365,192,bus,5,1,37,15.0,1.0,54.0,15.0,YELLOW,True,37.0,,2,2.466666666666667,,0
1365,191,car,2,4,38,12.0,1.0,43.2,12.0,YELLOW,True,38.0,1.0,2,3.1666666666666665,,0
1366,191,car,2,4,38,11.0,1.0,39.6,11.0,YELLOW,True,38.0,2.0,2,3.4545454545454546,,0
1366,192,bus,5,1,36,14.0,1.0,50.4,14.0,YELLOW,True,36.0,,2,2.571428571428572,,0
1367,191,car,2,4,38,10.0,1.0,36.0,10.0,YELLOW,True,38.0,2.0,2,3.8,,0
1367,192,bus,5,1,36,14.0,1.0,50.4,14.0,YELLOW,True,36.0,,2,2.571428571428572,,0
1368,192,bus,5,1,35,14.0,1.0,50.4,14.0,YELLOW,True,35.0,,2,2.5,,0
1368,191,car,2,4,38,10.0,1.0,36.0,10.0,YELLOW,True,38.0,3.0,2,3.8,,0
1369,191,car,2,4,38,10.0,1.0,36.0,10.0,YELLOW,True,38.0,4.0,2,3.8,,0
1369,192,truck,7,1,34,15.0,1.0,54.0,15.0,YELLOW,True,34.0,,2,2.2666666666666666,,0
1370,191,car,2,4,38,9.0,1.0,32.4,9.0,YELLOW,True,38.0,4.0,2,4.222222222222222,,0
1370,192,truck,7,1,34,14.0,1.0,50.4,14.0,YELLOW,True,34.0,,2,2.4285714285714284,,0
1371,192,truck,7,1,33,15.0,1.0,54.0,15.0,YELLOW,True,33.0,,2,2.2,,0
1371,191,car,2,4,37,10.0,1.0,36.0,10.0,YELLOW,True,37.0,4.0,2,3.7,,0
1372,191,car,2,4,37,9.0,1.0,32.4,9.0,YELLOW,True,37.0,5.0,2,4.111111111111111,,0
1372,192,truck,7,1,32,16.0,1.0,57.6,16.0,YELLOW,True,32.0,,2,2.0,,0
1373,191,car,2,4,36,10.0,1.0,36.0,10.0,YELLOW,True,36.0,5.0,2,3.6,,0
1373,192,truck,7,1,31,16.0,1.0,57.6,16.0,YELLOW,True,31.0,,2,1.9375,,0
1374,191,car,2,4,36,9.0,1.0,32.4,9.0,YELLOW,True,36.0,5.0,2,4.0,,0
1374,192,truck,7,1,31,16.0,1.0,57.6,16.0,YELLOW,True,31.0,,2,1.9375,,0
1375,191,car,2,4,36,9.0,1.0,32.4,9.0,YELLOW,True,36.0,6.0,2,4.0,,0
1375,192,truck,7,1,30,17.0,1.0,61.2,17.0,YELLOW,True,30.0,,2,1.7647058823529411,,0
1376,191,car,2,4,36,8.0,1.0,28.8,8.0,YELLOW,True,36.0,6.0,2,4.5,,0
1376,192,truck,7,1,30,15.0,1.0,54.0,15.0,YELLOW,True,30.0,,2,2.0,,0
1377,191,car,2,4,35,9.0,1.0,32.4,9.0,YELLOW,True,35.0,6.0,2,3.888888888888889,,0
1377,192,truck,7,1,29,16.0,1.0,57.6,16.0,YELLOW,True,29.0,,2,1.8125,,0
1378,191,car,2,4,35,8.0,1.0,28.8,8.0,YELLOW,True,35.0,6.0,2,4.375,,0
1378,192,truck,7,1,29,15.0,1.0,54.0,15.0,YELLOW,True,29.0,,2,1.9333333333333331,,0
1379,191,car,2,4,35,8.0,1.0,28.8,8.0,YELLOW,True,35.0,7.0,2,4.375,,0
1379,192,truck,7,1,28,15.0,1.0,54.0,15.0,YELLOW,True,28.0,,2,1.8666666666666667,,0
1380,191,car,2,4,35,7.0,1.0,25.2,7.0,YELLOW,True,35.0,8.0,2,5.0,,0
1380,192,truck,7,1,27,16.0,1.0,57.6,16.0,YELLOW,True,27.0,,2,1.6875,,0
1381,191,car,2,4,35,7.0,1.0,25.2,7.0,YELLOW,True,35.0,9.0,2,5.0,,0
1381,192,truck,7,1,26,16.0,1.0,57.6,16.0,YELLOW,True,26.0,,2,1.625,,0
1382,191,car,2,4,35,6.0,1.0,21.6,6.0,YELLOW,True,35.0,8.0,2,5.833333333333333,,0
1382,192,truck,7,1,27,14.0,1.0,50.4,14.0,YELLOW,True,27.0,,2,1.9285714285714288,,0
1383,191,car,2,4,34,7.0,1.0,25.2,7.0,YELLOW,True,34.0,8.0,2,4.857142857142857,,0
1383,192,truck,7,1,26,15.0,1.0,54.0,15.0,YELLOW,True,26.0,,2,1.7333333333333334,,0
1384,191,car,2,4,34,7.0,1.0,25.2,7.0,YELLOW,True,34.0,8.0,2,4.857142857142857,,0
1384,192,truck,7,1,26,14.0,1.0,50.4,14.0,YELLOW,True,26.0,,2,1.8571428571428568,,0
1385,191,car,2,4,34,7.0,1.0,25.2,7.0,YELLOW,True,34.0,9.0,2,4.857142857142857,,0
1385,192,truck,7,1,25,15.0,1.0,54.0,15.0,YELLOW,True,25.0,,2,1.6666666666666667,,0
1386,191,car,2,4,34,6.0,1.0,21.6,6.0,YELLOW,True,34.0,9.0,2,5.666666666666667,,0
1386,192,truck,7,1,25,14.0,1.0,50.4,14.0,YELLOW,True,25.0,,2,1.7857142857142858,,0
1387,191,car,2,4,34,6.0,1.0,21.6,6.0,YELLOW,True,34.0,9.0,2,5.666666666666667,,0
1387,192,truck,7,1,25,14.0,1.0,50.4,14.0,YELLOW,True,25.0,,2,1.7857142857142858,,0
1388,191,car,2,4,34,6.0,1.0,21.6,6.0,YELLOW,True,34.0,10.0,2,5.666666666666667,,0
1388,192,truck,7,1,24,14.0,1.0,50.4,14.0,YELLOW,True,24.0,,2,1.7142857142857142,,0
1389,191,car,2,4,34,5.0,1.0,18.0,5.0,YELLOW,True,34.0,10.0,2,6.8,,0
1389,192,truck,7,1,24,13.0,1.0,46.8,13.0,YELLOW,True,24.0,,2,1.8461538461538465,,0
1390,191,car,2,4,33,5.0,1.0,18.0,5.0,YELLOW,True,33.0,9.0,2,6.6,,0
1390,192,truck,7,1,24,13.0,1.0,46.8,13.0,YELLOW,True,24.0,,2,1.8461538461538465,,0
1391,191,car,2,4,33,5.0,1.0,18.0,5.0,YELLOW,True,33.0,10.0,2,6.6,,0
1391,192,truck,7,1,23,13.0,1.0,46.8,13.0,YELLOW,True,23.0,,2,1.7692307692307692,,0
1392,191,car,2,4,33,5.0,1.0,18.0,5.0,YELLOW,True,33.0,10.0,2,6.6,,0
1392,192,truck,7,1,23,13.0,1.0,46.8,13.0,YELLOW,True,23.0,,2,1.7692307692307692,,0
1393,192,truck,7,1,22,13.0,1.0,46.8,13.0,YELLOW,True,22.0,,2,1.6923076923076923,,0
1393,191,car,2,4,33,5.0,1.0,18.0,5.0,YELLOW,True,33.0,11.0,2,6.6,,0
1394,192,truck,7,1,21,13.0,1.0,46.8,13.0,YELLOW,True,21.0,,1,1.6153846153846154,,0
1395,192,truck,7,1,20,14.0,1.0,50.4,14.0,YELLOW,True,20.0,,2,1.4285714285714286,,0
1395,191,car,2,4,33,5.0,1.0,18.0,5.0,YELLOW,True,33.0,13.0,2,6.6,,0
1396,191,car,2,4,33,5.0,1.0,18.0,5.0,YELLOW,True,33.0,13.0,2,6.6,,0
1396,192,truck,7,1,20,13.0,1.0,46.8,13.0,YELLOW,True,20.0,,2,1.5384615384615383,,0
1397,191,car,2,4,33,4.0,1.0,14.4,4.0,YELLOW,True,33.0,13.0,2,8.25,,0
1397,192,truck,7,1,20,12.0,1.0,43.2,12.0,YELLOW,True,20.0,,2,1.6666666666666667,,0
1398,191,car,2,4,33,4.0,1.0,14.4,4.0,YELLOW,True,33.0,14.0,2,8.25,,0
1398,192,truck,7,1,19,12.0,1.0,43.2,12.0,YELLOW,True,19.0,,2,1.5833333333333333,,0
1399,191,car,2,4,33,3.0,1.0,10.8,3.0,YELLOW,True,33.0,14.0,2,11.0,,0
1399,192,truck,7,1,19,12.0,1.0,43.2,12.0,YELLOW,True,19.0,,2,1.5833333333333333,,0
1400,191,car,2,4,33,3.0,1.0,10.8,3.0,YELLOW,True,33.0,14.0,2,11.0,,0
1400,192,truck,7,1,19,11.0,1.0,39.6,11.0,YELLOW,True,19.0,,2,1.7272727272727273,,0
1401,191,car,2,4,33,3.0,1.0,10.8,3.0,YELLOW,True,33.0,14.0,2,11.0,,0
1401,192,truck,7,1,19,11.0,1.0,39.6,11.0,YELLOW,True,19.0,,2,1.7272727272727273,,0
1402,191,car,2,4,32,4.0,1.0,14.4,4.0,YELLOW,True,32.0,14.0,2,8.0,,0
1402,192,truck,7,1,18,11.0,1.0,39.6,11.0,YELLOW,True,18.0,,2,1.6363636363636365,,0
1403,191,car,2,4,32,3.0,1.0,10.8,3.0,YELLOW,True,32.0,,1,10.666666666666666,,0
1404,191,car,2,4,32,3.0,1.0,10.8,3.0,YELLOW,True,32.0,,1,10.666666666666666,,0
1405,191,car,2,4,32,3.0,1.0,10.8,3.0,YELLOW,True,32.0,,1,10.666666666666666,,0
1406,191,car,2,4,32,3.0,1.0,10.8,3.0,YELLOW,True,32.0,,1,10.666666666666666,,0
1407,191,car,2,4,32,3.0,1.0,10.8,3.0,YELLOW,True,32.0,,1,10.666666666666666,,0
1408,191,car,2,4,32,3.0,1.0,10.8,3.0,YELLOW,True,32.0,,1,10.666666666666666,,0
1409,191,car,2,4,32,2.0,1.0,7.2,2.0,YELLOW,True,32.0,,1,16.0,,0
1410,191,car,2,4,32,2.0,1.0,7.2,2.0,YELLOW,True,32.0,16.0,2,16.0,,0
1410,192,truck,7,1,16,13.0,1.0,46.8,13.0,YELLOW,True,16.0,,2,1.2307692307692308,,0
1411,191,car,2,4,32,2.0,1.0,7.2,2.0,YELLOW,True,32.0,17.0,2,16.0,,0
1411,192,truck,7,1,15,13.0,1.0,46.8,13.0,YELLOW,True,15.0,,2,1.1538461538461535,,0
1412,191,car,2,4,32,2.0,1.0,7.2,2.0,YELLOW,True,32.0,18.0,2,16.0,,0
1412,192,truck,7,1,14,13.0,1.0,46.8,13.0,YELLOW,True,14.0,,2,1.0769230769230769,,0
1413,191,car,2,4,32,2.0,1.0,7.2,2.0,YELLOW,True,32.0,19.0,2,16.0,,0
1413,192,truck,7,1,13,13.0,1.0,46.8,13.0,YELLOW,True,13.0,,2,1.0,,0
1414,191,car,2,4,32,2.0,1.0,7.2,2.0,YELLOW,True,32.0,19.0,2,16.0,,0
1414,192,truck,7,1,13,14.0,1.0,50.4,14.0,YELLOW,True,13.0,,2,0.9285714285714286,,0
1415,191,car,2,4,32,2.0,1.0,7.2,2.0,YELLOW,True,32.0,19.0,2,16.0,,0
1415,192,truck,7,1,13,13.0,1.0,46.8,13.0,YELLOW,True,13.0,,2,1.0,,0
1416,191,car,2,4,32,1.0,1.0,3.6,1.0,YELLOW,True,32.0,20.0,2,32.0,,0
1416,192,truck,7,1,12,14.0,1.0,50.4,14.0,YELLOW,True,12.0,,2,0.8571428571428571,,0
1417,191,car,2,4,31,2.0,1.0,7.2,2.0,YELLOW,True,31.0,21.0,2,15.5,,0
1417,192,truck,7,1,10,15.0,1.0,54.0,15.0,YELLOW,True,10.0,,2,0.6666666666666666,,0
1418,191,car,2,4,31,2.0,1.0,7.2,2.0,YELLOW,True,31.0,20.0,2,15.5,,0
1418,192,truck,7,1,11,14.0,1.0,50.4,14.0,YELLOW,True,11.0,,2,0.7857142857142857,,0
1419,191,car,2,4,31,2.0,1.0,7.2,2.0,YELLOW,True,31.0,21.0,2,15.5,,0
1419,192,truck,7,1,10,15.0,1.0,54.0,15.0,YELLOW,True,10.0,,2,0.6666666666666666,,0
1420,191,car,2,4,31,2.0,1.0,7.2,2.0,YELLOW,True,31.0,,1,15.5,,0
1421,191,car,2,4,31,2.0,1.0,7.2,2.0,YELLOW,True,31.0,,1,15.5,,0
1422,191,car,2,4,31,2.0,1.0,7.2,2.0,YELLOW,True,31.0,,1,15.5,,0
1423,191,car,2,4,31,2.0,1.0,7.2,2.0,YELLOW,True,31.0,,1,15.5,,0
1424,191,car,2,4,31,2.0,1.0,7.2,2.0,YELLOW,True,31.0,,1,15.5,,0
1425,191,car,2,4,31,2.0,1.0,7.2,2.0,YELLOW,True,31.0,,1,15.5,,0
1426,191,car,2,4,31,2.0,1.0,7.2,2.0,YELLOW,True,31.0,,1,15.5,,0
1427,191,car,2,4,31,1.0,1.0,3.6,1.0,YELLOW,True,31.0,,1,31.0,,0
1428,191,car,2,4,31,1.0,1.0,3.6,1.0,YELLOW,True,31.0,,1,31.0,,0
1429,191,car,2,4,31,1.0,1.0,3.6,1.0,YELLOW,True,31.0,,1,31.0,,0
1430,191,car,2,4,31,1.0,1.0,3.6,1.0,YELLOW,True,31.0,,1,31.0,,0
1431,191,car,2,4,31,1.0,1.0,3.6,1.0,YELLOW,True,31.0,,1,31.0,,0
1432,191,car,2,4,31,1.0,1.0,3.6,1.0,YELLOW,True,31.0,,1,31.0,,0
1433,191,car,2,4,31,1.0,1.0,3.6,1.0,YELLOW,True,31.0,,1,31.0,,0
1434,191,car,2,4,31,1.0,1.0,3.6,1.0,YELLOW,True,31.0,,1,31.0,,0
1435,191,car,2,4,31,1.0,1.0,3.6,1.0,YELLOW,True,31.0,,1,31.0,,0
1436,191,car,2,4,31,1.0,1.0,3.6,1.0,YELLOW,True,31.0,,1,31.0,,0
1437,191,car,2,4,31,1.0,1.0,3.6,1.0,YELLOW,True,31.0,23.0,2,31.0,,0
1437,192,truck,7,1,8,16.0,1.0,57.6,16.0,YELLOW,True,8.0,,2,0.5,,0
1438,191,car,2,4,31,1.0,1.0,3.6,1.0,YELLOW,True,31.0,,1,31.0,,0
1439,191,car,2,4,31,1.0,1.0,3.6,1.0,YELLOW,True,31.0,,1,31.0,,0
1440,191,car,2,4,31,1.0,1.0,3.6,1.0,YELLOW,True,31.0,,1,31.0,,0
1441,191,car,2,4,31,1.0,1.0,3.6,1.0,YELLOW,True,31.0,23.0,2,31.0,,0
1441,192,truck,7,1,8,16.0,1.0,57.6,16.0,YELLOW,True,8.0,,2,0.5,,0
1442,191,car,2,4,31,0.0,1.0,0.0,0.0,YELLOW,True,31.0,,1,999.0,,0
1443,191,car,2,4,31,0.0,1.0,0.0,0.0,YELLOW,True,31.0,,1,999.0,,0
1444,191,car,2,4,31,0.0,1.0,0.0,0.0,YELLOW,True,31.0,,1,999.0,,0
1445,191,car,2,4,31,0.0,1.0,0.0,0.0,YELLOW,True,31.0,,1,999.0,,0
1446,191,car,2,4,32,1.0,1.0,3.6,1.0,YELLOW,True,32.0,,1,32.0,,0
1447,191,car,2,4,31,0.0,1.0,0.0,0.0,YELLOW,True,31.0,,1,999.0,,0
1448,191,car,2,4,31,0.0,1.0,0.0,0.0,YELLOW,True,31.0,,1,999.0,,0
1449,191,car,2,4,31,0.0,1.0,0.0,0.0,YELLOW,True,31.0,,1,999.0,,0
1450,191,car,2,4,31,0.0,1.0,0.0,0.0,YELLOW,True,31.0,,1,999.0,,0
1451,191,car,2,4,31,0.0,1.0,0.0,0.0,YELLOW,True,31.0,,1,999.0,,0
1452,191,car,2,4,31,0.0,1.0,0.0,0.0,YELLOW,True,31.0,,1,999.0,,0
1453,191,car,2,4,31,0.0,1.0,0.0,0.0,YELLOW,True,31.0,,1,999.0,,0
1454,191,car,2,4,31,0.0,1.0,0.0,0.0,YELLOW,True,31.0,,1,999.0,,0
1455,191,car,2,4,31,0.0,1.0,0.0,0.0,YELLOW,True,31.0,,1,999.0,,0
1456,191,car,2,4,31,0.0,1.0,0.0,0.0,YELLOW,True,31.0,,1,999.0,,0
1457,191,car,2,4,31,0.0,1.0,0.0,0.0,YELLOW,True,31.0,,1,999.0,,0
1458,191,car,2,4,31,0.0,1.0,0.0,0.0,YELLOW,True,31.0,,1,999.0,,0
1459,191,car,2,4,31,0.0,1.0,0.0,0.0,YELLOW,True,31.0,,1,999.0,,0
1460,191,car,2,4,31,0.0,1.0,0.0,0.0,YELLOW,True,31.0,,1,999.0,,0
1461,191,car,2,4,31,0.0,1.0,0.0,0.0,YELLOW,True,31.0,,1,999.0,,0
1462,191,car,2,4,31,0.0,1.0,0.0,0.0,YELLOW,True,31.0,,1,999.0,,0
1463,191,car,2,4,31,0.0,1.0,0.0,0.0,YELLOW,True,31.0,,1,999.0,,0
1464,191,car,2,4,31,0.0,1.0,0.0,0.0,YELLOW,True,31.0,,1,999.0,,0
1465,191,car,2,4,31,0.0,1.0,0.0,0.0,YELLOW,True,31.0,,1,999.0,,0
1466,191,car,2,4,31,0.0,1.0,0.0,0.0,YELLOW,True,31.0,,1,999.0,,0
1467,191,car,2,4,31,0.0,1.0,0.0,0.0,YELLOW,True,31.0,,1,999.0,,0
1468,191,car,2,4,31,0.0,1.0,0.0,0.0,YELLOW,True,31.0,,1,999.0,,0
1469,191,car,2,4,31,0.0,1.0,0.0,0.0,YELLOW,True,31.0,,1,999.0,,0
1470,191,car,2,4,31,0.0,1.0,0.0,0.0,YELLOW,True,31.0,,1,999.0,,0
1471,191,car,2,4,31,1.0,1.0,3.6,1.0,YELLOW,True,31.0,,1,31.0,,0
1472,191,car,2,4,31,0.0,1.0,0.0,0.0,YELLOW,True,31.0,,1,999.0,,0
1473,191,car,2,4,31,0.0,1.0,0.0,0.0,YELLOW,True,31.0,,1,999.0,,0
1474,191,car,2,4,31,0.0,1.0,0.0,0.0,YELLOW,True,31.0,,1,999.0,,0
1475,191,car,2,4,31,0.0,1.0,0.0,0.0,YELLOW,True,31.0,,2,999.0,,0
1475,204,motorcycle,3,6,50,,,,0.0,YELLOW,True,50.0,19.0,2,999.0,,0
1476,191,car,2,4,31,0.0,1.0,0.0,0.0,YELLOW,True,31.0,,1,999.0,,0
1477,191,car,2,4,31,0.0,1.0,0.0,0.0,YELLOW,True,31.0,,1,999.0,,0
1478,191,car,2,4,31,0.0,1.0,0.0,0.0,YELLOW,True,31.0,,1,999.0,,0
1479,191,car,2,4,31,0.0,1.0,0.0,0.0,YELLOW,True,31.0,,1,999.0,,0
1480,191,car,2,4,31,0.0,1.0,0.0,0.0,YELLOW,True,31.0,,1,999.0,,0
1481,191,car,2,4,31,0.0,1.0,0.0,0.0,YELLOW,True,31.0,,1,999.0,,0
1482,191,car,2,4,31,0.0,1.0,0.0,0.0,YELLOW,True,31.0,,1,999.0,,0
1483,191,car,2,4,31,0.0,1.0,0.0,0.0,YELLOW,True,31.0,,1,999.0,,0
1484,191,car,2,4,31,0.0,1.0,0.0,0.0,YELLOW,True,31.0,,1,999.0,,0
1485,191,car,2,4,31,0.0,1.0,0.0,0.0,YELLOW,True,31.0,,1,999.0,,0
1486,191,car,2,4,31,0.0,1.0,0.0,0.0,YELLOW,True,31.0,,1,999.0,,0
1487,191,car,2,4,31,0.0,1.0,0.0,0.0,YELLOW,True,31.0,,1,999.0,,0
1488,191,car,2,4,31,0.0,1.0,0.0,0.0,YELLOW,True,31.0,,1,999.0,,0
1489,191,car,2,4,31,0.0,1.0,0.0,0.0,YELLOW,True,31.0,,1,999.0,,0
1490,191,car,2,4,31,0.0,1.0,0.0,0.0,YELLOW,True,31.0,,1,999.0,,0
1491,191,car,2,4,31,0.0,1.0,0.0,0.0,YELLOW,True,31.0,,1,999.0,,0
1492,191,car,2,4,31,0.0,1.0,0.0,0.0,YELLOW,True,31.0,,1,999.0,,0
1493,191,car,2,4,31,0.0,1.0,0.0,0.0,YELLOW,True,31.0,,1,999.0,,0
1494,191,car,2,4,31,0.0,1.0,0.0,0.0,YELLOW,True,31.0,,1,999.0,,0
1495,191,car,2,4,31,0.0,1.0,0.0,0.0,YELLOW,True,31.0,,1,999.0,,0
1496,191,car,2,4,31,0.0,1.0,0.0,0.0,YELLOW,True,31.0,,1,999.0,,0
1497,191,car,2,4,31,0.0,1.0,0.0,0.0,YELLOW,True,31.0,,1,999.0,,0
1498,191,car,2,4,31,0.0,1.0,0.0,0.0,YELLOW,True,31.0,,1,999.0,,0
1499,191,car,2,4,31,0.0,1.0,0.0,0.0,YELLOW,True,31.0,,1,999.0,,0
1500,191,car,2,4,31,0.0,1.0,0.0,0.0,YELLOW,True,31.0,,1,999.0,,0
1501,191,car,2,4,31,0.0,1.0,0.0,0.0,YELLOW,True,31.0,,1,999.0,,0
1502,191,car,2,4,31,0.0,1.0,0.0,0.0,YELLOW,True,31.0,,1,999.0,,0
1503,191,car,2,4,31,0.0,1.0,0.0,0.0,YELLOW,True,31.0,,1,999.0,,0
1504,191,car,2,4,31,0.0,1.0,0.0,0.0,YELLOW,True,31.0,,1,999.0,,0
1505,191,car,2,4,31,0.0,1.0,0.0,0.0,YELLOW,True,31.0,,1,999.0,,0
1507,191,car,2,4,31,0.0,1.0,0.0,0.0,YELLOW,True,31.0,,1,999.0,,0
1508,191,car,2,4,31,0.0,1.0,0.0,0.0,YELLOW,True,31.0,,1,999.0,,0
1509,191,car,2,4,31,0.0,1.0,0.0,0.0,YELLOW,True,31.0,,1,999.0,,0
1510,191,car,2,4,31,0.0,1.0,0.0,0.0,YELLOW,True,31.0,,1,999.0,,0
1511,191,car,2,4,31,0.0,1.0,0.0,0.0,YELLOW,True,31.0,,1,999.0,,0
1512,191,car,2,4,31,0.0,1.0,0.0,0.0,YELLOW,True,31.0,,1,999.0,,0
1513,191,car,2,4,31,0.0,1.0,0.0,0.0,YELLOW,True,31.0,,1,999.0,,0
1514,191,car,2,4,31,0.0,1.0,0.0,0.0,YELLOW,True,31.0,,1,999.0,,0
1515,191,car,2,4,31,0.0,1.0,0.0,0.0,YELLOW,True,31.0,,1,999.0,,0
1516,191,car,2,4,31,0.0,1.0,0.0,0.0,YELLOW,True,31.0,,1,999.0,,0
1517,191,car,2,4,31,0.0,1.0,0.0,0.0,YELLOW,True,31.0,,1,999.0,,0
1518,191,car,2,4,31,0.0,1.0,0.0,0.0,YELLOW,True,31.0,,1,999.0,,0
1519,191,car,2,4,31,0.0,1.0,0.0,0.0,YELLOW,True,31.0,,1,999.0,,0
1520,191,car,2,4,31,0.0,1.0,0.0,0.0,YELLOW,True,31.0,,1,999.0,,0
1521,191,car,2,4,31,0.0,1.0,0.0,0.0,YELLOW,True,31.0,,1,999.0,,0
1522,191,car,2,4,31,0.0,1.0,0.0,0.0,YELLOW,True,31.0,,1,999.0,,0
1523,191,car,2,4,31,0.0,1.0,0.0,0.0,YELLOW,True,31.0,,1,999.0,,0
1524,191,car,2,4,31,0.0,1.0,0.0,0.0,YELLOW,True,31.0,,1,999.0,,0
1525,191,car,2,4,31,0.0,1.0,0.0,0.0,YELLOW,True,31.0,,1,999.0,,0
1526,191,car,2,4,31,0.0,1.0,0.0,0.0,YELLOW,True,31.0,,1,999.0,,0
1527,191,car,2,4,31,0.0,1.0,0.0,0.0,YELLOW,True,31.0,,1,999.0,,0
1528,191,car,2,4,31,0.0,1.0,0.0,0.0,YELLOW,True,31.0,,1,999.0,,0
1529,191,car,2,4,31,0.0,1.0,0.0,0.0,YELLOW,True,31.0,,1,999.0,,0
1530,191,car,2,4,31,0.0,1.0,0.0,0.0,YELLOW,True,31.0,,1,999.0,,0
1531,191,car,2,4,31,0.0,1.0,0.0,0.0,YELLOW,True,31.0,,1,999.0,,0
1532,191,car,2,4,31,0.0,1.0,0.0,0.0,YELLOW,True,31.0,,1,999.0,,0
1533,191,car,2,4,31,0.0,1.0,0.0,0.0,YELLOW,True,31.0,,1,999.0,,0
1534,207,car,2,1,56,,,,0.0,YELLOW,True,56.0,24.0,2,999.0,,0
1534,191,car,2,4,32,1.0,1.0,3.6,1.0,YELLOW,True,32.0,,2,32.0,,0
1535,207,car,2,1,56,,,,0.0,YELLOW,True,56.0,24.0,2,999.0,,0
1535,191,car,2,4,32,1.0,1.0,3.6,1.0,YELLOW,True,32.0,,2,32.0,,0
1536,207,car,2,1,54,,,,0.0,YELLOW,True,54.0,23.0,2,999.0,,0
1536,191,car,2,4,31,0.0,1.0,0.0,0.0,YELLOW,True,31.0,,2,999.0,,0
1537,207,car,2,1,53,,,,0.0,YELLOW,True,53.0,1.0,3,999.0,,0
1537,208,truck,7,0,52,,,,0.0,YELLOW,True,52.0,21.0,3,999.0,,0
1537,191,car,2,4,31,0.0,1.0,0.0,0.0,YELLOW,True,31.0,,3,999.0,,0
1538,207,car,2,1,52,,,,0.0,YELLOW,True,52.0,1.0,3,999.0,,0
1538,208,truck,7,0,51,,,,0.0,YELLOW,True,51.0,20.0,3,999.0,,0
1538,191,car,2,4,31,0.0,1.0,0.0,0.0,YELLOW,True,31.0,,3,999.0,,0
1539,207,car,2,1,50,,,,0.0,YELLOW,True,50.0,19.0,2,999.0,,0
1539,191,car,2,4,31,0.0,1.0,0.0,0.0,YELLOW,True,31.0,,2,999.0,,0
1540,207,car,2,1,49,,,,0.0,YELLOW,True,49.0,18.0,2,999.0,,0
1540,191,car,2,4,31,0.0,1.0,0.0,0.0,YELLOW,True,31.0,,2,999.0,,0
1541,207,car,2,1,48,,,,0.0,YELLOW,True,48.0,17.0,2,999.0,,0
1541,191,car,2,4,31,0.0,1.0,0.0,0.0,YELLOW,True,31.0,,2,999.0,,0
1542,207,car,2,1,47,,,,0.0,YELLOW,True,47.0,16.0,2,999.0,,0
1542,191,car,2,4,31,0.0,1.0,0.0,0.0,YELLOW,True,31.0,,2,999.0,,0
1543,207,car,2,1,45,,,,0.0,YELLOW,True,45.0,14.0,2,999.0,,0
1543,191,car,2,4,31,0.0,1.0,0.0,0.0,YELLOW,True,31.0,,2,999.0,,0
1544,207,car,2,1,45,,,,0.0,YELLOW,True,45.0,14.0,2,999.0,,0
1544,191,car,2,4,31,0.0,1.0,0.0,0.0,YELLOW,True,31.0,,2,999.0,,0
1545,207,car,2,1,44,,,,0.0,YELLOW,True,44.0,13.0,2,999.0,,0
1545,191,car,2,4,31,0.0,1.0,0.0,0.0,YELLOW,True,31.0,,2,999.0,,0
1546,191,car,2,4,31,0.0,1.0,0.0,0.0,YELLOW,True,31.0,,2,999.0,,0
1546,207,car,2,1,43,13.0,0.5,93.6,26.0,YELLOW,True,43.0,12.0,2,1.6538461538461535,,1
1547,191,car,2,4,31,0.0,1.0,0.0,0.0,YELLOW,True,31.0,,2,999.0,,0
1547,207,car,2,1,42,14.0,0.5384615384615384,93.6,26.0,YELLOW,True,42.0,11.0,2,1.6153846153846154,,1
1548,191,car,2,4,31,0.0,1.0,0.0,0.0,YELLOW,True,31.0,,2,999.0,,0
1548,207,car,2,1,41,15.0,0.5769230769230769,93.6,26.000000000000004,YELLOW,True,41.0,10.0,2,1.5769230769230766,,1
1549,191,car,2,4,31,0.0,1.0,0.0,0.0,YELLOW,True,31.0,,2,999.0,,0
1549,207,car,2,1,40,16.0,0.6153846153846154,93.6,26.0,YELLOW,True,40.0,9.0,2,1.5384615384615383,,1
1550,191,car,2,4,31,0.0,1.0,0.0,0.0,YELLOW,True,31.0,,2,999.0,,0
1550,207,car,2,1,40,16.0,0.6538461538461539,88.09411764705882,24.47058823529412,YELLOW,True,40.0,9.0,2,1.6346153846153848,,1
1551,191,car,2,4,31,0.0,1.0,0.0,0.0,YELLOW,True,31.0,,2,999.0,,0
1551,207,car,2,1,37,19.0,0.6923076923076923,98.8,27.444444444444446,YELLOW,True,37.0,6.0,2,1.3481781376518218,,0
1552,191,car,2,4,31,0.0,1.0,0.0,0.0,YELLOW,True,31.0,,1,999.0,,0
1553,191,car,2,4,31,0.0,1.0,0.0,0.0,YELLOW,True,31.0,,2,999.0,,0
1553,207,car,2,1,35,21.0,0.7307692307692307,103.45263157894738,28.73684210526316,YELLOW,True,35.0,4.0,2,1.2179487179487178,,0
1554,207,car,2,1,34,22.0,0.7692307692307693,102.96,28.6,YELLOW,True,34.0,3.0,2,1.188811188811189,,0
1554,191,car,2,4,31,0.0,1.0,0.0,0.0,YELLOW,True,31.0,,2,999.0,,0
1555,207,car,2,1,33,23.0,0.8076923076923077,102.5142857142857,28.476190476190474,YELLOW,True,33.0,1.0,3,1.1588628762541806,,0
1555,191,car,2,4,31,0.0,1.0,0.0,0.0,YELLOW,True,31.0,,3,999.0,,0
1555,208,truck,7,1,32,,,,0.0,YELLOW,True,32.0,1.0,3,999.0,,0
1556,207,car,2,1,32,24.0,0.8461538461538461,102.10909090909092,28.363636363636363,YELLOW,True,32.0,1.0,2,1.1282051282051282,,0
1556,191,car,2,4,31,0.0,1.0,0.0,0.0,YELLOW,True,31.0,,2,999.0,,0
1557,207,car,2,1,31,25.0,0.8846153846153846,101.7391304347826,28.26086956521739,YELLOW,True,31.0,,2,1.096923076923077,,0
1557,191,car,2,4,31,0.0,1.0,0.0,0.0,YELLOW,True,31.0,,2,999.0,,0
1558,209,car,2,3,58,,,,0.0,YELLOW,True,58.0,27.0,3,999.0,,0
1558,191,car,2,4,31,0.0,1.0,0.0,0.0,YELLOW,True,31.0,2.0,3,999.0,,0
1558,207,car,2,1,29,27.0,0.9230769230769232,105.3,29.25,YELLOW,True,29.0,,3,0.9914529914529916,,0
1559,209,car,2,3,57,,,,0.0,YELLOW,True,57.0,26.0,3,999.0,,0
1559,191,car,2,4,31,1.0,1.0,3.6,1.0,YELLOW,True,31.0,4.0,3,31.0,,0
1559,207,car,2,1,27,29.0,0.9615384615384616,108.576,30.16,YELLOW,True,27.0,,3,0.8952254641909815,,0
1560,209,car,2,3,57,,,,0.0,YELLOW,True,57.0,26.0,3,999.0,,0
1560,191,car,2,4,31,1.0,1.0,3.6,1.0,YELLOW,True,31.0,4.0,3,31.0,,0
1560,207,car,2,1,27,29.0,1.0,104.4,29.0,YELLOW,True,27.0,,3,0.9310344827586208,,0
1561,209,car,2,3,56,,,,0.0,YELLOW,True,56.0,25.0,3,999.0,,0
1561,191,car,2,4,31,0.0,1.0,0.0,0.0,YELLOW,True,31.0,5.0,3,999.0,,0
1561,207,car,2,1,26,30.0,1.0,108.0,30.0,YELLOW,True,26.0,,3,0.8666666666666667,,0
1562,209,car,2,3,55,,,,0.0,YELLOW,True,55.0,24.0,3,999.0,,0
1562,191,car,2,4,31,0.0,1.0,0.0,0.0,YELLOW,True,31.0,7.0,3,999.0,,0
1562,207,car,2,1,24,30.0,1.0,108.0,30.0,YELLOW,True,24.0,,3,0.8,,0
1563,209,car,2,3,55,,,,0.0,YELLOW,True,55.0,24.0,3,999.0,,0
1563,191,car,2,4,31,0.0,1.0,0.0,0.0,YELLOW,True,31.0,6.0,3,999.0,,0
1563,207,car,2,1,25,28.0,1.0,100.8,28.0,YELLOW,True,25.0,,3,0.8928571428571429,,0
1564,209,car,2,3,54,,,,0.0,YELLOW,True,54.0,23.0,3,999.0,,0
1564,191,car,2,4,31,0.0,1.0,0.0,0.0,YELLOW,True,31.0,7.0,3,999.0,,0
1564,207,car,2,1,24,28.0,1.0,100.8,28.0,YELLOW,True,24.0,,3,0.8571428571428571,,0
1565,209,car,2,3,54,,,,0.0,YELLOW,True,54.0,23.0,2,999.0,,0
1565,191,car,2,4,31,0.0,1.0,0.0,0.0,YELLOW,True,31.0,,2,999.0,,0
1566,209,car,2,3,53,,,,0.0,YELLOW,True,53.0,22.0,3,999.0,,0
1566,191,car,2,4,31,0.0,1.0,0.0,0.0,YELLOW,True,31.0,12.0,3,999.0,,0
1566,207,car,2,1,19,31.0,1.0,111.6,31.0,YELLOW,True,19.0,,3,0.6129032258064516,,0
1567,209,car,2,3,53,,,,0.0,YELLOW,True,53.0,22.0,3,999.0,,0
1567,191,car,2,4,31,0.0,1.0,0.0,0.0,YELLOW,True,31.0,12.0,3,999.0,,0
1567,207,car,2,1,19,30.0,1.0,108.0,30.0,YELLOW,True,19.0,,3,0.6333333333333333,,0
1568,209,car,2,3,53,,,,0.0,YELLOW,True,53.0,22.0,3,999.0,,0
1568,191,car,2,4,31,0.0,1.0,0.0,0.0,YELLOW,True,31.0,12.0,3,999.0,,0
1568,207,car,2,1,19,29.0,1.0,104.4,29.0,YELLOW,True,19.0,,3,0.6551724137931034,,0
1569,209,car,2,3,52,,,,0.0,YELLOW,True,52.0,21.0,3,999.0,,0
1569,191,car,2,4,31,0.0,1.0,0.0,0.0,YELLOW,True,31.0,14.0,3,999.0,,0
1569,207,car,2,1,17,30.0,1.0,108.0,30.0,YELLOW,True,17.0,,3,0.5666666666666667,,0
1570,209,car,2,3,52,6.0,0.5,43.2,12.0,YELLOW,True,52.0,21.0,2,4.333333333333333,,0
1570,191,car,2,4,31,0.0,1.0,0.0,0.0,YELLOW,True,31.0,,2,999.0,,0
1571,209,car,2,3,52,6.0,0.5384615384615384,40.11428571428572,11.142857142857144,YELLOW,True,52.0,21.0,2,4.666666666666666,,0
1571,191,car,2,4,31,0.0,1.0,0.0,0.0,YELLOW,True,31.0,,2,999.0,,0
1572,209,car,2,3,51,7.0,0.5769230769230769,43.68000000000001,12.133333333333336,YELLOW,True,51.0,20.0,2,4.203296703296703,,0
1572,191,car,2,4,31,0.0,1.0,0.0,0.0,YELLOW,True,31.0,,2,999.0,,0
1573,209,car,2,3,51,7.0,0.6153846153846154,40.95,11.375,YELLOW,True,51.0,20.0,2,4.483516483516484,,0
1573,191,car,2,4,31,0.0,1.0,0.0,0.0,YELLOW,True,31.0,,2,999.0,,0
1574,209,car,2,3,50,8.0,0.6538461538461539,44.04705882352941,12.235294117647058,YELLOW,True,50.0,19.0,2,4.086538461538462,,0
1574,191,car,2,4,31,0.0,1.0,0.0,0.0,YELLOW,True,31.0,,2,999.0,,0
1575,209,car,2,3,49,9.0,0.6923076923076923,46.8,13.0,GREEN,False,49.0,18.0,2,3.769230769230769,,0
1575,191,car,2,4,31,0.0,1.0,0.0,0.0,GREEN,False,31.0,,2,999.0,,0
1576,191,car,2,4,31,0.0,1.0,0.0,0.0,GREEN,False,31.0,,2,999.0,,0
1576,209,car,2,3,49,9.0,0.7307692307692307,44.33684210526316,12.31578947368421,GREEN,False,49.0,18.0,2,3.978632478632479,,0
1577,191,car,2,4,31,0.0,1.0,0.0,0.0,GREEN,False,31.0,,2,999.0,,0
1577,209,car,2,4,48,10.0,0.7692307692307693,46.8,13.0,GREEN,False,48.0,17.0,2,3.692307692307693,,0
1578,209,car,2,3,49,9.0,0.8076923076923077,40.114285714285714,11.142857142857142,GREEN,False,49.0,18.0,2,4.397435897435898,,0
1578,191,car,2,4,31,0.0,1.0,0.0,0.0,GREEN,False,31.0,,2,999.0,,0
1579,209,car,2,3,48,10.0,0.8461538461538461,42.54545454545455,11.818181818181818,GREEN,False,48.0,17.0,2,4.061538461538461,,0
1579,191,car,2,4,31,0.0,1.0,0.0,0.0,GREEN,False,31.0,,2,999.0,,0
1580,209,car,2,3,48,10.0,0.8846153846153846,40.69565217391305,11.304347826086955,GREEN,False,48.0,,1,4.246153846153846,,0
1581,209,car,2,3,48,10.0,0.9230769230769232,39.0,10.833333333333332,GREEN,False,48.0,,1,4.430769230769231,,0
1582,209,car,2,3,49,9.0,0.9615384615384616,33.696,9.36,GREEN,False,49.0,19.0,2,5.235042735042735,,0
1582,191,car,2,4,30,1.0,1.0,3.6,1.0,GREEN,False,30.0,,2,30.0,,0
1583,214,car,0,7,48,,,,0.0,GREEN,False,48.0,1.0,3,999.0,,0
1583,209,car,2,3,47,11.0,1.0,39.6,11.0,GREEN,False,47.0,17.0,3,4.2727272727272725,,0
1583,191,car,2,4,30,1.0,1.0,3.6,1.0,GREEN,False,30.0,,3,30.0,,0
1584,209,car,2,3,47,10.0,1.0,36.0,10.0,GREEN,False,47.0,1.0,3,4.7,,0
1584,191,car,2,4,29,2.0,1.0,7.2,2.0,GREEN,False,29.0,,3,14.5,,0
1584,214,car,0,7,46,,,,0.0,GREEN,False,46.0,17.0,3,999.0,,0
1585,209,car,2,3,47,10.0,1.0,36.0,10.0,GREEN,False,47.0,1.0,3,4.7,,0
1585,214,car,0,7,46,,,,0.0,GREEN,False,46.0,18.0,3,999.0,,0
1585,191,car,2,4,28,3.0,1.0,10.8,3.0,GREEN,False,28.0,,3,9.333333333333334,,0
1586,209,car,2,3,47,9.0,1.0,32.4,9.0,GREEN,False,47.0,1.0,3,5.222222222222222,,0
1586,214,car,0,7,46,,,,0.0,GREEN,False,46.0,18.0,3,999.0,,0
1586,191,car,2,4,28,3.0,1.0,10.8,3.0,GREEN,False,28.0,,3,9.333333333333334,,0
1587,214,car,0,7,44,,,,0.0,GREEN,False,44.0,15.0,3,999.0,,0
1587,209,car,2,3,46,9.0,1.0,32.4,9.0,GREEN,False,46.0,2.0,3,5.111111111111111,,0
1587,191,car,2,4,29,2.0,1.0,7.2,2.0,GREEN,False,29.0,,3,14.5,,0
1588,209,car,2,3,47,8.0,1.0,28.8,8.0,GREEN,False,47.0,5.0,3,5.875,,0
1588,191,car,2,4,28,3.0,1.0,10.8,3.0,GREEN,False,28.0,,3,9.333333333333334,,0
1588,214,car,0,7,42,,,,0.0,GREEN,False,42.0,14.0,3,999.0,,0
1589,214,car,0,7,43,,,,0.0,GREEN,False,43.0,14.0,3,999.0,,0
1589,209,car,2,3,46,8.0,1.0,28.8,8.0,GREEN,False,46.0,3.0,3,5.75,,0
1589,191,car,2,4,29,2.0,1.0,7.2,2.0,GREEN,False,29.0,,3,14.5,,0
1590,209,car,2,3,45,9.0,1.0,32.4,9.0,GREEN,False,45.0,17.0,2,5.0,,0
1590,191,car,2,4,28,3.0,1.0,10.8,3.0,GREEN,False,28.0,,2,9.333333333333334,,0
1591,209,car,2,3,46,7.0,1.0,25.2,7.0,GREEN,False,46.0,,1,6.571428571428571,,0
1592,209,car,2,3,45,8.0,1.0,28.8,8.0,GREEN,False,45.0,,1,5.625,,0
1594,209,car,2,3,44,9.0,1.0,32.4,9.0,GREEN,False,44.0,16.0,2,4.888888888888889,,0
1594,191,car,2,4,28,3.0,1.0,10.8,3.0,GREEN,False,28.0,,2,9.333333333333334,,0
1595,209,car,2,3,44,8.0,1.0,28.8,8.0,GREEN,False,44.0,16.0,2,5.5,,0
1595,191,car,2,4,28,3.0,1.0,10.8,3.0,GREEN,False,28.0,,2,9.333333333333334,,0
1596,209,car,2,3,44,8.0,1.0,28.8,8.0,GREEN,False,44.0,16.0,2,5.5,,0
1596,191,car,2,4,28,3.0,1.0,10.8,3.0,GREEN,False,28.0,,2,9.333333333333334,,0
1597,209,car,2,3,44,8.0,1.0,28.8,8.0,GREEN,False,44.0,16.0,2,5.5,,0
1597,191,car,2,4,28,3.0,1.0,10.8,3.0,GREEN,False,28.0,,2,9.333333333333334,,0
1598,191,car,2,4,29,2.0,1.0,7.2,2.0,GREEN,False,29.0,,2,14.5,,0
1598,209,car,2,3,44,7.0,1.0,25.2,7.0,GREEN,False,44.0,15.0,2,6.285714285714286,,0
1599,209,car,2,3,44,7.0,1.0,25.2,7.0,GREEN,False,44.0,14.0,2,6.285714285714286,,0
1599,191,car,2,4,30,1.0,1.0,3.6,1.0,GREEN,False,30.0,,2,30.0,,0
1600,209,car,2,3,44,6.0,1.0,21.6,6.0,GREEN,False,44.0,14.0,2,7.333333333333333,,0
1600,191,car,2,4,30,1.0,1.0,3.6,1.0,GREEN,False,30.0,,2,30.0,,0
1601,209,car,2,3,44,5.0,1.0,18.0,5.0,GREEN,False,44.0,14.0,2,8.8,,0
1601,191,car,2,4,30,1.0,1.0,3.6,1.0,GREEN,False,30.0,,2,30.0,,0
1602,209,car,2,3,44,5.0,1.0,18.0,5.0,GREEN,False,44.0,14.0,2,8.8,,0
1602,191,car,2,4,30,1.0,1.0,3.6,1.0,GREEN,False,30.0,,2,30.0,,0
1603,209,car,2,3,43,5.0,1.0,18.0,5.0,GREEN,False,43.0,13.0,2,8.6,,0
1603,191,car,2,4,30,1.0,1.0,3.6,1.0,GREEN,False,30.0,,2,30.0,,0
1604,209,car,2,3,43,6.0,1.0,21.6,6.0,GREEN,False,43.0,13.0,2,7.166666666666667,,0
1604,191,car,2,4,30,1.0,1.0,3.6,1.0,GREEN,False,30.0,,2,30.0,,0
1605,209,car,2,3,43,5.0,1.0,18.0,5.0,GREEN,False,43.0,14.0,2,8.6,,0
1605,191,car,2,4,29,2.0,1.0,7.2,2.0,GREEN,False,29.0,,2,14.5,,0
1606,209,car,2,3,43,5.0,1.0,18.0,5.0,GREEN,False,43.0,14.0,2,8.6,,0
1606,191,car,2,4,29,2.0,1.0,7.2,2.0,GREEN,False,29.0,,2,14.5,,0
1607,209,car,2,3,43,5.0,1.0,18.0,5.0,GREEN,False,43.0,14.0,2,8.6,,0
1607,191,car,2,4,29,2.0,1.0,7.2,2.0,GREEN,False,29.0,,2,14.5,,0
1608,209,car,2,3,42,7.0,1.0,25.2,7.0,GREEN,False,42.0,12.0,2,6.0,,0
1608,191,car,2,4,30,1.0,1.0,3.6,1.0,GREEN,False,30.0,,2,30.0,,0
1609,209,car,2,3,42,5.0,1.0,18.0,5.0,GREEN,False,42.0,13.0,2,8.4,,0
1609,191,car,2,4,29,2.0,1.0,7.2,2.0,GREEN,False,29.0,,2,14.5,,0
1610,209,car,2,3,42,5.0,1.0,18.0,5.0,GREEN,False,42.0,,1,8.4,,0
1611,209,car,2,3,42,5.0,1.0,18.0,5.0,GREEN,False,42.0,12.0,2,8.4,,0
1611,191,car,2,4,30,0.0,1.0,0.0,0.0,GREEN,False,30.0,,2,999.0,,0
1612,209,car,2,3,42,5.0,1.0,18.0,5.0,GREEN,False,42.0,,1,8.4,,0
1613,209,car,2,3,42,4.0,1.0,14.4,4.0,GREEN,False,42.0,,1,10.5,,0
1614,209,car,2,3,41,6.0,1.0,21.6,6.0,GREEN,False,41.0,,1,6.833333333333333,,0
1615,209,car,2,3,41,5.0,1.0,18.0,5.0,GREEN,False,41.0,,1,8.2,,0
1616,209,car,2,3,41,4.0,1.0,14.4,4.0,GREEN,False,41.0,,1,10.25,,0
1617,209,car,2,3,41,5.0,1.0,18.0,5.0,GREEN,False,41.0,,1,8.2,,0
1618,209,car,2,3,41,4.0,1.0,14.4,4.0,GREEN,False,41.0,,1,10.25,,0
1619,209,car,2,3,41,3.0,1.0,10.8,3.0,YELLOW,True,41.0,,1,13.666666666666666,,0
1620,209,car,2,3,41,3.0,1.0,10.8,3.0,GREEN,False,41.0,,1,13.666666666666666,,0
1621,209,car,2,3,41,3.0,1.0,10.8,3.0,YELLOW,True,41.0,,1,13.666666666666666,,0
1622,209,car,2,3,41,3.0,1.0,10.8,3.0,YELLOW,True,41.0,,1,13.666666666666666,,0
1623,209,car,2,3,41,3.0,1.0,10.8,3.0,YELLOW,True,41.0,,1,13.666666666666666,,0
1624,209,car,2,3,40,4.0,1.0,14.4,4.0,YELLOW,True,40.0,,1,10.0,,0
1625,209,car,2,3,40,4.0,1.0,14.4,4.0,YELLOW,True,40.0,,1,10.0,,0
1626,209,car,2,3,40,4.0,1.0,14.4,4.0,YELLOW,True,40.0,,1,10.0,,0
1627,209,car,2,3,40,4.0,1.0,14.4,4.0,YELLOW,True,40.0,,1,10.0,,0
1628,209,car,2,3,40,3.0,1.0,10.8,3.0,YELLOW,True,40.0,,1,13.333333333333334,,0
1629,209,car,2,3,40,3.0,1.0,10.8,3.0,YELLOW,True,40.0,,1,13.333333333333334,,0
1630,209,car,2,3,40,3.0,1.0,10.8,3.0,YELLOW,True,40.0,,1,13.333333333333334,,0
1631,209,car,2,3,40,3.0,1.0,10.8,3.0,YELLOW,True,40.0,,1,13.333333333333334,,0
1632,209,car,2,3,40,3.0,1.0,10.8,3.0,YELLOW,True,40.0,,1,13.333333333333334,,0
1633,209,car,2,3,40,2.0,1.0,7.2,2.0,YELLOW,True,40.0,,1,20.0,,0
1634,209,car,2,3,40,2.0,1.0,7.2,2.0,YELLOW,True,40.0,,1,20.0,,0
1635,209,car,2,3,40,2.0,1.0,7.2,2.0,YELLOW,True,40.0,,1,20.0,,0
1636,209,car,2,3,40,2.0,1.0,7.2,2.0,YELLOW,True,40.0,,1,20.0,,0
1637,209,car,2,3,40,2.0,1.0,7.2,2.0,YELLOW,True,40.0,,1,20.0,,0
1638,209,car,2,3,40,2.0,1.0,7.2,2.0,YELLOW,True,40.0,,1,20.0,,0
1639,209,car,2,3,40,1.0,1.0,3.6,1.0,YELLOW,True,40.0,,1,40.0,,0
1640,209,car,2,3,40,1.0,1.0,3.6,1.0,YELLOW,True,40.0,,1,40.0,,0
1641,209,car,2,3,40,1.0,1.0,3.6,1.0,YELLOW,True,40.0,,1,40.0,,0
1642,209,car,2,3,40,1.0,1.0,3.6,1.0,YELLOW,True,40.0,,1,40.0,,0
1643,209,car,2,3,40,1.0,1.0,3.6,1.0,YELLOW,True,40.0,,1,40.0,,0
1644,209,car,2,3,40,1.0,1.0,3.6,1.0,YELLOW,True,40.0,,1,40.0,,0
1645,209,car,2,3,40,1.0,1.0,3.6,1.0,YELLOW,True,40.0,,1,40.0,,0
1646,209,car,2,3,40,1.0,1.0,3.6,1.0,YELLOW,True,40.0,,1,40.0,,0
1647,209,car,2,3,40,1.0,1.0,3.6,1.0,YELLOW,True,40.0,,1,40.0,,0
1648,209,car,2,3,40,1.0,1.0,3.6,1.0,YELLOW,True,40.0,,1,40.0,,0
1649,209,car,2,3,40,0.0,1.0,0.0,0.0,YELLOW,True,40.0,,1,999.0,,0
1650,209,car,2,3,40,0.0,1.0,0.0,0.0,YELLOW,True,40.0,,1,999.0,,0
1651,209,car,2,3,40,0.0,1.0,0.0,0.0,YELLOW,True,40.0,,1,999.0,,0
1652,209,car,2,3,40,0.0,1.0,0.0,0.0,YELLOW,True,40.0,,1,999.0,,0
1653,209,car,2,3,40,0.0,1.0,0.0,0.0,YELLOW,True,40.0,,1,999.0,,0
1654,209,car,2,3,40,0.0,1.0,0.0,0.0,YELLOW,True,40.0,,1,999.0,,0
1655,209,car,2,3,40,0.0,1.0,0.0,0.0,YELLOW,True,40.0,,1,999.0,,0
1656,209,car,2,3,40,0.0,1.0,0.0,0.0,YELLOW,True,40.0,,1,999.0,,0
1657,209,car,2,3,40,0.0,1.0,0.0,0.0,YELLOW,True,40.0,,1,999.0,,0
1658,209,car,2,3,40,0.0,1.0,0.0,0.0,YELLOW,True,40.0,,1,999.0,,0
1659,209,car,2,3,40,0.0,1.0,0.0,0.0,YELLOW,True,40.0,,1,999.0,,0
1660,209,car,2,3,40,0.0,1.0,0.0,0.0,YELLOW,True,40.0,,1,999.0,,0
1661,209,car,2,3,40,0.0,1.0,0.0,0.0,YELLOW,True,40.0,,1,999.0,,0
1662,209,car,2,3,40,0.0,1.0,0.0,0.0,YELLOW,True,40.0,,1,999.0,,0
1668,209,car,2,3,40,0.0,1.0,0.0,0.0,YELLOW,True,40.0,,1,999.0,,0
1669,209,car,2,3,40,0.0,1.0,0.0,0.0,YELLOW,True,40.0,,1,999.0,,0
1671,209,car,2,3,40,0.0,1.0,0.0,0.0,YELLOW,True,40.0,,1,999.0,,0
1672,209,car,2,3,40,0.0,1.0,0.0,0.0,YELLOW,True,40.0,,1,999.0,,0
1676,209,car,2,3,40,0.0,1.0,0.0,0.0,YELLOW,True,40.0,,1,999.0,,0
1677,209,car,2,3,40,0.0,1.0,0.0,0.0,YELLOW,True,40.0,,1,999.0,,0
1678,209,car,2,3,40,0.0,1.0,0.0,0.0,YELLOW,True,40.0,,1,999.0,,0
1679,209,car,2,3,40,0.0,1.0,0.0,0.0,YELLOW,True,40.0,,1,999.0,,0
1680,209,car,2,3,40,0.0,1.0,0.0,0.0,YELLOW,True,40.0,,1,999.0,,0
1681,209,car,2,3,40,0.0,1.0,0.0,0.0,YELLOW,True,40.0,,1,999.0,,0
1683,209,car,2,3,40,0.0,1.0,0.0,0.0,YELLOW,True,40.0,,1,999.0,,0
1684,209,car,2,3,40,0.0,1.0,0.0,0.0,YELLOW,True,40.0,,1,999.0,,0
1685,209,car,2,3,40,0.0,1.0,0.0,0.0,YELLOW,True,40.0,,1,999.0,,0
1686,209,car,2,3,40,0.0,1.0,0.0,0.0,YELLOW,True,40.0,,1,999.0,,0
1687,209,car,2,3,40,0.0,1.0,0.0,0.0,YELLOW,True,40.0,,1,999.0,,0
1688,209,car,2,3,40,0.0,1.0,0.0,0.0,YELLOW,True,40.0,,1,999.0,,0
1689,209,car,2,3,40,0.0,1.0,0.0,0.0,YELLOW,True,40.0,,1,999.0,,0
1690,222,motorcycle,3,7,56,,,,0.0,YELLOW,True,56.0,16.0,2,999.0,,0
1690,209,car,2,3,40,0.0,1.0,0.0,0.0,YELLOW,True,40.0,,2,999.0,,0
1691,222,motorcycle,3,7,55,,,,0.0,YELLOW,True,55.0,4.0,3,999.0,,0
1691,223,car,0,8,51,,,,0.0,YELLOW,True,51.0,11.0,3,999.0,,0
1691,209,car,2,3,40,0.0,1.0,0.0,0.0,YELLOW,True,40.0,,3,999.0,,0
1692,222,motorcycle,3,7,54,,,,0.0,YELLOW,True,54.0,14.0,2,999.0,,0
1692,209,car,2,3,40,0.0,1.0,0.0,0.0,YELLOW,True,40.0,,2,999.0,,0
1693,222,motorcycle,3,7,54,,,,0.0,YELLOW,True,54.0,14.0,2,999.0,,0
1693,209,car,2,3,40,0.0,1.0,0.0,0.0,YELLOW,True,40.0,,2,999.0,,0
1694,222,motorcycle,3,7,53,,,,0.0,YELLOW,True,53.0,2.0,3,999.0,,0
1694,225,car,0,7,51,,,,0.0,YELLOW,True,51.0,11.0,3,999.0,,0
1694,209,car,2,3,40,0.0,1.0,0.0,0.0,YELLOW,True,40.0,,3,999.0,,0
1695,222,motorcycle,3,7,52,,,,0.0,YELLOW,True,52.0,12.0,2,999.0,,0
1695,209,car,2,3,40,0.0,1.0,0.0,0.0,YELLOW,True,40.0,,2,999.0,,0
1696,222,motorcycle,3,7,52,,,,0.0,YELLOW,True,52.0,12.0,2,999.0,,0
1696,209,car,2,3,40,0.0,1.0,0.0,0.0,YELLOW,True,40.0,,2,999.0,,0
1697,222,motorcycle,3,7,51,,,,0.0,YELLOW,True,51.0,11.0,2,999.0,,0
1697,209,car,2,3,40,0.0,1.0,0.0,0.0,YELLOW,True,40.0,,2,999.0,,0
1698,222,motorcycle,3,7,51,,,,0.0,YELLOW,True,51.0,11.0,2,999.0,,0
1698,209,car,2,3,40,0.0,1.0,0.0,0.0,YELLOW,True,40.0,,2,999.0,,0
1699,222,motorcycle,3,7,50,,,,0.0,YELLOW,True,50.0,2.0,2,999.0,,0
1699,227,car,0,7,48,,,,0.0,YELLOW,True,48.0,,2,999.0,,0
1700,222,motorcycle,3,7,49,,,,0.0,YELLOW,True,49.0,2.0,2,999.0,,0
1700,227,car,0,7,47,,,,0.0,YELLOW,True,47.0,,2,999.0,,0
1701,222,motorcycle,3,7,49,,,,0.0,YELLOW,True,49.0,3.0,2,999.0,,0
1701,227,car,0,7,46,,,,0.0,YELLOW,True,46.0,,2,999.0,,0
1703,227,car,0,7,45,,,,0.0,YELLOW,True,45.0,,2,999.0,,0
1703,222,motorcycle,3,7,47,9.0,0.5,64.8,18.0,YELLOW,True,47.0,2.0,2,2.611111111111111,,0
1704,209,car,2,3,40,0.0,1.0,0.0,0.0,YELLOW,True,40.0,,1,999.0,,0
1705,209,car,2,3,40,0.0,1.0,0.0,0.0,YELLOW,True,40.0,,3,999.0,,0
1705,222,motorcycle,3,7,45,11.0,0.5384615384615384,73.54285714285716,20.42857142857143,YELLOW,True,45.0,3.0,3,2.2027972027972025,,0
1705,227,car,0,7,42,,,,0.0,YELLOW,True,42.0,2.0,3,999.0,,0
1706,222,motorcycle,3,7,45,11.0,0.5769230769230769,68.64000000000001,19.06666666666667,YELLOW,True,45.0,2.0,3,2.3601398601398595,,0
1706,227,car,0,7,43,,,,0.0,YELLOW,True,43.0,3.0,3,999.0,,0
1706,209,car,2,3,40,0.0,1.0,0.0,0.0,YELLOW,True,40.0,,3,999.0,,0
1707,222,motorcycle,3,7,45,11.0,0.6153846153846154,64.35000000000001,17.875,YELLOW,True,45.0,2.0,3,2.517482517482517,,0
1707,227,car,0,7,43,,,,0.0,YELLOW,True,43.0,3.0,3,999.0,,0
1707,209,car,2,3,40,0.0,1.0,0.0,0.0,YELLOW,True,40.0,,3,999.0,,0
1708,209,car,2,3,40,0.0,1.0,0.0,0.0,YELLOW,True,40.0,,1,999.0,,0
1709,209,car,2,3,40,0.0,1.0,0.0,0.0,YELLOW,True,40.0,,1,999.0,,0
1712,228,motorcycle,3,6,42,,,,0.0,YELLOW,True,42.0,,1,999.0,,0
1713,228,motorcycle,3,6,42,,,,0.0,YELLOW,True,42.0,,1,999.0,,0
1714,228,motorcycle,3,6,41,,,,0.0,YELLOW,True,41.0,,1,999.0,,0
1715,228,motorcycle,3,6,41,,,,0.0,YELLOW,True,41.0,1.0,2,999.0,,0
1715,209,car,2,3,40,0.0,1.0,0.0,0.0,YELLOW,True,40.0,,2,999.0,,0
1716,209,car,2,3,40,0.0,1.0,0.0,0.0,YELLOW,True,40.0,,2,999.0,,0
1716,228,motorcycle,3,6,40,,,,0.0,YELLOW,True,40.0,,2,999.0,,0
1717,209,car,2,3,40,0.0,1.0,0.0,0.0,YELLOW,True,40.0,,2,999.0,,0
1717,228,motorcycle,3,6,40,,,,0.0,YELLOW,True,40.0,,2,999.0,,0
1718,209,car,2,3,40,0.0,1.0,0.0,0.0,YELLOW,True,40.0,1.0,2,999.0,,0
1718,228,motorcycle,3,6,39,,,,0.0,YELLOW,True,39.0,,2,999.0,,0
1719,209,car,2,3,40,0.0,1.0,0.0,0.0,YELLOW,True,40.0,2.0,2,999.0,,0
1719,228,motorcycle,3,6,38,,,,0.0,YELLOW,True,38.0,,2,999.0,,0
1720,228,motorcycle,3,6,38,,,,0.0,YELLOW,True,38.0,,2,999.0,,0
1720,209,car,2,3,40,0.0,1.0,0.0,0.0,YELLOW,True,40.0,2.0,2,999.0,,0
1721,228,motorcycle,3,6,37,,,,0.0,YELLOW,True,37.0,4.0,3,999.0,,0
1721,232,car,0,7,33,,,,0.0,YELLOW,True,33.0,,3,999.0,,0
1721,209,car,2,3,40,0.0,1.0,0.0,0.0,YELLOW,True,40.0,3.0,3,999.0,,0
1722,228,motorcycle,3,7,37,,,,0.0,YELLOW,True,37.0,4.0,3,999.0,,0
1722,209,car,2,3,40,0.0,1.0,0.0,0.0,YELLOW,True,40.0,3.0,3,999.0,,0
1722,232,car,0,7,33,,,,0.0,YELLOW,True,33.0,,3,999.0,,0
1723,209,car,2,3,40,0.0,1.0,0.0,0.0,YELLOW,True,40.0,,1,999.0,,0
1724,228,motorcycle,3,6,36,,,,0.0,YELLOW,True,36.0,5.0,3,999.0,,0
1724,209,car,2,3,40,0.0,1.0,0.0,0.0,YELLOW,True,40.0,4.0,3,999.0,,0
1724,232,car,0,7,31,,,,0.0,YELLOW,True,31.0,,3,999.0,,0
1725,209,car,2,3,40,0.0,1.0,0.0,0.0,YELLOW,True,40.0,,1,999.0,,0
1726,209,car,2,3,40,0.0,1.0,0.0,0.0,YELLOW,True,40.0,,1,999.0,,0
1727,209,car,2,3,40,0.0,1.0,0.0,0.0,YELLOW,True,40.0,,1,999.0,,0
1728,209,car,2,3,40,0.0,1.0,0.0,0.0,YELLOW,True,40.0,,1,999.0,,0
1729,209,car,2,3,40,0.0,1.0,0.0,0.0,YELLOW,True,40.0,7.0,2,999.0,,0
1729,228,car,2,6,33,9.0,0.5,64.8,18.0,YELLOW,True,33.0,,2,1.8333333333333333,,0
1730,209,car,2,3,40,0.0,1.0,0.0,0.0,YELLOW,True,40.0,,1,999.0,,0
1731,209,car,2,3,40,0.0,1.0,0.0,0.0,YELLOW,True,40.0,,1,999.0,,0
1732,209,car,2,3,40,0.0,1.0,0.0,0.0,YELLOW,True,40.0,,1,999.0,,0
1733,209,car,2,3,40,0.0,1.0,0.0,0.0,YELLOW,True,40.0,,1,999.0,,0
1734,209,car,2,3,40,0.0,1.0,0.0,0.0,YELLOW,True,40.0,,1,999.0,,0
1735,209,car,2,3,40,0.0,1.0,0.0,0.0,YELLOW,True,40.0,,1,999.0,,0
1736,209,car,2,3,40,0.0,1.0,0.0,0.0,YELLOW,True,40.0,,1,999.0,,0
1737,209,car,2,3,40,0.0,1.0,0.0,0.0,YELLOW,True,40.0,,1,999.0,,0
1738,209,car,2,3,40,0.0,1.0,0.0,0.0,YELLOW,True,40.0,,1,999.0,,0
1739,209,car,2,3,40,0.0,1.0,0.0,0.0,YELLOW,True,40.0,,1,999.0,,0
1740,209,car,2,3,40,0.0,1.0,0.0,0.0,YELLOW,True,40.0,,1,999.0,,0
1742,209,car,2,3,40,0.0,1.0,0.0,0.0,YELLOW,True,40.0,,1,999.0,,0
1743,234,car,2,7,26,,,,0.0,YELLOW,True,26.0,,1,999.0,,0
1744,234,car,2,6,26,,,,0.0,YELLOW,True,26.0,,1,999.0,,0
1745,234,car,2,6,26,,,,0.0,YELLOW,True,26.0,,2,999.0,,0
1745,209,car,2,3,40,0.0,1.0,0.0,0.0,YELLOW,True,40.0,14.0,2,999.0,,0
1746,209,car,2,3,40,0.0,1.0,0.0,0.0,YELLOW,True,40.0,,1,999.0,,0
1747,209,car,2,3,40,0.0,1.0,0.0,0.0,YELLOW,True,40.0,,1,999.0,,0
1748,209,car,2,3,40,0.0,1.0,0.0,0.0,YELLOW,True,40.0,,1,999.0,,0
1749,209,car,2,3,40,0.0,1.0,0.0,0.0,YELLOW,True,40.0,,1,999.0,,0
1750,209,car,2,3,40,0.0,1.0,0.0,0.0,YELLOW,True,40.0,,1,999.0,,0
1753,209,car,2,3,40,0.0,1.0,0.0,0.0,YELLOW,True,40.0,,1,999.0,,0
1754,209,car,2,3,40,0.0,1.0,0.0,0.0,YELLOW,True,40.0,,1,999.0,,0
